2021-09-08 00:02:50.832 [main] INFO  org.jeecg.JeecgApplication:50 - Starting JeecgApplication on FELIXY-M-D1D5 with PID 53897 (/Users/felixy/Documents/Lanqu/Codes/platform/teaching-open/api/jeecg-boot-module-system/target/classes started by felixy in /Users/felixy/Documents/Lanqu/Codes/platform/teaching-open/api)
2021-09-08 00:02:50.846 [main] INFO  org.jeecg.JeecgApplication:679 - The following profiles are active: prod
2021-09-08 00:02:53.552 [main] INFO  o.s.d.r.config.RepositoryConfigurationDelegate:244 - Multiple Spring Data modules found, entering strict repository configuration mode!
2021-09-08 00:02:53.556 [main] INFO  o.s.d.r.config.RepositoryConfigurationDelegate:126 - Bootstrapping Spring Data repositories in DEFAULT mode.
2021-09-08 00:02:53.681 [main] INFO  o.s.d.r.config.RepositoryConfigurationDelegate:182 - Finished Spring Data repository scanning in 106ms. Found 0 repository interfaces.
2021-09-08 00:02:54.209 [main] INFO  o.s.c.s.PostProcessorRegistrationDelegate$BeanPostProcessorChecker:330 - Bean 'shiroConfig' of type [org.jeecg.config.ShiroConfig$$EnhancerBySpringCGLIB$$c36bc04b] is not eligible for getting processed by all BeanPostProcessors (for example: not eligible for auto-proxying)
2021-09-08 00:02:54.328 [main] INFO  o.s.c.s.PostProcessorRegistrationDelegate$BeanPostProcessorChecker:330 - Bean 'shiroRealm' of type [org.jeecg.modules.shiro.authc.ShiroRealm] is not eligible for getting processed by all BeanPostProcessors (for example: not eligible for auto-proxying)
2021-09-08 00:02:54.391 [main] INFO  org.jeecg.config.ShiroConfig:224 - ===============(1)创建缓存管理器RedisCacheManager
2021-09-08 00:02:54.395 [main] INFO  org.jeecg.config.ShiroConfig:242 - ===============(2)创建RedisManager,连接Redis..URL= 127.0.0.1:6379
2021-09-08 00:02:54.399 [main] INFO  o.s.c.s.PostProcessorRegistrationDelegate$BeanPostProcessorChecker:330 - Bean 'redisManager' of type [org.crazycake.shiro.RedisManager] is not eligible for getting processed by all BeanPostProcessors (for example: not eligible for auto-proxying)
2021-09-08 00:02:54.405 [main] INFO  o.s.c.s.PostProcessorRegistrationDelegate$BeanPostProcessorChecker:330 - Bean 'securityManager' of type [org.apache.shiro.web.mgt.DefaultWebSecurityManager] is not eligible for getting processed by all BeanPostProcessors (for example: not eligible for auto-proxying)
2021-09-08 00:02:54.441 [main] INFO  o.s.c.s.PostProcessorRegistrationDelegate$BeanPostProcessorChecker:330 - Bean 'authorizationAttributeSourceAdvisor' of type [org.apache.shiro.spring.security.interceptor.AuthorizationAttributeSourceAdvisor] is not eligible for getting processed by all BeanPostProcessors (for example: not eligible for auto-proxying)
2021-09-08 00:02:54.545 [main] INFO  o.s.c.s.PostProcessorRegistrationDelegate$BeanPostProcessorChecker:330 - Bean 'org.springframework.transaction.annotation.ProxyTransactionManagementConfiguration' of type [org.springframework.transaction.annotation.ProxyTransactionManagementConfiguration$$EnhancerBySpringCGLIB$$a36656b5] is not eligible for getting processed by all BeanPostProcessors (for example: not eligible for auto-proxying)
2021-09-08 00:02:54.829 [main] INFO  o.s.c.s.PostProcessorRegistrationDelegate$BeanPostProcessorChecker:330 - Bean 'spring.datasource.dynamic-com.baomidou.dynamic.datasource.spring.boot.autoconfigure.DynamicDataSourceProperties' of type [com.baomidou.dynamic.datasource.spring.boot.autoconfigure.DynamicDataSourceProperties] is not eligible for getting processed by all BeanPostProcessors (for example: not eligible for auto-proxying)
2021-09-08 00:02:54.840 [main] INFO  o.s.c.s.PostProcessorRegistrationDelegate$BeanPostProcessorChecker:330 - Bean 'com.baomidou.dynamic.datasource.spring.boot.autoconfigure.DynamicDataSourceAutoConfiguration' of type [com.baomidou.dynamic.datasource.spring.boot.autoconfigure.DynamicDataSourceAutoConfiguration$$EnhancerBySpringCGLIB$$cf4c786] is not eligible for getting processed by all BeanPostProcessors (for example: not eligible for auto-proxying)
2021-09-08 00:02:54.864 [main] INFO  o.s.c.s.PostProcessorRegistrationDelegate$BeanPostProcessorChecker:330 - Bean 'dsProcessor' of type [com.baomidou.dynamic.datasource.processor.DsHeaderProcessor] is not eligible for getting processed by all BeanPostProcessors (for example: not eligible for auto-proxying)
2021-09-08 00:02:54.877 [main] INFO  o.s.c.s.PostProcessorRegistrationDelegate$BeanPostProcessorChecker:330 - Bean 'dynamicDatasourceAnnotationAdvisor' of type [com.baomidou.dynamic.datasource.aop.DynamicDataSourceAnnotationAdvisor] is not eligible for getting processed by all BeanPostProcessors (for example: not eligible for auto-proxying)
2021-09-08 00:02:54.924 [main] INFO  o.s.c.s.PostProcessorRegistrationDelegate$BeanPostProcessorChecker:330 - Bean 'spring.redis-org.springframework.boot.autoconfigure.data.redis.RedisProperties' of type [org.springframework.boot.autoconfigure.data.redis.RedisProperties] is not eligible for getting processed by all BeanPostProcessors (for example: not eligible for auto-proxying)
2021-09-08 00:02:54.936 [main] INFO  o.s.c.s.PostProcessorRegistrationDelegate$BeanPostProcessorChecker:330 - Bean 'org.springframework.boot.autoconfigure.data.redis.LettuceConnectionConfiguration' of type [org.springframework.boot.autoconfigure.data.redis.LettuceConnectionConfiguration$$EnhancerBySpringCGLIB$$b88014ff] is not eligible for getting processed by all BeanPostProcessors (for example: not eligible for auto-proxying)
2021-09-08 00:02:55.040 [main] INFO  o.s.c.s.PostProcessorRegistrationDelegate$BeanPostProcessorChecker:330 - Bean 'lettuceClientResources' of type [io.lettuce.core.resource.DefaultClientResources] is not eligible for getting processed by all BeanPostProcessors (for example: not eligible for auto-proxying)
2021-09-08 00:02:55.153 [main] INFO  o.s.c.s.PostProcessorRegistrationDelegate$BeanPostProcessorChecker:330 - Bean 'redisConnectionFactory' of type [org.springframework.data.redis.connection.lettuce.LettuceConnectionFactory] is not eligible for getting processed by all BeanPostProcessors (for example: not eligible for auto-proxying)
2021-09-08 00:02:55.172 [main] INFO  o.s.c.s.PostProcessorRegistrationDelegate$BeanPostProcessorChecker:330 - Bean 'redisConfig' of type [org.jeecg.config.RedisConfig$$EnhancerBySpringCGLIB$$e3a4795] is not eligible for getting processed by all BeanPostProcessors (for example: not eligible for auto-proxying)
2021-09-08 00:02:55.223 [main] INFO  o.s.c.s.PostProcessorRegistrationDelegate$BeanPostProcessorChecker:330 - Bean 'org.apache.shiro.spring.boot.autoconfigure.ShiroBeanAutoConfiguration' of type [org.apache.shiro.spring.boot.autoconfigure.ShiroBeanAutoConfiguration$$EnhancerBySpringCGLIB$$b67f3465] is not eligible for getting processed by all BeanPostProcessors (for example: not eligible for auto-proxying)
2021-09-08 00:02:55.232 [main] INFO  o.s.c.s.PostProcessorRegistrationDelegate$BeanPostProcessorChecker:330 - Bean 'eventBus' of type [org.apache.shiro.event.support.DefaultEventBus] is not eligible for getting processed by all BeanPostProcessors (for example: not eligible for auto-proxying)
2021-09-08 00:02:55.844 [main] INFO  o.s.boot.web.embedded.tomcat.TomcatWebServer:90 - Tomcat initialized with port(s): 8080 (http)
2021-09-08 00:02:55.859 [main] INFO  org.apache.coyote.http11.Http11NioProtocol:173 - Initializing ProtocolHandler ["http-nio-8080"]
2021-09-08 00:02:55.870 [main] INFO  org.apache.catalina.core.StandardService:173 - Starting service [Tomcat]
2021-09-08 00:02:55.870 [main] INFO  org.apache.catalina.core.StandardEngine:173 - Starting Servlet engine: [Apache Tomcat/9.0.16]
2021-09-08 00:02:55.876 [main] INFO  org.apache.catalina.core.AprLifecycleListener:173 - The APR based Apache Tomcat Native library which allows optimal performance in production environments was not found on the java.library.path: [/Users/felixy/Library/Java/Extensions:/Library/Java/Extensions:/Network/Library/Java/Extensions:/System/Library/Java/Extensions:/usr/lib/java:.]
2021-09-08 00:02:56.051 [main] INFO  o.a.c.c.ContainerBase.[Tomcat].[localhost].[/api]:173 - Initializing Spring embedded WebApplicationContext
2021-09-08 00:02:56.054 [main] INFO  org.springframework.web.context.ContextLoader:296 - Root WebApplicationContext: initialization completed in 5003 ms
2021-09-08 00:02:56.536 [main] INFO  c.b.dynamic.datasource.DynamicDataSourceCreator:113 - 动态数据源-检测到druid存在,如配置中未指定type,druid会默认配置
2021-09-08 00:02:57.020 [main] ERROR com.alibaba.druid.pool.DruidDataSource:936 - init datasource error, url: jdbc:mysql://teacher_mysql:3306/teachingopen?characterEncoding=UTF-8&useUnicode=true&useSSL=false&tinyInt1isBit=false
com.mysql.jdbc.exceptions.jdbc4.CommunicationsException: Communications link failure

The last packet sent successfully to the server was 0 milliseconds ago. The driver has not received any packets from the server.
	at java.base/jdk.internal.reflect.NativeConstructorAccessorImpl.newInstance0(Native Method)
	at java.base/jdk.internal.reflect.NativeConstructorAccessorImpl.newInstance(NativeConstructorAccessorImpl.java:78)
	at java.base/jdk.internal.reflect.DelegatingConstructorAccessorImpl.newInstance(DelegatingConstructorAccessorImpl.java:45)
	at java.base/java.lang.reflect.Constructor.newInstanceWithCaller(Constructor.java:499)
	at java.base/java.lang.reflect.Constructor.newInstance(Constructor.java:480)
	at com.mysql.jdbc.Util.handleNewInstance(Util.java:425)
	at com.mysql.jdbc.SQLError.createCommunicationsException(SQLError.java:990)
	at com.mysql.jdbc.MysqlIO.<init>(MysqlIO.java:342)
	at com.mysql.jdbc.ConnectionImpl.coreConnect(ConnectionImpl.java:2197)
	at com.mysql.jdbc.ConnectionImpl.connectOneTryOnly(ConnectionImpl.java:2230)
	at com.mysql.jdbc.ConnectionImpl.createNewIO(ConnectionImpl.java:2025)
	at com.mysql.jdbc.ConnectionImpl.<init>(ConnectionImpl.java:778)
	at com.mysql.jdbc.JDBC4Connection.<init>(JDBC4Connection.java:47)
	at java.base/jdk.internal.reflect.NativeConstructorAccessorImpl.newInstance0(Native Method)
	at java.base/jdk.internal.reflect.NativeConstructorAccessorImpl.newInstance(NativeConstructorAccessorImpl.java:78)
	at java.base/jdk.internal.reflect.DelegatingConstructorAccessorImpl.newInstance(DelegatingConstructorAccessorImpl.java:45)
	at java.base/java.lang.reflect.Constructor.newInstanceWithCaller(Constructor.java:499)
	at java.base/java.lang.reflect.Constructor.newInstance(Constructor.java:480)
	at com.mysql.jdbc.Util.handleNewInstance(Util.java:425)
	at com.mysql.jdbc.ConnectionImpl.getInstance(ConnectionImpl.java:386)
	at com.mysql.jdbc.NonRegisteringDriver.connect(NonRegisteringDriver.java:330)
	at com.alibaba.druid.filter.FilterChainImpl.connection_connect(FilterChainImpl.java:156)
	at com.alibaba.druid.filter.FilterAdapter.connection_connect(FilterAdapter.java:787)
	at com.alibaba.druid.filter.FilterEventAdapter.connection_connect(FilterEventAdapter.java:38)
	at com.alibaba.druid.filter.FilterChainImpl.connection_connect(FilterChainImpl.java:150)
	at com.alibaba.druid.filter.FilterAdapter.connection_connect(FilterAdapter.java:787)
	at com.alibaba.druid.filter.FilterChainImpl.connection_connect(FilterChainImpl.java:150)
	at com.alibaba.druid.filter.stat.StatFilter.connection_connect(StatFilter.java:218)
	at com.alibaba.druid.filter.FilterChainImpl.connection_connect(FilterChainImpl.java:150)
	at com.alibaba.druid.pool.DruidAbstractDataSource.createPhysicalConnection(DruidAbstractDataSource.java:1598)
	at com.alibaba.druid.pool.DruidAbstractDataSource.createPhysicalConnection(DruidAbstractDataSource.java:1662)
	at com.alibaba.druid.pool.DruidDataSource.init(DruidDataSource.java:932)
	at com.baomidou.dynamic.datasource.DynamicDataSourceCreator.createDruidDataSource(DynamicDataSourceCreator.java:242)
	at com.baomidou.dynamic.datasource.DynamicDataSourceCreator.createDataSource(DynamicDataSourceCreator.java:139)
	at com.baomidou.dynamic.datasource.provider.YmlDynamicDataSourceProvider.loadDataSources(YmlDynamicDataSourceProvider.java:59)
	at com.baomidou.dynamic.datasource.DynamicRoutingDataSource.afterPropertiesSet(DynamicRoutingDataSource.java:202)
	at org.springframework.beans.factory.support.AbstractAutowireCapableBeanFactory.invokeInitMethods(AbstractAutowireCapableBeanFactory.java:1821)
	at org.springframework.beans.factory.support.AbstractAutowireCapableBeanFactory.initializeBean(AbstractAutowireCapableBeanFactory.java:1758)
	at org.springframework.beans.factory.support.AbstractAutowireCapableBeanFactory.doCreateBean(AbstractAutowireCapableBeanFactory.java:593)
	at org.springframework.beans.factory.support.AbstractAutowireCapableBeanFactory.createBean(AbstractAutowireCapableBeanFactory.java:515)
	at org.springframework.beans.factory.support.AbstractBeanFactory.lambda$doGetBean$0(AbstractBeanFactory.java:320)
	at org.springframework.beans.factory.support.DefaultSingletonBeanRegistry.getSingleton(DefaultSingletonBeanRegistry.java:222)
	at org.springframework.beans.factory.support.AbstractBeanFactory.doGetBean(AbstractBeanFactory.java:318)
	at org.springframework.beans.factory.support.AbstractBeanFactory.getBean(AbstractBeanFactory.java:199)
	at org.springframework.beans.factory.config.DependencyDescriptor.resolveCandidate(DependencyDescriptor.java:277)
	at org.springframework.beans.factory.support.DefaultListableBeanFactory.addCandidateEntry(DefaultListableBeanFactory.java:1463)
	at org.springframework.beans.factory.support.DefaultListableBeanFactory.findAutowireCandidates(DefaultListableBeanFactory.java:1427)
	at org.springframework.beans.factory.support.DefaultListableBeanFactory.resolveMultipleBeans(DefaultListableBeanFactory.java:1346)
	at org.springframework.beans.factory.support.DefaultListableBeanFactory.doResolveDependency(DefaultListableBeanFactory.java:1205)
	at org.springframework.beans.factory.support.DefaultListableBeanFactory.resolveDependency(DefaultListableBeanFactory.java:1167)
	at org.springframework.beans.factory.support.ConstructorResolver.resolveAutowiredArgument(ConstructorResolver.java:857)
	at org.springframework.beans.factory.support.ConstructorResolver.createArgumentArray(ConstructorResolver.java:760)
	at org.springframework.beans.factory.support.ConstructorResolver.autowireConstructor(ConstructorResolver.java:218)
	at org.springframework.beans.factory.support.AbstractAutowireCapableBeanFactory.autowireConstructor(AbstractAutowireCapableBeanFactory.java:1325)
	at org.springframework.beans.factory.support.AbstractAutowireCapableBeanFactory.createBeanInstance(AbstractAutowireCapableBeanFactory.java:1171)
	at org.springframework.beans.factory.support.AbstractAutowireCapableBeanFactory.doCreateBean(AbstractAutowireCapableBeanFactory.java:555)
	at org.springframework.beans.factory.support.AbstractAutowireCapableBeanFactory.createBean(AbstractAutowireCapableBeanFactory.java:515)
	at org.springframework.beans.factory.support.AbstractBeanFactory.lambda$doGetBean$0(AbstractBeanFactory.java:320)
	at org.springframework.beans.factory.support.DefaultSingletonBeanRegistry.getSingleton(DefaultSingletonBeanRegistry.java:222)
	at org.springframework.beans.factory.support.AbstractBeanFactory.doGetBean(AbstractBeanFactory.java:318)
	at org.springframework.beans.factory.support.AbstractBeanFactory.getBean(AbstractBeanFactory.java:199)
	at org.springframework.beans.factory.support.ConstructorResolver.instantiateUsingFactoryMethod(ConstructorResolver.java:392)
	at org.springframework.beans.factory.support.AbstractAutowireCapableBeanFactory.instantiateUsingFactoryMethod(AbstractAutowireCapableBeanFactory.java:1305)
	at org.springframework.beans.factory.support.AbstractAutowireCapableBeanFactory.createBeanInstance(AbstractAutowireCapableBeanFactory.java:1144)
	at org.springframework.beans.factory.support.AbstractAutowireCapableBeanFactory.doCreateBean(AbstractAutowireCapableBeanFactory.java:555)
	at org.springframework.beans.factory.support.AbstractAutowireCapableBeanFactory.createBean(AbstractAutowireCapableBeanFactory.java:515)
	at org.springframework.beans.factory.support.AbstractBeanFactory.lambda$doGetBean$0(AbstractBeanFactory.java:320)
	at org.springframework.beans.factory.support.DefaultSingletonBeanRegistry.getSingleton(DefaultSingletonBeanRegistry.java:222)
	at org.springframework.beans.factory.support.AbstractBeanFactory.doGetBean(AbstractBeanFactory.java:318)
	at org.springframework.beans.factory.support.AbstractBeanFactory.getBean(AbstractBeanFactory.java:199)
	at org.springframework.beans.factory.support.DefaultListableBeanFactory.getBeansOfType(DefaultListableBeanFactory.java:602)
	at org.springframework.beans.factory.support.DefaultListableBeanFactory.getBeansOfType(DefaultListableBeanFactory.java:590)
	at org.springframework.context.support.AbstractApplicationContext.getBeansOfType(AbstractApplicationContext.java:1226)
	at org.springframework.boot.actuate.autoconfigure.health.HealthIndicatorRegistryBeans.get(HealthIndicatorRegistryBeans.java:42)
	at org.springframework.boot.actuate.autoconfigure.health.HealthIndicatorAutoConfiguration.healthIndicatorRegistry(HealthIndicatorAutoConfiguration.java:78)
	at org.springframework.boot.actuate.autoconfigure.health.HealthIndicatorAutoConfiguration$$EnhancerBySpringCGLIB$$ace87275.CGLIB$healthIndicatorRegistry$2(<generated>)
	at org.springframework.boot.actuate.autoconfigure.health.HealthIndicatorAutoConfiguration$$EnhancerBySpringCGLIB$$ace87275$$FastClassBySpringCGLIB$$d2f4c82c.invoke(<generated>)
	at org.springframework.cglib.proxy.MethodProxy.invokeSuper(MethodProxy.java:244)
	at org.springframework.context.annotation.ConfigurationClassEnhancer$BeanMethodInterceptor.intercept(ConfigurationClassEnhancer.java:363)
	at org.springframework.boot.actuate.autoconfigure.health.HealthIndicatorAutoConfiguration$$EnhancerBySpringCGLIB$$ace87275.healthIndicatorRegistry(<generated>)
	at java.base/jdk.internal.reflect.NativeMethodAccessorImpl.invoke0(Native Method)
	at java.base/jdk.internal.reflect.NativeMethodAccessorImpl.invoke(NativeMethodAccessorImpl.java:78)
	at java.base/jdk.internal.reflect.DelegatingMethodAccessorImpl.invoke(DelegatingMethodAccessorImpl.java:43)
	at java.base/java.lang.reflect.Method.invoke(Method.java:567)
	at org.springframework.beans.factory.support.SimpleInstantiationStrategy.instantiate(SimpleInstantiationStrategy.java:154)
	at org.springframework.beans.factory.support.ConstructorResolver.instantiate(ConstructorResolver.java:622)
	at org.springframework.beans.factory.support.ConstructorResolver.instantiateUsingFactoryMethod(ConstructorResolver.java:607)
	at org.springframework.beans.factory.support.AbstractAutowireCapableBeanFactory.instantiateUsingFactoryMethod(AbstractAutowireCapableBeanFactory.java:1305)
	at org.springframework.beans.factory.support.AbstractAutowireCapableBeanFactory.createBeanInstance(AbstractAutowireCapableBeanFactory.java:1144)
	at org.springframework.beans.factory.support.AbstractAutowireCapableBeanFactory.doCreateBean(AbstractAutowireCapableBeanFactory.java:555)
	at org.springframework.beans.factory.support.AbstractAutowireCapableBeanFactory.createBean(AbstractAutowireCapableBeanFactory.java:515)
	at org.springframework.beans.factory.support.AbstractBeanFactory.lambda$doGetBean$0(AbstractBeanFactory.java:320)
	at org.springframework.beans.factory.support.DefaultSingletonBeanRegistry.getSingleton(DefaultSingletonBeanRegistry.java:222)
	at org.springframework.beans.factory.support.AbstractBeanFactory.doGetBean(AbstractBeanFactory.java:318)
	at org.springframework.beans.factory.support.AbstractBeanFactory.getBean(AbstractBeanFactory.java:199)
	at org.springframework.beans.factory.config.DependencyDescriptor.resolveCandidate(DependencyDescriptor.java:277)
	at org.springframework.beans.factory.support.DefaultListableBeanFactory.doResolveDependency(DefaultListableBeanFactory.java:1247)
	at org.springframework.beans.factory.support.DefaultListableBeanFactory.resolveDependency(DefaultListableBeanFactory.java:1167)
	at org.springframework.beans.factory.support.ConstructorResolver.resolveAutowiredArgument(ConstructorResolver.java:857)
	at org.springframework.beans.factory.support.ConstructorResolver.createArgumentArray(ConstructorResolver.java:760)
	at org.springframework.beans.factory.support.ConstructorResolver.instantiateUsingFactoryMethod(ConstructorResolver.java:509)
	at org.springframework.beans.factory.support.AbstractAutowireCapableBeanFactory.instantiateUsingFactoryMethod(AbstractAutowireCapableBeanFactory.java:1305)
	at org.springframework.beans.factory.support.AbstractAutowireCapableBeanFactory.createBeanInstance(AbstractAutowireCapableBeanFactory.java:1144)
	at org.springframework.beans.factory.support.AbstractAutowireCapableBeanFactory.doCreateBean(AbstractAutowireCapableBeanFactory.java:555)
	at org.springframework.beans.factory.support.AbstractAutowireCapableBeanFactory.createBean(AbstractAutowireCapableBeanFactory.java:515)
	at org.springframework.beans.factory.support.AbstractBeanFactory.lambda$doGetBean$0(AbstractBeanFactory.java:320)
	at org.springframework.beans.factory.support.DefaultSingletonBeanRegistry.getSingleton(DefaultSingletonBeanRegistry.java:222)
	at org.springframework.beans.factory.support.AbstractBeanFactory.doGetBean(AbstractBeanFactory.java:318)
	at org.springframework.beans.factory.support.AbstractBeanFactory.getBean(AbstractBeanFactory.java:199)
	at org.springframework.context.support.AbstractApplicationContext.getBean(AbstractApplicationContext.java:1105)
	at org.springframework.boot.actuate.endpoint.annotation.EndpointDiscoverer.createEndpointBean(EndpointDiscoverer.java:149)
	at org.springframework.boot.actuate.endpoint.annotation.EndpointDiscoverer.createEndpointBeans(EndpointDiscoverer.java:136)
	at org.springframework.boot.actuate.endpoint.annotation.EndpointDiscoverer.discoverEndpoints(EndpointDiscoverer.java:125)
	at org.springframework.boot.actuate.endpoint.annotation.EndpointDiscoverer.getEndpoints(EndpointDiscoverer.java:119)
	at org.springframework.boot.actuate.autoconfigure.endpoint.web.ServletEndpointManagementContextConfiguration$WebMvcServletEndpointManagementContextConfiguration.servletEndpointRegistrar(ServletEndpointManagementContextConfiguration.java:76)
	at org.springframework.boot.actuate.autoconfigure.endpoint.web.ServletEndpointManagementContextConfiguration$WebMvcServletEndpointManagementContextConfiguration$$EnhancerBySpringCGLIB$$599aae90.CGLIB$servletEndpointRegistrar$0(<generated>)
	at org.springframework.boot.actuate.autoconfigure.endpoint.web.ServletEndpointManagementContextConfiguration$WebMvcServletEndpointManagementContextConfiguration$$EnhancerBySpringCGLIB$$599aae90$$FastClassBySpringCGLIB$$a9bca86a.invoke(<generated>)
	at org.springframework.cglib.proxy.MethodProxy.invokeSuper(MethodProxy.java:244)
	at org.springframework.context.annotation.ConfigurationClassEnhancer$BeanMethodInterceptor.intercept(ConfigurationClassEnhancer.java:363)
	at org.springframework.boot.actuate.autoconfigure.endpoint.web.ServletEndpointManagementContextConfiguration$WebMvcServletEndpointManagementContextConfiguration$$EnhancerBySpringCGLIB$$599aae90.servletEndpointRegistrar(<generated>)
	at java.base/jdk.internal.reflect.NativeMethodAccessorImpl.invoke0(Native Method)
	at java.base/jdk.internal.reflect.NativeMethodAccessorImpl.invoke(NativeMethodAccessorImpl.java:78)
	at java.base/jdk.internal.reflect.DelegatingMethodAccessorImpl.invoke(DelegatingMethodAccessorImpl.java:43)
	at java.base/java.lang.reflect.Method.invoke(Method.java:567)
	at org.springframework.beans.factory.support.SimpleInstantiationStrategy.instantiate(SimpleInstantiationStrategy.java:154)
	at org.springframework.beans.factory.support.ConstructorResolver.instantiate(ConstructorResolver.java:622)
	at org.springframework.beans.factory.support.ConstructorResolver.instantiateUsingFactoryMethod(ConstructorResolver.java:607)
	at org.springframework.beans.factory.support.AbstractAutowireCapableBeanFactory.instantiateUsingFactoryMethod(AbstractAutowireCapableBeanFactory.java:1305)
	at org.springframework.beans.factory.support.AbstractAutowireCapableBeanFactory.createBeanInstance(AbstractAutowireCapableBeanFactory.java:1144)
	at org.springframework.beans.factory.support.AbstractAutowireCapableBeanFactory.doCreateBean(AbstractAutowireCapableBeanFactory.java:555)
	at org.springframework.beans.factory.support.AbstractAutowireCapableBeanFactory.createBean(AbstractAutowireCapableBeanFactory.java:515)
	at org.springframework.beans.factory.support.AbstractBeanFactory.lambda$doGetBean$0(AbstractBeanFactory.java:320)
	at org.springframework.beans.factory.support.DefaultSingletonBeanRegistry.getSingleton(DefaultSingletonBeanRegistry.java:222)
	at org.springframework.beans.factory.support.AbstractBeanFactory.doGetBean(AbstractBeanFactory.java:318)
	at org.springframework.beans.factory.support.AbstractBeanFactory.getBean(AbstractBeanFactory.java:204)
	at org.springframework.boot.web.servlet.ServletContextInitializerBeans.getOrderedBeansOfType(ServletContextInitializerBeans.java:235)
	at org.springframework.boot.web.servlet.ServletContextInitializerBeans.getOrderedBeansOfType(ServletContextInitializerBeans.java:226)
	at org.springframework.boot.web.servlet.ServletContextInitializerBeans.addServletContextInitializerBeans(ServletContextInitializerBeans.java:101)
	at org.springframework.boot.web.servlet.ServletContextInitializerBeans.<init>(ServletContextInitializerBeans.java:88)
	at org.springframework.boot.web.servlet.context.ServletWebServerApplicationContext.getServletContextInitializerBeans(ServletWebServerApplicationContext.java:261)
	at org.springframework.boot.web.servlet.context.ServletWebServerApplicationContext.selfInitialize(ServletWebServerApplicationContext.java:234)
	at org.springframework.boot.web.embedded.tomcat.TomcatStarter.onStartup(TomcatStarter.java:54)
	at org.apache.catalina.core.StandardContext.startInternal(StandardContext.java:5125)
	at org.apache.catalina.util.LifecycleBase.start(LifecycleBase.java:183)
	at org.apache.catalina.core.ContainerBase$StartChild.call(ContainerBase.java:1377)
	at org.apache.catalina.core.ContainerBase$StartChild.call(ContainerBase.java:1367)
	at java.base/java.util.concurrent.FutureTask.run$$$capture(FutureTask.java:264)
	at java.base/java.util.concurrent.FutureTask.run(FutureTask.java)
	at org.apache.tomcat.util.threads.InlineExecutorService.execute(InlineExecutorService.java:75)
	at java.base/java.util.concurrent.AbstractExecutorService.submit(AbstractExecutorService.java:145)
	at org.apache.catalina.core.ContainerBase.startInternal(ContainerBase.java:902)
	at org.apache.catalina.core.StandardHost.startInternal(StandardHost.java:831)
	at org.apache.catalina.util.LifecycleBase.start(LifecycleBase.java:183)
	at org.apache.catalina.core.ContainerBase$StartChild.call(ContainerBase.java:1377)
	at org.apache.catalina.core.ContainerBase$StartChild.call(ContainerBase.java:1367)
	at java.base/java.util.concurrent.FutureTask.run$$$capture(FutureTask.java:264)
	at java.base/java.util.concurrent.FutureTask.run(FutureTask.java)
	at org.apache.tomcat.util.threads.InlineExecutorService.execute(InlineExecutorService.java:75)
	at java.base/java.util.concurrent.AbstractExecutorService.submit(AbstractExecutorService.java:145)
	at org.apache.catalina.core.ContainerBase.startInternal(ContainerBase.java:902)
	at org.apache.catalina.core.StandardEngine.startInternal(StandardEngine.java:262)
	at org.apache.catalina.util.LifecycleBase.start(LifecycleBase.java:183)
	at org.apache.catalina.core.StandardService.startInternal(StandardService.java:423)
	at org.apache.catalina.util.LifecycleBase.start(LifecycleBase.java:183)
	at org.apache.catalina.core.StandardServer.startInternal(StandardServer.java:928)
	at org.apache.catalina.util.LifecycleBase.start(LifecycleBase.java:183)
	at org.apache.catalina.startup.Tomcat.start(Tomcat.java:455)
	at org.springframework.boot.web.embedded.tomcat.TomcatWebServer.initialize(TomcatWebServer.java:106)
	at org.springframework.boot.web.embedded.tomcat.TomcatWebServer.<init>(TomcatWebServer.java:86)
	at org.springframework.boot.web.embedded.tomcat.TomcatServletWebServerFactory.getTomcatWebServer(TomcatServletWebServerFactory.java:415)
	at org.springframework.boot.web.embedded.tomcat.TomcatServletWebServerFactory.getWebServer(TomcatServletWebServerFactory.java:174)
	at org.springframework.boot.web.servlet.context.ServletWebServerApplicationContext.createWebServer(ServletWebServerApplicationContext.java:181)
	at org.springframework.boot.web.servlet.context.ServletWebServerApplicationContext.onRefresh(ServletWebServerApplicationContext.java:154)
	at org.springframework.context.support.AbstractApplicationContext.refresh(AbstractApplicationContext.java:543)
	at org.springframework.boot.web.servlet.context.ServletWebServerApplicationContext.refresh(ServletWebServerApplicationContext.java:142)
	at org.springframework.boot.SpringApplication.refresh(SpringApplication.java:775)
	at org.springframework.boot.SpringApplication.refreshContext(SpringApplication.java:397)
	at org.springframework.boot.SpringApplication.run(SpringApplication.java:316)
	at org.springframework.boot.SpringApplication.run(SpringApplication.java:1260)
	at org.springframework.boot.SpringApplication.run(SpringApplication.java:1248)
	at org.jeecg.JeecgApplication.main(JeecgApplication.java:24)
Caused by: java.net.UnknownHostException: teacher_mysql: nodename nor servname provided, or not known
	at java.base/java.net.Inet6AddressImpl.lookupAllHostAddr(Native Method)
	at java.base/java.net.InetAddress$PlatformNameService.lookupAllHostAddr(InetAddress.java:932)
	at java.base/java.net.InetAddress.getAddressesFromNameService(InetAddress.java:1517)
	at java.base/java.net.InetAddress$NameServiceAddresses.get(InetAddress.java:851)
	at java.base/java.net.InetAddress.getAllByName0(InetAddress.java:1507)
	at java.base/java.net.InetAddress.getAllByName(InetAddress.java:1366)
	at java.base/java.net.InetAddress.getAllByName(InetAddress.java:1300)
	at com.mysql.jdbc.StandardSocketFactory.connect(StandardSocketFactory.java:188)
	at com.mysql.jdbc.MysqlIO.<init>(MysqlIO.java:301)
	... 173 common frames omitted
2021-09-08 00:02:57.301 [main] ERROR com.alibaba.druid.pool.DruidDataSource:978 - {dataSource-1} init error
com.mysql.jdbc.exceptions.jdbc4.CommunicationsException: Communications link failure

The last packet sent successfully to the server was 0 milliseconds ago. The driver has not received any packets from the server.
	at java.base/jdk.internal.reflect.NativeConstructorAccessorImpl.newInstance0(Native Method)
	at java.base/jdk.internal.reflect.NativeConstructorAccessorImpl.newInstance(NativeConstructorAccessorImpl.java:78)
	at java.base/jdk.internal.reflect.DelegatingConstructorAccessorImpl.newInstance(DelegatingConstructorAccessorImpl.java:45)
	at java.base/java.lang.reflect.Constructor.newInstanceWithCaller(Constructor.java:499)
	at java.base/java.lang.reflect.Constructor.newInstance(Constructor.java:480)
	at com.mysql.jdbc.Util.handleNewInstance(Util.java:425)
	at com.mysql.jdbc.SQLError.createCommunicationsException(SQLError.java:990)
	at com.mysql.jdbc.MysqlIO.<init>(MysqlIO.java:342)
	at com.mysql.jdbc.ConnectionImpl.coreConnect(ConnectionImpl.java:2197)
	at com.mysql.jdbc.ConnectionImpl.connectOneTryOnly(ConnectionImpl.java:2230)
	at com.mysql.jdbc.ConnectionImpl.createNewIO(ConnectionImpl.java:2025)
	at com.mysql.jdbc.ConnectionImpl.<init>(ConnectionImpl.java:778)
	at com.mysql.jdbc.JDBC4Connection.<init>(JDBC4Connection.java:47)
	at java.base/jdk.internal.reflect.NativeConstructorAccessorImpl.newInstance0(Native Method)
	at java.base/jdk.internal.reflect.NativeConstructorAccessorImpl.newInstance(NativeConstructorAccessorImpl.java:78)
	at java.base/jdk.internal.reflect.DelegatingConstructorAccessorImpl.newInstance(DelegatingConstructorAccessorImpl.java:45)
	at java.base/java.lang.reflect.Constructor.newInstanceWithCaller(Constructor.java:499)
	at java.base/java.lang.reflect.Constructor.newInstance(Constructor.java:480)
	at com.mysql.jdbc.Util.handleNewInstance(Util.java:425)
	at com.mysql.jdbc.ConnectionImpl.getInstance(ConnectionImpl.java:386)
	at com.mysql.jdbc.NonRegisteringDriver.connect(NonRegisteringDriver.java:330)
	at com.alibaba.druid.filter.FilterChainImpl.connection_connect(FilterChainImpl.java:156)
	at com.alibaba.druid.filter.FilterAdapter.connection_connect(FilterAdapter.java:787)
	at com.alibaba.druid.filter.FilterEventAdapter.connection_connect(FilterEventAdapter.java:38)
	at com.alibaba.druid.filter.FilterChainImpl.connection_connect(FilterChainImpl.java:150)
	at com.alibaba.druid.filter.FilterAdapter.connection_connect(FilterAdapter.java:787)
	at com.alibaba.druid.filter.FilterChainImpl.connection_connect(FilterChainImpl.java:150)
	at com.alibaba.druid.filter.stat.StatFilter.connection_connect(StatFilter.java:218)
	at com.alibaba.druid.filter.FilterChainImpl.connection_connect(FilterChainImpl.java:150)
	at com.alibaba.druid.pool.DruidAbstractDataSource.createPhysicalConnection(DruidAbstractDataSource.java:1598)
	at com.alibaba.druid.pool.DruidAbstractDataSource.createPhysicalConnection(DruidAbstractDataSource.java:1662)
	at com.alibaba.druid.pool.DruidDataSource.init(DruidDataSource.java:932)
	at com.baomidou.dynamic.datasource.DynamicDataSourceCreator.createDruidDataSource(DynamicDataSourceCreator.java:242)
	at com.baomidou.dynamic.datasource.DynamicDataSourceCreator.createDataSource(DynamicDataSourceCreator.java:139)
	at com.baomidou.dynamic.datasource.provider.YmlDynamicDataSourceProvider.loadDataSources(YmlDynamicDataSourceProvider.java:59)
	at com.baomidou.dynamic.datasource.DynamicRoutingDataSource.afterPropertiesSet(DynamicRoutingDataSource.java:202)
	at org.springframework.beans.factory.support.AbstractAutowireCapableBeanFactory.invokeInitMethods(AbstractAutowireCapableBeanFactory.java:1821)
	at org.springframework.beans.factory.support.AbstractAutowireCapableBeanFactory.initializeBean(AbstractAutowireCapableBeanFactory.java:1758)
	at org.springframework.beans.factory.support.AbstractAutowireCapableBeanFactory.doCreateBean(AbstractAutowireCapableBeanFactory.java:593)
	at org.springframework.beans.factory.support.AbstractAutowireCapableBeanFactory.createBean(AbstractAutowireCapableBeanFactory.java:515)
	at org.springframework.beans.factory.support.AbstractBeanFactory.lambda$doGetBean$0(AbstractBeanFactory.java:320)
	at org.springframework.beans.factory.support.DefaultSingletonBeanRegistry.getSingleton(DefaultSingletonBeanRegistry.java:222)
	at org.springframework.beans.factory.support.AbstractBeanFactory.doGetBean(AbstractBeanFactory.java:318)
	at org.springframework.beans.factory.support.AbstractBeanFactory.getBean(AbstractBeanFactory.java:199)
	at org.springframework.beans.factory.config.DependencyDescriptor.resolveCandidate(DependencyDescriptor.java:277)
	at org.springframework.beans.factory.support.DefaultListableBeanFactory.addCandidateEntry(DefaultListableBeanFactory.java:1463)
	at org.springframework.beans.factory.support.DefaultListableBeanFactory.findAutowireCandidates(DefaultListableBeanFactory.java:1427)
	at org.springframework.beans.factory.support.DefaultListableBeanFactory.resolveMultipleBeans(DefaultListableBeanFactory.java:1346)
	at org.springframework.beans.factory.support.DefaultListableBeanFactory.doResolveDependency(DefaultListableBeanFactory.java:1205)
	at org.springframework.beans.factory.support.DefaultListableBeanFactory.resolveDependency(DefaultListableBeanFactory.java:1167)
	at org.springframework.beans.factory.support.ConstructorResolver.resolveAutowiredArgument(ConstructorResolver.java:857)
	at org.springframework.beans.factory.support.ConstructorResolver.createArgumentArray(ConstructorResolver.java:760)
	at org.springframework.beans.factory.support.ConstructorResolver.autowireConstructor(ConstructorResolver.java:218)
	at org.springframework.beans.factory.support.AbstractAutowireCapableBeanFactory.autowireConstructor(AbstractAutowireCapableBeanFactory.java:1325)
	at org.springframework.beans.factory.support.AbstractAutowireCapableBeanFactory.createBeanInstance(AbstractAutowireCapableBeanFactory.java:1171)
	at org.springframework.beans.factory.support.AbstractAutowireCapableBeanFactory.doCreateBean(AbstractAutowireCapableBeanFactory.java:555)
	at org.springframework.beans.factory.support.AbstractAutowireCapableBeanFactory.createBean(AbstractAutowireCapableBeanFactory.java:515)
	at org.springframework.beans.factory.support.AbstractBeanFactory.lambda$doGetBean$0(AbstractBeanFactory.java:320)
	at org.springframework.beans.factory.support.DefaultSingletonBeanRegistry.getSingleton(DefaultSingletonBeanRegistry.java:222)
	at org.springframework.beans.factory.support.AbstractBeanFactory.doGetBean(AbstractBeanFactory.java:318)
	at org.springframework.beans.factory.support.AbstractBeanFactory.getBean(AbstractBeanFactory.java:199)
	at org.springframework.beans.factory.support.ConstructorResolver.instantiateUsingFactoryMethod(ConstructorResolver.java:392)
	at org.springframework.beans.factory.support.AbstractAutowireCapableBeanFactory.instantiateUsingFactoryMethod(AbstractAutowireCapableBeanFactory.java:1305)
	at org.springframework.beans.factory.support.AbstractAutowireCapableBeanFactory.createBeanInstance(AbstractAutowireCapableBeanFactory.java:1144)
	at org.springframework.beans.factory.support.AbstractAutowireCapableBeanFactory.doCreateBean(AbstractAutowireCapableBeanFactory.java:555)
	at org.springframework.beans.factory.support.AbstractAutowireCapableBeanFactory.createBean(AbstractAutowireCapableBeanFactory.java:515)
	at org.springframework.beans.factory.support.AbstractBeanFactory.lambda$doGetBean$0(AbstractBeanFactory.java:320)
	at org.springframework.beans.factory.support.DefaultSingletonBeanRegistry.getSingleton(DefaultSingletonBeanRegistry.java:222)
	at org.springframework.beans.factory.support.AbstractBeanFactory.doGetBean(AbstractBeanFactory.java:318)
	at org.springframework.beans.factory.support.AbstractBeanFactory.getBean(AbstractBeanFactory.java:199)
	at org.springframework.beans.factory.support.DefaultListableBeanFactory.getBeansOfType(DefaultListableBeanFactory.java:602)
	at org.springframework.beans.factory.support.DefaultListableBeanFactory.getBeansOfType(DefaultListableBeanFactory.java:590)
	at org.springframework.context.support.AbstractApplicationContext.getBeansOfType(AbstractApplicationContext.java:1226)
	at org.springframework.boot.actuate.autoconfigure.health.HealthIndicatorRegistryBeans.get(HealthIndicatorRegistryBeans.java:42)
	at org.springframework.boot.actuate.autoconfigure.health.HealthIndicatorAutoConfiguration.healthIndicatorRegistry(HealthIndicatorAutoConfiguration.java:78)
	at org.springframework.boot.actuate.autoconfigure.health.HealthIndicatorAutoConfiguration$$EnhancerBySpringCGLIB$$ace87275.CGLIB$healthIndicatorRegistry$2(<generated>)
	at org.springframework.boot.actuate.autoconfigure.health.HealthIndicatorAutoConfiguration$$EnhancerBySpringCGLIB$$ace87275$$FastClassBySpringCGLIB$$d2f4c82c.invoke(<generated>)
	at org.springframework.cglib.proxy.MethodProxy.invokeSuper(MethodProxy.java:244)
	at org.springframework.context.annotation.ConfigurationClassEnhancer$BeanMethodInterceptor.intercept(ConfigurationClassEnhancer.java:363)
	at org.springframework.boot.actuate.autoconfigure.health.HealthIndicatorAutoConfiguration$$EnhancerBySpringCGLIB$$ace87275.healthIndicatorRegistry(<generated>)
	at java.base/jdk.internal.reflect.NativeMethodAccessorImpl.invoke0(Native Method)
	at java.base/jdk.internal.reflect.NativeMethodAccessorImpl.invoke(NativeMethodAccessorImpl.java:78)
	at java.base/jdk.internal.reflect.DelegatingMethodAccessorImpl.invoke(DelegatingMethodAccessorImpl.java:43)
	at java.base/java.lang.reflect.Method.invoke(Method.java:567)
	at org.springframework.beans.factory.support.SimpleInstantiationStrategy.instantiate(SimpleInstantiationStrategy.java:154)
	at org.springframework.beans.factory.support.ConstructorResolver.instantiate(ConstructorResolver.java:622)
	at org.springframework.beans.factory.support.ConstructorResolver.instantiateUsingFactoryMethod(ConstructorResolver.java:607)
	at org.springframework.beans.factory.support.AbstractAutowireCapableBeanFactory.instantiateUsingFactoryMethod(AbstractAutowireCapableBeanFactory.java:1305)
	at org.springframework.beans.factory.support.AbstractAutowireCapableBeanFactory.createBeanInstance(AbstractAutowireCapableBeanFactory.java:1144)
	at org.springframework.beans.factory.support.AbstractAutowireCapableBeanFactory.doCreateBean(AbstractAutowireCapableBeanFactory.java:555)
	at org.springframework.beans.factory.support.AbstractAutowireCapableBeanFactory.createBean(AbstractAutowireCapableBeanFactory.java:515)
	at org.springframework.beans.factory.support.AbstractBeanFactory.lambda$doGetBean$0(AbstractBeanFactory.java:320)
	at org.springframework.beans.factory.support.DefaultSingletonBeanRegistry.getSingleton(DefaultSingletonBeanRegistry.java:222)
	at org.springframework.beans.factory.support.AbstractBeanFactory.doGetBean(AbstractBeanFactory.java:318)
	at org.springframework.beans.factory.support.AbstractBeanFactory.getBean(AbstractBeanFactory.java:199)
	at org.springframework.beans.factory.config.DependencyDescriptor.resolveCandidate(DependencyDescriptor.java:277)
	at org.springframework.beans.factory.support.DefaultListableBeanFactory.doResolveDependency(DefaultListableBeanFactory.java:1247)
	at org.springframework.beans.factory.support.DefaultListableBeanFactory.resolveDependency(DefaultListableBeanFactory.java:1167)
	at org.springframework.beans.factory.support.ConstructorResolver.resolveAutowiredArgument(ConstructorResolver.java:857)
	at org.springframework.beans.factory.support.ConstructorResolver.createArgumentArray(ConstructorResolver.java:760)
	at org.springframework.beans.factory.support.ConstructorResolver.instantiateUsingFactoryMethod(ConstructorResolver.java:509)
	at org.springframework.beans.factory.support.AbstractAutowireCapableBeanFactory.instantiateUsingFactoryMethod(AbstractAutowireCapableBeanFactory.java:1305)
	at org.springframework.beans.factory.support.AbstractAutowireCapableBeanFactory.createBeanInstance(AbstractAutowireCapableBeanFactory.java:1144)
	at org.springframework.beans.factory.support.AbstractAutowireCapableBeanFactory.doCreateBean(AbstractAutowireCapableBeanFactory.java:555)
	at org.springframework.beans.factory.support.AbstractAutowireCapableBeanFactory.createBean(AbstractAutowireCapableBeanFactory.java:515)
	at org.springframework.beans.factory.support.AbstractBeanFactory.lambda$doGetBean$0(AbstractBeanFactory.java:320)
	at org.springframework.beans.factory.support.DefaultSingletonBeanRegistry.getSingleton(DefaultSingletonBeanRegistry.java:222)
	at org.springframework.beans.factory.support.AbstractBeanFactory.doGetBean(AbstractBeanFactory.java:318)
	at org.springframework.beans.factory.support.AbstractBeanFactory.getBean(AbstractBeanFactory.java:199)
	at org.springframework.context.support.AbstractApplicationContext.getBean(AbstractApplicationContext.java:1105)
	at org.springframework.boot.actuate.endpoint.annotation.EndpointDiscoverer.createEndpointBean(EndpointDiscoverer.java:149)
	at org.springframework.boot.actuate.endpoint.annotation.EndpointDiscoverer.createEndpointBeans(EndpointDiscoverer.java:136)
	at org.springframework.boot.actuate.endpoint.annotation.EndpointDiscoverer.discoverEndpoints(EndpointDiscoverer.java:125)
	at org.springframework.boot.actuate.endpoint.annotation.EndpointDiscoverer.getEndpoints(EndpointDiscoverer.java:119)
	at org.springframework.boot.actuate.autoconfigure.endpoint.web.ServletEndpointManagementContextConfiguration$WebMvcServletEndpointManagementContextConfiguration.servletEndpointRegistrar(ServletEndpointManagementContextConfiguration.java:76)
	at org.springframework.boot.actuate.autoconfigure.endpoint.web.ServletEndpointManagementContextConfiguration$WebMvcServletEndpointManagementContextConfiguration$$EnhancerBySpringCGLIB$$599aae90.CGLIB$servletEndpointRegistrar$0(<generated>)
	at org.springframework.boot.actuate.autoconfigure.endpoint.web.ServletEndpointManagementContextConfiguration$WebMvcServletEndpointManagementContextConfiguration$$EnhancerBySpringCGLIB$$599aae90$$FastClassBySpringCGLIB$$a9bca86a.invoke(<generated>)
	at org.springframework.cglib.proxy.MethodProxy.invokeSuper(MethodProxy.java:244)
	at org.springframework.context.annotation.ConfigurationClassEnhancer$BeanMethodInterceptor.intercept(ConfigurationClassEnhancer.java:363)
	at org.springframework.boot.actuate.autoconfigure.endpoint.web.ServletEndpointManagementContextConfiguration$WebMvcServletEndpointManagementContextConfiguration$$EnhancerBySpringCGLIB$$599aae90.servletEndpointRegistrar(<generated>)
	at java.base/jdk.internal.reflect.NativeMethodAccessorImpl.invoke0(Native Method)
	at java.base/jdk.internal.reflect.NativeMethodAccessorImpl.invoke(NativeMethodAccessorImpl.java:78)
	at java.base/jdk.internal.reflect.DelegatingMethodAccessorImpl.invoke(DelegatingMethodAccessorImpl.java:43)
	at java.base/java.lang.reflect.Method.invoke(Method.java:567)
	at org.springframework.beans.factory.support.SimpleInstantiationStrategy.instantiate(SimpleInstantiationStrategy.java:154)
	at org.springframework.beans.factory.support.ConstructorResolver.instantiate(ConstructorResolver.java:622)
	at org.springframework.beans.factory.support.ConstructorResolver.instantiateUsingFactoryMethod(ConstructorResolver.java:607)
	at org.springframework.beans.factory.support.AbstractAutowireCapableBeanFactory.instantiateUsingFactoryMethod(AbstractAutowireCapableBeanFactory.java:1305)
	at org.springframework.beans.factory.support.AbstractAutowireCapableBeanFactory.createBeanInstance(AbstractAutowireCapableBeanFactory.java:1144)
	at org.springframework.beans.factory.support.AbstractAutowireCapableBeanFactory.doCreateBean(AbstractAutowireCapableBeanFactory.java:555)
	at org.springframework.beans.factory.support.AbstractAutowireCapableBeanFactory.createBean(AbstractAutowireCapableBeanFactory.java:515)
	at org.springframework.beans.factory.support.AbstractBeanFactory.lambda$doGetBean$0(AbstractBeanFactory.java:320)
	at org.springframework.beans.factory.support.DefaultSingletonBeanRegistry.getSingleton(DefaultSingletonBeanRegistry.java:222)
	at org.springframework.beans.factory.support.AbstractBeanFactory.doGetBean(AbstractBeanFactory.java:318)
	at org.springframework.beans.factory.support.AbstractBeanFactory.getBean(AbstractBeanFactory.java:204)
	at org.springframework.boot.web.servlet.ServletContextInitializerBeans.getOrderedBeansOfType(ServletContextInitializerBeans.java:235)
	at org.springframework.boot.web.servlet.ServletContextInitializerBeans.getOrderedBeansOfType(ServletContextInitializerBeans.java:226)
	at org.springframework.boot.web.servlet.ServletContextInitializerBeans.addServletContextInitializerBeans(ServletContextInitializerBeans.java:101)
	at org.springframework.boot.web.servlet.ServletContextInitializerBeans.<init>(ServletContextInitializerBeans.java:88)
	at org.springframework.boot.web.servlet.context.ServletWebServerApplicationContext.getServletContextInitializerBeans(ServletWebServerApplicationContext.java:261)
	at org.springframework.boot.web.servlet.context.ServletWebServerApplicationContext.selfInitialize(ServletWebServerApplicationContext.java:234)
	at org.springframework.boot.web.embedded.tomcat.TomcatStarter.onStartup(TomcatStarter.java:54)
	at org.apache.catalina.core.StandardContext.startInternal(StandardContext.java:5125)
	at org.apache.catalina.util.LifecycleBase.start(LifecycleBase.java:183)
	at org.apache.catalina.core.ContainerBase$StartChild.call(ContainerBase.java:1377)
	at org.apache.catalina.core.ContainerBase$StartChild.call(ContainerBase.java:1367)
	at java.base/java.util.concurrent.FutureTask.run$$$capture(FutureTask.java:264)
	at java.base/java.util.concurrent.FutureTask.run(FutureTask.java)
	at org.apache.tomcat.util.threads.InlineExecutorService.execute(InlineExecutorService.java:75)
	at java.base/java.util.concurrent.AbstractExecutorService.submit(AbstractExecutorService.java:145)
	at org.apache.catalina.core.ContainerBase.startInternal(ContainerBase.java:902)
	at org.apache.catalina.core.StandardHost.startInternal(StandardHost.java:831)
	at org.apache.catalina.util.LifecycleBase.start(LifecycleBase.java:183)
	at org.apache.catalina.core.ContainerBase$StartChild.call(ContainerBase.java:1377)
	at org.apache.catalina.core.ContainerBase$StartChild.call(ContainerBase.java:1367)
	at java.base/java.util.concurrent.FutureTask.run$$$capture(FutureTask.java:264)
	at java.base/java.util.concurrent.FutureTask.run(FutureTask.java)
	at org.apache.tomcat.util.threads.InlineExecutorService.execute(InlineExecutorService.java:75)
	at java.base/java.util.concurrent.AbstractExecutorService.submit(AbstractExecutorService.java:145)
	at org.apache.catalina.core.ContainerBase.startInternal(ContainerBase.java:902)
	at org.apache.catalina.core.StandardEngine.startInternal(StandardEngine.java:262)
	at org.apache.catalina.util.LifecycleBase.start(LifecycleBase.java:183)
	at org.apache.catalina.core.StandardService.startInternal(StandardService.java:423)
	at org.apache.catalina.util.LifecycleBase.start(LifecycleBase.java:183)
	at org.apache.catalina.core.StandardServer.startInternal(StandardServer.java:928)
	at org.apache.catalina.util.LifecycleBase.start(LifecycleBase.java:183)
	at org.apache.catalina.startup.Tomcat.start(Tomcat.java:455)
	at org.springframework.boot.web.embedded.tomcat.TomcatWebServer.initialize(TomcatWebServer.java:106)
	at org.springframework.boot.web.embedded.tomcat.TomcatWebServer.<init>(TomcatWebServer.java:86)
	at org.springframework.boot.web.embedded.tomcat.TomcatServletWebServerFactory.getTomcatWebServer(TomcatServletWebServerFactory.java:415)
	at org.springframework.boot.web.embedded.tomcat.TomcatServletWebServerFactory.getWebServer(TomcatServletWebServerFactory.java:174)
	at org.springframework.boot.web.servlet.context.ServletWebServerApplicationContext.createWebServer(ServletWebServerApplicationContext.java:181)
	at org.springframework.boot.web.servlet.context.ServletWebServerApplicationContext.onRefresh(ServletWebServerApplicationContext.java:154)
	at org.springframework.context.support.AbstractApplicationContext.refresh(AbstractApplicationContext.java:543)
	at org.springframework.boot.web.servlet.context.ServletWebServerApplicationContext.refresh(ServletWebServerApplicationContext.java:142)
	at org.springframework.boot.SpringApplication.refresh(SpringApplication.java:775)
	at org.springframework.boot.SpringApplication.refreshContext(SpringApplication.java:397)
	at org.springframework.boot.SpringApplication.run(SpringApplication.java:316)
	at org.springframework.boot.SpringApplication.run(SpringApplication.java:1260)
	at org.springframework.boot.SpringApplication.run(SpringApplication.java:1248)
	at org.jeecg.JeecgApplication.main(JeecgApplication.java:24)
Caused by: java.net.UnknownHostException: teacher_mysql: nodename nor servname provided, or not known
	at java.base/java.net.Inet6AddressImpl.lookupAllHostAddr(Native Method)
	at java.base/java.net.InetAddress$PlatformNameService.lookupAllHostAddr(InetAddress.java:932)
	at java.base/java.net.InetAddress.getAddressesFromNameService(InetAddress.java:1517)
	at java.base/java.net.InetAddress$NameServiceAddresses.get(InetAddress.java:851)
	at java.base/java.net.InetAddress.getAllByName0(InetAddress.java:1507)
	at java.base/java.net.InetAddress.getAllByName(InetAddress.java:1366)
	at java.base/java.net.InetAddress.getAllByName(InetAddress.java:1300)
	at com.mysql.jdbc.StandardSocketFactory.connect(StandardSocketFactory.java:188)
	at com.mysql.jdbc.MysqlIO.<init>(MysqlIO.java:301)
	... 173 common frames omitted
2021-09-08 00:02:57.695 [main] INFO  com.alibaba.druid.pool.DruidDataSource:1003 - {dataSource-1,master} inited
2021-09-08 00:02:57.697 [Druid-ConnectionPool-Create-1016921310] ERROR com.alibaba.druid.pool.DruidDataSource:2699 - create connection SQLException, url: jdbc:mysql://teacher_mysql:3306/teachingopen?characterEncoding=UTF-8&useUnicode=true&useSSL=false&tinyInt1isBit=false, errorCode 0, state 08S01
com.mysql.jdbc.exceptions.jdbc4.CommunicationsException: Communications link failure

The last packet sent successfully to the server was 0 milliseconds ago. The driver has not received any packets from the server.
	at java.base/jdk.internal.reflect.NativeConstructorAccessorImpl.newInstance0(Native Method)
	at java.base/jdk.internal.reflect.NativeConstructorAccessorImpl.newInstance(NativeConstructorAccessorImpl.java:78)
	at java.base/jdk.internal.reflect.DelegatingConstructorAccessorImpl.newInstance(DelegatingConstructorAccessorImpl.java:45)
	at java.base/java.lang.reflect.Constructor.newInstanceWithCaller(Constructor.java:499)
	at java.base/java.lang.reflect.Constructor.newInstance(Constructor.java:480)
	at com.mysql.jdbc.Util.handleNewInstance(Util.java:425)
	at com.mysql.jdbc.SQLError.createCommunicationsException(SQLError.java:990)
	at com.mysql.jdbc.MysqlIO.<init>(MysqlIO.java:342)
	at com.mysql.jdbc.ConnectionImpl.coreConnect(ConnectionImpl.java:2197)
	at com.mysql.jdbc.ConnectionImpl.connectOneTryOnly(ConnectionImpl.java:2230)
	at com.mysql.jdbc.ConnectionImpl.createNewIO(ConnectionImpl.java:2025)
	at com.mysql.jdbc.ConnectionImpl.<init>(ConnectionImpl.java:778)
	at com.mysql.jdbc.JDBC4Connection.<init>(JDBC4Connection.java:47)
	at java.base/jdk.internal.reflect.NativeConstructorAccessorImpl.newInstance0(Native Method)
	at java.base/jdk.internal.reflect.NativeConstructorAccessorImpl.newInstance(NativeConstructorAccessorImpl.java:78)
	at java.base/jdk.internal.reflect.DelegatingConstructorAccessorImpl.newInstance(DelegatingConstructorAccessorImpl.java:45)
	at java.base/java.lang.reflect.Constructor.newInstanceWithCaller(Constructor.java:499)
	at java.base/java.lang.reflect.Constructor.newInstance(Constructor.java:480)
	at com.mysql.jdbc.Util.handleNewInstance(Util.java:425)
	at com.mysql.jdbc.ConnectionImpl.getInstance(ConnectionImpl.java:386)
	at com.mysql.jdbc.NonRegisteringDriver.connect(NonRegisteringDriver.java:330)
	at com.alibaba.druid.filter.FilterChainImpl.connection_connect(FilterChainImpl.java:156)
	at com.alibaba.druid.filter.FilterAdapter.connection_connect(FilterAdapter.java:787)
	at com.alibaba.druid.filter.FilterEventAdapter.connection_connect(FilterEventAdapter.java:38)
	at com.alibaba.druid.filter.FilterChainImpl.connection_connect(FilterChainImpl.java:150)
	at com.alibaba.druid.filter.FilterAdapter.connection_connect(FilterAdapter.java:787)
	at com.alibaba.druid.filter.FilterChainImpl.connection_connect(FilterChainImpl.java:150)
	at com.alibaba.druid.filter.stat.StatFilter.connection_connect(StatFilter.java:218)
	at com.alibaba.druid.filter.FilterChainImpl.connection_connect(FilterChainImpl.java:150)
	at com.alibaba.druid.pool.DruidAbstractDataSource.createPhysicalConnection(DruidAbstractDataSource.java:1598)
	at com.alibaba.druid.pool.DruidAbstractDataSource.createPhysicalConnection(DruidAbstractDataSource.java:1662)
	at com.alibaba.druid.pool.DruidDataSource$CreateConnectionThread.run(DruidDataSource.java:2697)
Caused by: java.net.UnknownHostException: teacher_mysql
	at java.base/java.net.InetAddress$CachedAddresses.get(InetAddress.java:800)
	at java.base/java.net.InetAddress.getAllByName0(InetAddress.java:1507)
	at java.base/java.net.InetAddress.getAllByName(InetAddress.java:1366)
	at java.base/java.net.InetAddress.getAllByName(InetAddress.java:1300)
	at com.mysql.jdbc.StandardSocketFactory.connect(StandardSocketFactory.java:188)
	at com.mysql.jdbc.MysqlIO.<init>(MysqlIO.java:301)
	... 24 common frames omitted
2021-09-08 00:02:57.696 [main] ERROR c.b.dynamic.datasource.DynamicDataSourceCreator:244 - druid数据源启动失败
com.mysql.jdbc.exceptions.jdbc4.CommunicationsException: Communications link failure

The last packet sent successfully to the server was 0 milliseconds ago. The driver has not received any packets from the server.
	at java.base/jdk.internal.reflect.NativeConstructorAccessorImpl.newInstance0(Native Method)
	at java.base/jdk.internal.reflect.NativeConstructorAccessorImpl.newInstance(NativeConstructorAccessorImpl.java:78)
	at java.base/jdk.internal.reflect.DelegatingConstructorAccessorImpl.newInstance(DelegatingConstructorAccessorImpl.java:45)
	at java.base/java.lang.reflect.Constructor.newInstanceWithCaller(Constructor.java:499)
	at java.base/java.lang.reflect.Constructor.newInstance(Constructor.java:480)
	at com.mysql.jdbc.Util.handleNewInstance(Util.java:425)
	at com.mysql.jdbc.SQLError.createCommunicationsException(SQLError.java:990)
	at com.mysql.jdbc.MysqlIO.<init>(MysqlIO.java:342)
	at com.mysql.jdbc.ConnectionImpl.coreConnect(ConnectionImpl.java:2197)
	at com.mysql.jdbc.ConnectionImpl.connectOneTryOnly(ConnectionImpl.java:2230)
	at com.mysql.jdbc.ConnectionImpl.createNewIO(ConnectionImpl.java:2025)
	at com.mysql.jdbc.ConnectionImpl.<init>(ConnectionImpl.java:778)
	at com.mysql.jdbc.JDBC4Connection.<init>(JDBC4Connection.java:47)
	at java.base/jdk.internal.reflect.NativeConstructorAccessorImpl.newInstance0(Native Method)
	at java.base/jdk.internal.reflect.NativeConstructorAccessorImpl.newInstance(NativeConstructorAccessorImpl.java:78)
	at java.base/jdk.internal.reflect.DelegatingConstructorAccessorImpl.newInstance(DelegatingConstructorAccessorImpl.java:45)
	at java.base/java.lang.reflect.Constructor.newInstanceWithCaller(Constructor.java:499)
	at java.base/java.lang.reflect.Constructor.newInstance(Constructor.java:480)
	at com.mysql.jdbc.Util.handleNewInstance(Util.java:425)
	at com.mysql.jdbc.ConnectionImpl.getInstance(ConnectionImpl.java:386)
	at com.mysql.jdbc.NonRegisteringDriver.connect(NonRegisteringDriver.java:330)
	at com.alibaba.druid.filter.FilterChainImpl.connection_connect(FilterChainImpl.java:156)
	at com.alibaba.druid.filter.FilterAdapter.connection_connect(FilterAdapter.java:787)
	at com.alibaba.druid.filter.FilterEventAdapter.connection_connect(FilterEventAdapter.java:38)
	at com.alibaba.druid.filter.FilterChainImpl.connection_connect(FilterChainImpl.java:150)
	at com.alibaba.druid.filter.FilterAdapter.connection_connect(FilterAdapter.java:787)
	at com.alibaba.druid.filter.FilterChainImpl.connection_connect(FilterChainImpl.java:150)
	at com.alibaba.druid.filter.stat.StatFilter.connection_connect(StatFilter.java:218)
	at com.alibaba.druid.filter.FilterChainImpl.connection_connect(FilterChainImpl.java:150)
	at com.alibaba.druid.pool.DruidAbstractDataSource.createPhysicalConnection(DruidAbstractDataSource.java:1598)
	at com.alibaba.druid.pool.DruidAbstractDataSource.createPhysicalConnection(DruidAbstractDataSource.java:1662)
	at com.alibaba.druid.pool.DruidDataSource.init(DruidDataSource.java:932)
	at com.baomidou.dynamic.datasource.DynamicDataSourceCreator.createDruidDataSource(DynamicDataSourceCreator.java:242)
	at com.baomidou.dynamic.datasource.DynamicDataSourceCreator.createDataSource(DynamicDataSourceCreator.java:139)
	at com.baomidou.dynamic.datasource.provider.YmlDynamicDataSourceProvider.loadDataSources(YmlDynamicDataSourceProvider.java:59)
	at com.baomidou.dynamic.datasource.DynamicRoutingDataSource.afterPropertiesSet(DynamicRoutingDataSource.java:202)
	at org.springframework.beans.factory.support.AbstractAutowireCapableBeanFactory.invokeInitMethods(AbstractAutowireCapableBeanFactory.java:1821)
	at org.springframework.beans.factory.support.AbstractAutowireCapableBeanFactory.initializeBean(AbstractAutowireCapableBeanFactory.java:1758)
	at org.springframework.beans.factory.support.AbstractAutowireCapableBeanFactory.doCreateBean(AbstractAutowireCapableBeanFactory.java:593)
	at org.springframework.beans.factory.support.AbstractAutowireCapableBeanFactory.createBean(AbstractAutowireCapableBeanFactory.java:515)
	at org.springframework.beans.factory.support.AbstractBeanFactory.lambda$doGetBean$0(AbstractBeanFactory.java:320)
	at org.springframework.beans.factory.support.DefaultSingletonBeanRegistry.getSingleton(DefaultSingletonBeanRegistry.java:222)
	at org.springframework.beans.factory.support.AbstractBeanFactory.doGetBean(AbstractBeanFactory.java:318)
	at org.springframework.beans.factory.support.AbstractBeanFactory.getBean(AbstractBeanFactory.java:199)
	at org.springframework.beans.factory.config.DependencyDescriptor.resolveCandidate(DependencyDescriptor.java:277)
	at org.springframework.beans.factory.support.DefaultListableBeanFactory.addCandidateEntry(DefaultListableBeanFactory.java:1463)
	at org.springframework.beans.factory.support.DefaultListableBeanFactory.findAutowireCandidates(DefaultListableBeanFactory.java:1427)
	at org.springframework.beans.factory.support.DefaultListableBeanFactory.resolveMultipleBeans(DefaultListableBeanFactory.java:1346)
	at org.springframework.beans.factory.support.DefaultListableBeanFactory.doResolveDependency(DefaultListableBeanFactory.java:1205)
	at org.springframework.beans.factory.support.DefaultListableBeanFactory.resolveDependency(DefaultListableBeanFactory.java:1167)
	at org.springframework.beans.factory.support.ConstructorResolver.resolveAutowiredArgument(ConstructorResolver.java:857)
	at org.springframework.beans.factory.support.ConstructorResolver.createArgumentArray(ConstructorResolver.java:760)
	at org.springframework.beans.factory.support.ConstructorResolver.autowireConstructor(ConstructorResolver.java:218)
	at org.springframework.beans.factory.support.AbstractAutowireCapableBeanFactory.autowireConstructor(AbstractAutowireCapableBeanFactory.java:1325)
	at org.springframework.beans.factory.support.AbstractAutowireCapableBeanFactory.createBeanInstance(AbstractAutowireCapableBeanFactory.java:1171)
	at org.springframework.beans.factory.support.AbstractAutowireCapableBeanFactory.doCreateBean(AbstractAutowireCapableBeanFactory.java:555)
	at org.springframework.beans.factory.support.AbstractAutowireCapableBeanFactory.createBean(AbstractAutowireCapableBeanFactory.java:515)
	at org.springframework.beans.factory.support.AbstractBeanFactory.lambda$doGetBean$0(AbstractBeanFactory.java:320)
	at org.springframework.beans.factory.support.DefaultSingletonBeanRegistry.getSingleton(DefaultSingletonBeanRegistry.java:222)
	at org.springframework.beans.factory.support.AbstractBeanFactory.doGetBean(AbstractBeanFactory.java:318)
	at org.springframework.beans.factory.support.AbstractBeanFactory.getBean(AbstractBeanFactory.java:199)
	at org.springframework.beans.factory.support.ConstructorResolver.instantiateUsingFactoryMethod(ConstructorResolver.java:392)
	at org.springframework.beans.factory.support.AbstractAutowireCapableBeanFactory.instantiateUsingFactoryMethod(AbstractAutowireCapableBeanFactory.java:1305)
	at org.springframework.beans.factory.support.AbstractAutowireCapableBeanFactory.createBeanInstance(AbstractAutowireCapableBeanFactory.java:1144)
	at org.springframework.beans.factory.support.AbstractAutowireCapableBeanFactory.doCreateBean(AbstractAutowireCapableBeanFactory.java:555)
	at org.springframework.beans.factory.support.AbstractAutowireCapableBeanFactory.createBean(AbstractAutowireCapableBeanFactory.java:515)
	at org.springframework.beans.factory.support.AbstractBeanFactory.lambda$doGetBean$0(AbstractBeanFactory.java:320)
	at org.springframework.beans.factory.support.DefaultSingletonBeanRegistry.getSingleton(DefaultSingletonBeanRegistry.java:222)
	at org.springframework.beans.factory.support.AbstractBeanFactory.doGetBean(AbstractBeanFactory.java:318)
	at org.springframework.beans.factory.support.AbstractBeanFactory.getBean(AbstractBeanFactory.java:199)
	at org.springframework.beans.factory.support.DefaultListableBeanFactory.getBeansOfType(DefaultListableBeanFactory.java:602)
	at org.springframework.beans.factory.support.DefaultListableBeanFactory.getBeansOfType(DefaultListableBeanFactory.java:590)
	at org.springframework.context.support.AbstractApplicationContext.getBeansOfType(AbstractApplicationContext.java:1226)
	at org.springframework.boot.actuate.autoconfigure.health.HealthIndicatorRegistryBeans.get(HealthIndicatorRegistryBeans.java:42)
	at org.springframework.boot.actuate.autoconfigure.health.HealthIndicatorAutoConfiguration.healthIndicatorRegistry(HealthIndicatorAutoConfiguration.java:78)
	at org.springframework.boot.actuate.autoconfigure.health.HealthIndicatorAutoConfiguration$$EnhancerBySpringCGLIB$$ace87275.CGLIB$healthIndicatorRegistry$2(<generated>)
	at org.springframework.boot.actuate.autoconfigure.health.HealthIndicatorAutoConfiguration$$EnhancerBySpringCGLIB$$ace87275$$FastClassBySpringCGLIB$$d2f4c82c.invoke(<generated>)
	at org.springframework.cglib.proxy.MethodProxy.invokeSuper(MethodProxy.java:244)
	at org.springframework.context.annotation.ConfigurationClassEnhancer$BeanMethodInterceptor.intercept(ConfigurationClassEnhancer.java:363)
	at org.springframework.boot.actuate.autoconfigure.health.HealthIndicatorAutoConfiguration$$EnhancerBySpringCGLIB$$ace87275.healthIndicatorRegistry(<generated>)
	at java.base/jdk.internal.reflect.NativeMethodAccessorImpl.invoke0(Native Method)
	at java.base/jdk.internal.reflect.NativeMethodAccessorImpl.invoke(NativeMethodAccessorImpl.java:78)
	at java.base/jdk.internal.reflect.DelegatingMethodAccessorImpl.invoke(DelegatingMethodAccessorImpl.java:43)
	at java.base/java.lang.reflect.Method.invoke(Method.java:567)
	at org.springframework.beans.factory.support.SimpleInstantiationStrategy.instantiate(SimpleInstantiationStrategy.java:154)
	at org.springframework.beans.factory.support.ConstructorResolver.instantiate(ConstructorResolver.java:622)
	at org.springframework.beans.factory.support.ConstructorResolver.instantiateUsingFactoryMethod(ConstructorResolver.java:607)
	at org.springframework.beans.factory.support.AbstractAutowireCapableBeanFactory.instantiateUsingFactoryMethod(AbstractAutowireCapableBeanFactory.java:1305)
	at org.springframework.beans.factory.support.AbstractAutowireCapableBeanFactory.createBeanInstance(AbstractAutowireCapableBeanFactory.java:1144)
	at org.springframework.beans.factory.support.AbstractAutowireCapableBeanFactory.doCreateBean(AbstractAutowireCapableBeanFactory.java:555)
	at org.springframework.beans.factory.support.AbstractAutowireCapableBeanFactory.createBean(AbstractAutowireCapableBeanFactory.java:515)
	at org.springframework.beans.factory.support.AbstractBeanFactory.lambda$doGetBean$0(AbstractBeanFactory.java:320)
	at org.springframework.beans.factory.support.DefaultSingletonBeanRegistry.getSingleton(DefaultSingletonBeanRegistry.java:222)
	at org.springframework.beans.factory.support.AbstractBeanFactory.doGetBean(AbstractBeanFactory.java:318)
	at org.springframework.beans.factory.support.AbstractBeanFactory.getBean(AbstractBeanFactory.java:199)
	at org.springframework.beans.factory.config.DependencyDescriptor.resolveCandidate(DependencyDescriptor.java:277)
	at org.springframework.beans.factory.support.DefaultListableBeanFactory.doResolveDependency(DefaultListableBeanFactory.java:1247)
	at org.springframework.beans.factory.support.DefaultListableBeanFactory.resolveDependency(DefaultListableBeanFactory.java:1167)
	at org.springframework.beans.factory.support.ConstructorResolver.resolveAutowiredArgument(ConstructorResolver.java:857)
	at org.springframework.beans.factory.support.ConstructorResolver.createArgumentArray(ConstructorResolver.java:760)
	at org.springframework.beans.factory.support.ConstructorResolver.instantiateUsingFactoryMethod(ConstructorResolver.java:509)
	at org.springframework.beans.factory.support.AbstractAutowireCapableBeanFactory.instantiateUsingFactoryMethod(AbstractAutowireCapableBeanFactory.java:1305)
	at org.springframework.beans.factory.support.AbstractAutowireCapableBeanFactory.createBeanInstance(AbstractAutowireCapableBeanFactory.java:1144)
	at org.springframework.beans.factory.support.AbstractAutowireCapableBeanFactory.doCreateBean(AbstractAutowireCapableBeanFactory.java:555)
	at org.springframework.beans.factory.support.AbstractAutowireCapableBeanFactory.createBean(AbstractAutowireCapableBeanFactory.java:515)
	at org.springframework.beans.factory.support.AbstractBeanFactory.lambda$doGetBean$0(AbstractBeanFactory.java:320)
	at org.springframework.beans.factory.support.DefaultSingletonBeanRegistry.getSingleton(DefaultSingletonBeanRegistry.java:222)
	at org.springframework.beans.factory.support.AbstractBeanFactory.doGetBean(AbstractBeanFactory.java:318)
	at org.springframework.beans.factory.support.AbstractBeanFactory.getBean(AbstractBeanFactory.java:199)
	at org.springframework.context.support.AbstractApplicationContext.getBean(AbstractApplicationContext.java:1105)
	at org.springframework.boot.actuate.endpoint.annotation.EndpointDiscoverer.createEndpointBean(EndpointDiscoverer.java:149)
	at org.springframework.boot.actuate.endpoint.annotation.EndpointDiscoverer.createEndpointBeans(EndpointDiscoverer.java:136)
	at org.springframework.boot.actuate.endpoint.annotation.EndpointDiscoverer.discoverEndpoints(EndpointDiscoverer.java:125)
	at org.springframework.boot.actuate.endpoint.annotation.EndpointDiscoverer.getEndpoints(EndpointDiscoverer.java:119)
	at org.springframework.boot.actuate.autoconfigure.endpoint.web.ServletEndpointManagementContextConfiguration$WebMvcServletEndpointManagementContextConfiguration.servletEndpointRegistrar(ServletEndpointManagementContextConfiguration.java:76)
	at org.springframework.boot.actuate.autoconfigure.endpoint.web.ServletEndpointManagementContextConfiguration$WebMvcServletEndpointManagementContextConfiguration$$EnhancerBySpringCGLIB$$599aae90.CGLIB$servletEndpointRegistrar$0(<generated>)
	at org.springframework.boot.actuate.autoconfigure.endpoint.web.ServletEndpointManagementContextConfiguration$WebMvcServletEndpointManagementContextConfiguration$$EnhancerBySpringCGLIB$$599aae90$$FastClassBySpringCGLIB$$a9bca86a.invoke(<generated>)
	at org.springframework.cglib.proxy.MethodProxy.invokeSuper(MethodProxy.java:244)
	at org.springframework.context.annotation.ConfigurationClassEnhancer$BeanMethodInterceptor.intercept(ConfigurationClassEnhancer.java:363)
	at org.springframework.boot.actuate.autoconfigure.endpoint.web.ServletEndpointManagementContextConfiguration$WebMvcServletEndpointManagementContextConfiguration$$EnhancerBySpringCGLIB$$599aae90.servletEndpointRegistrar(<generated>)
	at java.base/jdk.internal.reflect.NativeMethodAccessorImpl.invoke0(Native Method)
	at java.base/jdk.internal.reflect.NativeMethodAccessorImpl.invoke(NativeMethodAccessorImpl.java:78)
	at java.base/jdk.internal.reflect.DelegatingMethodAccessorImpl.invoke(DelegatingMethodAccessorImpl.java:43)
	at java.base/java.lang.reflect.Method.invoke(Method.java:567)
	at org.springframework.beans.factory.support.SimpleInstantiationStrategy.instantiate(SimpleInstantiationStrategy.java:154)
	at org.springframework.beans.factory.support.ConstructorResolver.instantiate(ConstructorResolver.java:622)
	at org.springframework.beans.factory.support.ConstructorResolver.instantiateUsingFactoryMethod(ConstructorResolver.java:607)
	at org.springframework.beans.factory.support.AbstractAutowireCapableBeanFactory.instantiateUsingFactoryMethod(AbstractAutowireCapableBeanFactory.java:1305)
	at org.springframework.beans.factory.support.AbstractAutowireCapableBeanFactory.createBeanInstance(AbstractAutowireCapableBeanFactory.java:1144)
	at org.springframework.beans.factory.support.AbstractAutowireCapableBeanFactory.doCreateBean(AbstractAutowireCapableBeanFactory.java:555)
	at org.springframework.beans.factory.support.AbstractAutowireCapableBeanFactory.createBean(AbstractAutowireCapableBeanFactory.java:515)
	at org.springframework.beans.factory.support.AbstractBeanFactory.lambda$doGetBean$0(AbstractBeanFactory.java:320)
	at org.springframework.beans.factory.support.DefaultSingletonBeanRegistry.getSingleton(DefaultSingletonBeanRegistry.java:222)
	at org.springframework.beans.factory.support.AbstractBeanFactory.doGetBean(AbstractBeanFactory.java:318)
	at org.springframework.beans.factory.support.AbstractBeanFactory.getBean(AbstractBeanFactory.java:204)
	at org.springframework.boot.web.servlet.ServletContextInitializerBeans.getOrderedBeansOfType(ServletContextInitializerBeans.java:235)
	at org.springframework.boot.web.servlet.ServletContextInitializerBeans.getOrderedBeansOfType(ServletContextInitializerBeans.java:226)
	at org.springframework.boot.web.servlet.ServletContextInitializerBeans.addServletContextInitializerBeans(ServletContextInitializerBeans.java:101)
	at org.springframework.boot.web.servlet.ServletContextInitializerBeans.<init>(ServletContextInitializerBeans.java:88)
	at org.springframework.boot.web.servlet.context.ServletWebServerApplicationContext.getServletContextInitializerBeans(ServletWebServerApplicationContext.java:261)
	at org.springframework.boot.web.servlet.context.ServletWebServerApplicationContext.selfInitialize(ServletWebServerApplicationContext.java:234)
	at org.springframework.boot.web.embedded.tomcat.TomcatStarter.onStartup(TomcatStarter.java:54)
	at org.apache.catalina.core.StandardContext.startInternal(StandardContext.java:5125)
	at org.apache.catalina.util.LifecycleBase.start(LifecycleBase.java:183)
	at org.apache.catalina.core.ContainerBase$StartChild.call(ContainerBase.java:1377)
	at org.apache.catalina.core.ContainerBase$StartChild.call(ContainerBase.java:1367)
	at java.base/java.util.concurrent.FutureTask.run$$$capture(FutureTask.java:264)
	at java.base/java.util.concurrent.FutureTask.run(FutureTask.java)
	at org.apache.tomcat.util.threads.InlineExecutorService.execute(InlineExecutorService.java:75)
	at java.base/java.util.concurrent.AbstractExecutorService.submit(AbstractExecutorService.java:145)
	at org.apache.catalina.core.ContainerBase.startInternal(ContainerBase.java:902)
	at org.apache.catalina.core.StandardHost.startInternal(StandardHost.java:831)
	at org.apache.catalina.util.LifecycleBase.start(LifecycleBase.java:183)
	at org.apache.catalina.core.ContainerBase$StartChild.call(ContainerBase.java:1377)
	at org.apache.catalina.core.ContainerBase$StartChild.call(ContainerBase.java:1367)
	at java.base/java.util.concurrent.FutureTask.run$$$capture(FutureTask.java:264)
	at java.base/java.util.concurrent.FutureTask.run(FutureTask.java)
	at org.apache.tomcat.util.threads.InlineExecutorService.execute(InlineExecutorService.java:75)
	at java.base/java.util.concurrent.AbstractExecutorService.submit(AbstractExecutorService.java:145)
	at org.apache.catalina.core.ContainerBase.startInternal(ContainerBase.java:902)
	at org.apache.catalina.core.StandardEngine.startInternal(StandardEngine.java:262)
	at org.apache.catalina.util.LifecycleBase.start(LifecycleBase.java:183)
	at org.apache.catalina.core.StandardService.startInternal(StandardService.java:423)
	at org.apache.catalina.util.LifecycleBase.start(LifecycleBase.java:183)
	at org.apache.catalina.core.StandardServer.startInternal(StandardServer.java:928)
	at org.apache.catalina.util.LifecycleBase.start(LifecycleBase.java:183)
	at org.apache.catalina.startup.Tomcat.start(Tomcat.java:455)
	at org.springframework.boot.web.embedded.tomcat.TomcatWebServer.initialize(TomcatWebServer.java:106)
	at org.springframework.boot.web.embedded.tomcat.TomcatWebServer.<init>(TomcatWebServer.java:86)
	at org.springframework.boot.web.embedded.tomcat.TomcatServletWebServerFactory.getTomcatWebServer(TomcatServletWebServerFactory.java:415)
	at org.springframework.boot.web.embedded.tomcat.TomcatServletWebServerFactory.getWebServer(TomcatServletWebServerFactory.java:174)
	at org.springframework.boot.web.servlet.context.ServletWebServerApplicationContext.createWebServer(ServletWebServerApplicationContext.java:181)
	at org.springframework.boot.web.servlet.context.ServletWebServerApplicationContext.onRefresh(ServletWebServerApplicationContext.java:154)
	at org.springframework.context.support.AbstractApplicationContext.refresh(AbstractApplicationContext.java:543)
	at org.springframework.boot.web.servlet.context.ServletWebServerApplicationContext.refresh(ServletWebServerApplicationContext.java:142)
	at org.springframework.boot.SpringApplication.refresh(SpringApplication.java:775)
	at org.springframework.boot.SpringApplication.refreshContext(SpringApplication.java:397)
	at org.springframework.boot.SpringApplication.run(SpringApplication.java:316)
	at org.springframework.boot.SpringApplication.run(SpringApplication.java:1260)
	at org.springframework.boot.SpringApplication.run(SpringApplication.java:1248)
	at org.jeecg.JeecgApplication.main(JeecgApplication.java:24)
Caused by: java.net.UnknownHostException: teacher_mysql: nodename nor servname provided, or not known
	at java.base/java.net.Inet6AddressImpl.lookupAllHostAddr(Native Method)
	at java.base/java.net.InetAddress$PlatformNameService.lookupAllHostAddr(InetAddress.java:932)
	at java.base/java.net.InetAddress.getAddressesFromNameService(InetAddress.java:1517)
	at java.base/java.net.InetAddress$NameServiceAddresses.get(InetAddress.java:851)
	at java.base/java.net.InetAddress.getAllByName0(InetAddress.java:1507)
	at java.base/java.net.InetAddress.getAllByName(InetAddress.java:1366)
	at java.base/java.net.InetAddress.getAllByName(InetAddress.java:1300)
	at com.mysql.jdbc.StandardSocketFactory.connect(StandardSocketFactory.java:188)
	at com.mysql.jdbc.MysqlIO.<init>(MysqlIO.java:301)
	... 173 common frames omitted
2021-09-08 00:02:57.804 [Druid-ConnectionPool-Create-1016921310] ERROR com.alibaba.druid.pool.DruidDataSource:2699 - create connection SQLException, url: jdbc:mysql://teacher_mysql:3306/teachingopen?characterEncoding=UTF-8&useUnicode=true&useSSL=false&tinyInt1isBit=false, errorCode 0, state 08S01
com.mysql.jdbc.exceptions.jdbc4.CommunicationsException: Communications link failure

The last packet sent successfully to the server was 0 milliseconds ago. The driver has not received any packets from the server.
	at java.base/jdk.internal.reflect.NativeConstructorAccessorImpl.newInstance0(Native Method)
	at java.base/jdk.internal.reflect.NativeConstructorAccessorImpl.newInstance(NativeConstructorAccessorImpl.java:78)
	at java.base/jdk.internal.reflect.DelegatingConstructorAccessorImpl.newInstance(DelegatingConstructorAccessorImpl.java:45)
	at java.base/java.lang.reflect.Constructor.newInstanceWithCaller(Constructor.java:499)
	at java.base/java.lang.reflect.Constructor.newInstance(Constructor.java:480)
	at com.mysql.jdbc.Util.handleNewInstance(Util.java:425)
	at com.mysql.jdbc.SQLError.createCommunicationsException(SQLError.java:990)
	at com.mysql.jdbc.MysqlIO.<init>(MysqlIO.java:342)
	at com.mysql.jdbc.ConnectionImpl.coreConnect(ConnectionImpl.java:2197)
	at com.mysql.jdbc.ConnectionImpl.connectOneTryOnly(ConnectionImpl.java:2230)
	at com.mysql.jdbc.ConnectionImpl.createNewIO(ConnectionImpl.java:2025)
	at com.mysql.jdbc.ConnectionImpl.<init>(ConnectionImpl.java:778)
	at com.mysql.jdbc.JDBC4Connection.<init>(JDBC4Connection.java:47)
	at java.base/jdk.internal.reflect.NativeConstructorAccessorImpl.newInstance0(Native Method)
	at java.base/jdk.internal.reflect.NativeConstructorAccessorImpl.newInstance(NativeConstructorAccessorImpl.java:78)
	at java.base/jdk.internal.reflect.DelegatingConstructorAccessorImpl.newInstance(DelegatingConstructorAccessorImpl.java:45)
	at java.base/java.lang.reflect.Constructor.newInstanceWithCaller(Constructor.java:499)
	at java.base/java.lang.reflect.Constructor.newInstance(Constructor.java:480)
	at com.mysql.jdbc.Util.handleNewInstance(Util.java:425)
	at com.mysql.jdbc.ConnectionImpl.getInstance(ConnectionImpl.java:386)
	at com.mysql.jdbc.NonRegisteringDriver.connect(NonRegisteringDriver.java:330)
	at com.alibaba.druid.filter.FilterChainImpl.connection_connect(FilterChainImpl.java:156)
	at com.alibaba.druid.filter.FilterAdapter.connection_connect(FilterAdapter.java:787)
	at com.alibaba.druid.filter.FilterEventAdapter.connection_connect(FilterEventAdapter.java:38)
	at com.alibaba.druid.filter.FilterChainImpl.connection_connect(FilterChainImpl.java:150)
	at com.alibaba.druid.filter.FilterAdapter.connection_connect(FilterAdapter.java:787)
	at com.alibaba.druid.filter.FilterChainImpl.connection_connect(FilterChainImpl.java:150)
	at com.alibaba.druid.filter.stat.StatFilter.connection_connect(StatFilter.java:218)
	at com.alibaba.druid.filter.FilterChainImpl.connection_connect(FilterChainImpl.java:150)
	at com.alibaba.druid.pool.DruidAbstractDataSource.createPhysicalConnection(DruidAbstractDataSource.java:1598)
	at com.alibaba.druid.pool.DruidAbstractDataSource.createPhysicalConnection(DruidAbstractDataSource.java:1662)
	at com.alibaba.druid.pool.DruidDataSource$CreateConnectionThread.run(DruidDataSource.java:2697)
Caused by: java.net.UnknownHostException: teacher_mysql
	at java.base/java.net.InetAddress$CachedAddresses.get(InetAddress.java:800)
	at java.base/java.net.InetAddress.getAllByName0(InetAddress.java:1507)
	at java.base/java.net.InetAddress.getAllByName(InetAddress.java:1366)
	at java.base/java.net.InetAddress.getAllByName(InetAddress.java:1300)
	at com.mysql.jdbc.StandardSocketFactory.connect(StandardSocketFactory.java:188)
	at com.mysql.jdbc.MysqlIO.<init>(MysqlIO.java:301)
	... 24 common frames omitted
2021-09-08 00:02:57.900 [Druid-ConnectionPool-Create-1016921310] INFO  com.alibaba.druid.pool.DruidAbstractDataSource:1743 - {dataSource-1} failContinuous is true
2021-09-08 00:02:58.080 [main] INFO  c.b.dynamic.datasource.DynamicRoutingDataSource:203 - 初始共加载 1 个数据源
2021-09-08 00:02:58.082 [main] INFO  c.b.dynamic.datasource.DynamicRoutingDataSource:142 - 动态数据源-加载 master 成功
2021-09-08 00:02:58.083 [main] INFO  c.b.dynamic.datasource.DynamicRoutingDataSource:212 - 当前的默认数据源是单数据源，数据源名为 master
2021-09-08 00:02:58.408 [Druid-ConnectionPool-Create-1016921310] ERROR com.alibaba.druid.pool.DruidDataSource:2699 - create connection SQLException, url: jdbc:mysql://teacher_mysql:3306/teachingopen?characterEncoding=UTF-8&useUnicode=true&useSSL=false&tinyInt1isBit=false, errorCode 0, state 08S01
com.mysql.jdbc.exceptions.jdbc4.CommunicationsException: Communications link failure

The last packet sent successfully to the server was 0 milliseconds ago. The driver has not received any packets from the server.
	at java.base/jdk.internal.reflect.NativeConstructorAccessorImpl.newInstance0(Native Method)
	at java.base/jdk.internal.reflect.NativeConstructorAccessorImpl.newInstance(NativeConstructorAccessorImpl.java:78)
	at java.base/jdk.internal.reflect.DelegatingConstructorAccessorImpl.newInstance(DelegatingConstructorAccessorImpl.java:45)
	at java.base/java.lang.reflect.Constructor.newInstanceWithCaller(Constructor.java:499)
	at java.base/java.lang.reflect.Constructor.newInstance(Constructor.java:480)
	at com.mysql.jdbc.Util.handleNewInstance(Util.java:425)
	at com.mysql.jdbc.SQLError.createCommunicationsException(SQLError.java:990)
	at com.mysql.jdbc.MysqlIO.<init>(MysqlIO.java:342)
	at com.mysql.jdbc.ConnectionImpl.coreConnect(ConnectionImpl.java:2197)
	at com.mysql.jdbc.ConnectionImpl.connectOneTryOnly(ConnectionImpl.java:2230)
	at com.mysql.jdbc.ConnectionImpl.createNewIO(ConnectionImpl.java:2025)
	at com.mysql.jdbc.ConnectionImpl.<init>(ConnectionImpl.java:778)
	at com.mysql.jdbc.JDBC4Connection.<init>(JDBC4Connection.java:47)
	at java.base/jdk.internal.reflect.NativeConstructorAccessorImpl.newInstance0(Native Method)
	at java.base/jdk.internal.reflect.NativeConstructorAccessorImpl.newInstance(NativeConstructorAccessorImpl.java:78)
	at java.base/jdk.internal.reflect.DelegatingConstructorAccessorImpl.newInstance(DelegatingConstructorAccessorImpl.java:45)
	at java.base/java.lang.reflect.Constructor.newInstanceWithCaller(Constructor.java:499)
	at java.base/java.lang.reflect.Constructor.newInstance(Constructor.java:480)
	at com.mysql.jdbc.Util.handleNewInstance(Util.java:425)
	at com.mysql.jdbc.ConnectionImpl.getInstance(ConnectionImpl.java:386)
	at com.mysql.jdbc.NonRegisteringDriver.connect(NonRegisteringDriver.java:330)
	at com.alibaba.druid.filter.FilterChainImpl.connection_connect(FilterChainImpl.java:156)
	at com.alibaba.druid.filter.FilterAdapter.connection_connect(FilterAdapter.java:787)
	at com.alibaba.druid.filter.FilterEventAdapter.connection_connect(FilterEventAdapter.java:38)
	at com.alibaba.druid.filter.FilterChainImpl.connection_connect(FilterChainImpl.java:150)
	at com.alibaba.druid.filter.FilterAdapter.connection_connect(FilterAdapter.java:787)
	at com.alibaba.druid.filter.FilterChainImpl.connection_connect(FilterChainImpl.java:150)
	at com.alibaba.druid.filter.stat.StatFilter.connection_connect(StatFilter.java:218)
	at com.alibaba.druid.filter.FilterChainImpl.connection_connect(FilterChainImpl.java:150)
	at com.alibaba.druid.pool.DruidAbstractDataSource.createPhysicalConnection(DruidAbstractDataSource.java:1598)
	at com.alibaba.druid.pool.DruidAbstractDataSource.createPhysicalConnection(DruidAbstractDataSource.java:1662)
	at com.alibaba.druid.pool.DruidDataSource$CreateConnectionThread.run(DruidDataSource.java:2697)
Caused by: java.net.UnknownHostException: teacher_mysql
	at java.base/java.net.InetAddress$CachedAddresses.get(InetAddress.java:800)
	at java.base/java.net.InetAddress.getAllByName0(InetAddress.java:1507)
	at java.base/java.net.InetAddress.getAllByName(InetAddress.java:1366)
	at java.base/java.net.InetAddress.getAllByName(InetAddress.java:1300)
	at com.mysql.jdbc.StandardSocketFactory.connect(StandardSocketFactory.java:188)
	at com.mysql.jdbc.MysqlIO.<init>(MysqlIO.java:301)
	... 24 common frames omitted
2021-09-08 00:02:58.955 [Druid-ConnectionPool-Create-1016921310] ERROR com.alibaba.druid.pool.DruidDataSource:2699 - create connection SQLException, url: jdbc:mysql://teacher_mysql:3306/teachingopen?characterEncoding=UTF-8&useUnicode=true&useSSL=false&tinyInt1isBit=false, errorCode 0, state 08S01
com.mysql.jdbc.exceptions.jdbc4.CommunicationsException: Communications link failure

The last packet sent successfully to the server was 0 milliseconds ago. The driver has not received any packets from the server.
	at java.base/jdk.internal.reflect.NativeConstructorAccessorImpl.newInstance0(Native Method)
	at java.base/jdk.internal.reflect.NativeConstructorAccessorImpl.newInstance(NativeConstructorAccessorImpl.java:78)
	at java.base/jdk.internal.reflect.DelegatingConstructorAccessorImpl.newInstance(DelegatingConstructorAccessorImpl.java:45)
	at java.base/java.lang.reflect.Constructor.newInstanceWithCaller(Constructor.java:499)
	at java.base/java.lang.reflect.Constructor.newInstance(Constructor.java:480)
	at com.mysql.jdbc.Util.handleNewInstance(Util.java:425)
	at com.mysql.jdbc.SQLError.createCommunicationsException(SQLError.java:990)
	at com.mysql.jdbc.MysqlIO.<init>(MysqlIO.java:342)
	at com.mysql.jdbc.ConnectionImpl.coreConnect(ConnectionImpl.java:2197)
	at com.mysql.jdbc.ConnectionImpl.connectOneTryOnly(ConnectionImpl.java:2230)
	at com.mysql.jdbc.ConnectionImpl.createNewIO(ConnectionImpl.java:2025)
	at com.mysql.jdbc.ConnectionImpl.<init>(ConnectionImpl.java:778)
	at com.mysql.jdbc.JDBC4Connection.<init>(JDBC4Connection.java:47)
	at java.base/jdk.internal.reflect.NativeConstructorAccessorImpl.newInstance0(Native Method)
	at java.base/jdk.internal.reflect.NativeConstructorAccessorImpl.newInstance(NativeConstructorAccessorImpl.java:78)
	at java.base/jdk.internal.reflect.DelegatingConstructorAccessorImpl.newInstance(DelegatingConstructorAccessorImpl.java:45)
	at java.base/java.lang.reflect.Constructor.newInstanceWithCaller(Constructor.java:499)
	at java.base/java.lang.reflect.Constructor.newInstance(Constructor.java:480)
	at com.mysql.jdbc.Util.handleNewInstance(Util.java:425)
	at com.mysql.jdbc.ConnectionImpl.getInstance(ConnectionImpl.java:386)
	at com.mysql.jdbc.NonRegisteringDriver.connect(NonRegisteringDriver.java:330)
	at com.alibaba.druid.filter.FilterChainImpl.connection_connect(FilterChainImpl.java:156)
	at com.alibaba.druid.filter.FilterAdapter.connection_connect(FilterAdapter.java:787)
	at com.alibaba.druid.filter.FilterEventAdapter.connection_connect(FilterEventAdapter.java:38)
	at com.alibaba.druid.filter.FilterChainImpl.connection_connect(FilterChainImpl.java:150)
	at com.alibaba.druid.filter.FilterAdapter.connection_connect(FilterAdapter.java:787)
	at com.alibaba.druid.filter.FilterChainImpl.connection_connect(FilterChainImpl.java:150)
	at com.alibaba.druid.filter.stat.StatFilter.connection_connect(StatFilter.java:218)
	at com.alibaba.druid.filter.FilterChainImpl.connection_connect(FilterChainImpl.java:150)
	at com.alibaba.druid.pool.DruidAbstractDataSource.createPhysicalConnection(DruidAbstractDataSource.java:1598)
	at com.alibaba.druid.pool.DruidAbstractDataSource.createPhysicalConnection(DruidAbstractDataSource.java:1662)
	at com.alibaba.druid.pool.DruidDataSource$CreateConnectionThread.run(DruidDataSource.java:2697)
Caused by: java.net.UnknownHostException: teacher_mysql
	at java.base/java.net.InetAddress$CachedAddresses.get(InetAddress.java:800)
	at java.base/java.net.InetAddress.getAllByName0(InetAddress.java:1507)
	at java.base/java.net.InetAddress.getAllByName(InetAddress.java:1366)
	at java.base/java.net.InetAddress.getAllByName(InetAddress.java:1300)
	at com.mysql.jdbc.StandardSocketFactory.connect(StandardSocketFactory.java:188)
	at com.mysql.jdbc.MysqlIO.<init>(MysqlIO.java:301)
	... 24 common frames omitted
2021-09-08 00:02:59.503 [Druid-ConnectionPool-Create-1016921310] ERROR com.alibaba.druid.pool.DruidDataSource:2699 - create connection SQLException, url: jdbc:mysql://teacher_mysql:3306/teachingopen?characterEncoding=UTF-8&useUnicode=true&useSSL=false&tinyInt1isBit=false, errorCode 0, state 08S01
com.mysql.jdbc.exceptions.jdbc4.CommunicationsException: Communications link failure

The last packet sent successfully to the server was 0 milliseconds ago. The driver has not received any packets from the server.
	at java.base/jdk.internal.reflect.NativeConstructorAccessorImpl.newInstance0(Native Method)
	at java.base/jdk.internal.reflect.NativeConstructorAccessorImpl.newInstance(NativeConstructorAccessorImpl.java:78)
	at java.base/jdk.internal.reflect.DelegatingConstructorAccessorImpl.newInstance(DelegatingConstructorAccessorImpl.java:45)
	at java.base/java.lang.reflect.Constructor.newInstanceWithCaller(Constructor.java:499)
	at java.base/java.lang.reflect.Constructor.newInstance(Constructor.java:480)
	at com.mysql.jdbc.Util.handleNewInstance(Util.java:425)
	at com.mysql.jdbc.SQLError.createCommunicationsException(SQLError.java:990)
	at com.mysql.jdbc.MysqlIO.<init>(MysqlIO.java:342)
	at com.mysql.jdbc.ConnectionImpl.coreConnect(ConnectionImpl.java:2197)
	at com.mysql.jdbc.ConnectionImpl.connectOneTryOnly(ConnectionImpl.java:2230)
	at com.mysql.jdbc.ConnectionImpl.createNewIO(ConnectionImpl.java:2025)
	at com.mysql.jdbc.ConnectionImpl.<init>(ConnectionImpl.java:778)
	at com.mysql.jdbc.JDBC4Connection.<init>(JDBC4Connection.java:47)
	at java.base/jdk.internal.reflect.NativeConstructorAccessorImpl.newInstance0(Native Method)
	at java.base/jdk.internal.reflect.NativeConstructorAccessorImpl.newInstance(NativeConstructorAccessorImpl.java:78)
	at java.base/jdk.internal.reflect.DelegatingConstructorAccessorImpl.newInstance(DelegatingConstructorAccessorImpl.java:45)
	at java.base/java.lang.reflect.Constructor.newInstanceWithCaller(Constructor.java:499)
	at java.base/java.lang.reflect.Constructor.newInstance(Constructor.java:480)
	at com.mysql.jdbc.Util.handleNewInstance(Util.java:425)
	at com.mysql.jdbc.ConnectionImpl.getInstance(ConnectionImpl.java:386)
	at com.mysql.jdbc.NonRegisteringDriver.connect(NonRegisteringDriver.java:330)
	at com.alibaba.druid.filter.FilterChainImpl.connection_connect(FilterChainImpl.java:156)
	at com.alibaba.druid.filter.FilterAdapter.connection_connect(FilterAdapter.java:787)
	at com.alibaba.druid.filter.FilterEventAdapter.connection_connect(FilterEventAdapter.java:38)
	at com.alibaba.druid.filter.FilterChainImpl.connection_connect(FilterChainImpl.java:150)
	at com.alibaba.druid.filter.FilterAdapter.connection_connect(FilterAdapter.java:787)
	at com.alibaba.druid.filter.FilterChainImpl.connection_connect(FilterChainImpl.java:150)
	at com.alibaba.druid.filter.stat.StatFilter.connection_connect(StatFilter.java:218)
	at com.alibaba.druid.filter.FilterChainImpl.connection_connect(FilterChainImpl.java:150)
	at com.alibaba.druid.pool.DruidAbstractDataSource.createPhysicalConnection(DruidAbstractDataSource.java:1598)
	at com.alibaba.druid.pool.DruidAbstractDataSource.createPhysicalConnection(DruidAbstractDataSource.java:1662)
	at com.alibaba.druid.pool.DruidDataSource$CreateConnectionThread.run(DruidDataSource.java:2697)
Caused by: java.net.UnknownHostException: teacher_mysql
	at java.base/java.net.InetAddress$CachedAddresses.get(InetAddress.java:800)
	at java.base/java.net.InetAddress.getAllByName0(InetAddress.java:1507)
	at java.base/java.net.InetAddress.getAllByName(InetAddress.java:1366)
	at java.base/java.net.InetAddress.getAllByName(InetAddress.java:1300)
	at com.mysql.jdbc.StandardSocketFactory.connect(StandardSocketFactory.java:188)
	at com.mysql.jdbc.MysqlIO.<init>(MysqlIO.java:301)
	... 24 common frames omitted
2021-09-08 00:03:00.057 [Druid-ConnectionPool-Create-1016921310] ERROR com.alibaba.druid.pool.DruidDataSource:2699 - create connection SQLException, url: jdbc:mysql://teacher_mysql:3306/teachingopen?characterEncoding=UTF-8&useUnicode=true&useSSL=false&tinyInt1isBit=false, errorCode 0, state 08S01
com.mysql.jdbc.exceptions.jdbc4.CommunicationsException: Communications link failure

The last packet sent successfully to the server was 0 milliseconds ago. The driver has not received any packets from the server.
	at java.base/jdk.internal.reflect.NativeConstructorAccessorImpl.newInstance0(Native Method)
	at java.base/jdk.internal.reflect.NativeConstructorAccessorImpl.newInstance(NativeConstructorAccessorImpl.java:78)
	at java.base/jdk.internal.reflect.DelegatingConstructorAccessorImpl.newInstance(DelegatingConstructorAccessorImpl.java:45)
	at java.base/java.lang.reflect.Constructor.newInstanceWithCaller(Constructor.java:499)
	at java.base/java.lang.reflect.Constructor.newInstance(Constructor.java:480)
	at com.mysql.jdbc.Util.handleNewInstance(Util.java:425)
	at com.mysql.jdbc.SQLError.createCommunicationsException(SQLError.java:990)
	at com.mysql.jdbc.MysqlIO.<init>(MysqlIO.java:342)
	at com.mysql.jdbc.ConnectionImpl.coreConnect(ConnectionImpl.java:2197)
	at com.mysql.jdbc.ConnectionImpl.connectOneTryOnly(ConnectionImpl.java:2230)
	at com.mysql.jdbc.ConnectionImpl.createNewIO(ConnectionImpl.java:2025)
	at com.mysql.jdbc.ConnectionImpl.<init>(ConnectionImpl.java:778)
	at com.mysql.jdbc.JDBC4Connection.<init>(JDBC4Connection.java:47)
	at java.base/jdk.internal.reflect.NativeConstructorAccessorImpl.newInstance0(Native Method)
	at java.base/jdk.internal.reflect.NativeConstructorAccessorImpl.newInstance(NativeConstructorAccessorImpl.java:78)
	at java.base/jdk.internal.reflect.DelegatingConstructorAccessorImpl.newInstance(DelegatingConstructorAccessorImpl.java:45)
	at java.base/java.lang.reflect.Constructor.newInstanceWithCaller(Constructor.java:499)
	at java.base/java.lang.reflect.Constructor.newInstance(Constructor.java:480)
	at com.mysql.jdbc.Util.handleNewInstance(Util.java:425)
	at com.mysql.jdbc.ConnectionImpl.getInstance(ConnectionImpl.java:386)
	at com.mysql.jdbc.NonRegisteringDriver.connect(NonRegisteringDriver.java:330)
	at com.alibaba.druid.filter.FilterChainImpl.connection_connect(FilterChainImpl.java:156)
	at com.alibaba.druid.filter.FilterAdapter.connection_connect(FilterAdapter.java:787)
	at com.alibaba.druid.filter.FilterEventAdapter.connection_connect(FilterEventAdapter.java:38)
	at com.alibaba.druid.filter.FilterChainImpl.connection_connect(FilterChainImpl.java:150)
	at com.alibaba.druid.filter.FilterAdapter.connection_connect(FilterAdapter.java:787)
	at com.alibaba.druid.filter.FilterChainImpl.connection_connect(FilterChainImpl.java:150)
	at com.alibaba.druid.filter.stat.StatFilter.connection_connect(StatFilter.java:218)
	at com.alibaba.druid.filter.FilterChainImpl.connection_connect(FilterChainImpl.java:150)
	at com.alibaba.druid.pool.DruidAbstractDataSource.createPhysicalConnection(DruidAbstractDataSource.java:1598)
	at com.alibaba.druid.pool.DruidAbstractDataSource.createPhysicalConnection(DruidAbstractDataSource.java:1662)
	at com.alibaba.druid.pool.DruidDataSource$CreateConnectionThread.run(DruidDataSource.java:2697)
Caused by: java.net.UnknownHostException: teacher_mysql
	at java.base/java.net.InetAddress$CachedAddresses.get(InetAddress.java:800)
	at java.base/java.net.InetAddress.getAllByName0(InetAddress.java:1507)
	at java.base/java.net.InetAddress.getAllByName(InetAddress.java:1366)
	at java.base/java.net.InetAddress.getAllByName(InetAddress.java:1300)
	at com.mysql.jdbc.StandardSocketFactory.connect(StandardSocketFactory.java:188)
	at com.mysql.jdbc.MysqlIO.<init>(MysqlIO.java:301)
	... 24 common frames omitted
2021-09-08 00:03:00.606 [Druid-ConnectionPool-Create-1016921310] ERROR com.alibaba.druid.pool.DruidDataSource:2699 - create connection SQLException, url: jdbc:mysql://teacher_mysql:3306/teachingopen?characterEncoding=UTF-8&useUnicode=true&useSSL=false&tinyInt1isBit=false, errorCode 0, state 08S01
com.mysql.jdbc.exceptions.jdbc4.CommunicationsException: Communications link failure

The last packet sent successfully to the server was 0 milliseconds ago. The driver has not received any packets from the server.
	at java.base/jdk.internal.reflect.NativeConstructorAccessorImpl.newInstance0(Native Method)
	at java.base/jdk.internal.reflect.NativeConstructorAccessorImpl.newInstance(NativeConstructorAccessorImpl.java:78)
	at java.base/jdk.internal.reflect.DelegatingConstructorAccessorImpl.newInstance(DelegatingConstructorAccessorImpl.java:45)
	at java.base/java.lang.reflect.Constructor.newInstanceWithCaller(Constructor.java:499)
	at java.base/java.lang.reflect.Constructor.newInstance(Constructor.java:480)
	at com.mysql.jdbc.Util.handleNewInstance(Util.java:425)
	at com.mysql.jdbc.SQLError.createCommunicationsException(SQLError.java:990)
	at com.mysql.jdbc.MysqlIO.<init>(MysqlIO.java:342)
	at com.mysql.jdbc.ConnectionImpl.coreConnect(ConnectionImpl.java:2197)
	at com.mysql.jdbc.ConnectionImpl.connectOneTryOnly(ConnectionImpl.java:2230)
	at com.mysql.jdbc.ConnectionImpl.createNewIO(ConnectionImpl.java:2025)
	at com.mysql.jdbc.ConnectionImpl.<init>(ConnectionImpl.java:778)
	at com.mysql.jdbc.JDBC4Connection.<init>(JDBC4Connection.java:47)
	at java.base/jdk.internal.reflect.NativeConstructorAccessorImpl.newInstance0(Native Method)
	at java.base/jdk.internal.reflect.NativeConstructorAccessorImpl.newInstance(NativeConstructorAccessorImpl.java:78)
	at java.base/jdk.internal.reflect.DelegatingConstructorAccessorImpl.newInstance(DelegatingConstructorAccessorImpl.java:45)
	at java.base/java.lang.reflect.Constructor.newInstanceWithCaller(Constructor.java:499)
	at java.base/java.lang.reflect.Constructor.newInstance(Constructor.java:480)
	at com.mysql.jdbc.Util.handleNewInstance(Util.java:425)
	at com.mysql.jdbc.ConnectionImpl.getInstance(ConnectionImpl.java:386)
	at com.mysql.jdbc.NonRegisteringDriver.connect(NonRegisteringDriver.java:330)
	at com.alibaba.druid.filter.FilterChainImpl.connection_connect(FilterChainImpl.java:156)
	at com.alibaba.druid.filter.FilterAdapter.connection_connect(FilterAdapter.java:787)
	at com.alibaba.druid.filter.FilterEventAdapter.connection_connect(FilterEventAdapter.java:38)
	at com.alibaba.druid.filter.FilterChainImpl.connection_connect(FilterChainImpl.java:150)
	at com.alibaba.druid.filter.FilterAdapter.connection_connect(FilterAdapter.java:787)
	at com.alibaba.druid.filter.FilterChainImpl.connection_connect(FilterChainImpl.java:150)
	at com.alibaba.druid.filter.stat.StatFilter.connection_connect(StatFilter.java:218)
	at com.alibaba.druid.filter.FilterChainImpl.connection_connect(FilterChainImpl.java:150)
	at com.alibaba.druid.pool.DruidAbstractDataSource.createPhysicalConnection(DruidAbstractDataSource.java:1598)
	at com.alibaba.druid.pool.DruidAbstractDataSource.createPhysicalConnection(DruidAbstractDataSource.java:1662)
	at com.alibaba.druid.pool.DruidDataSource$CreateConnectionThread.run(DruidDataSource.java:2697)
Caused by: java.net.UnknownHostException: teacher_mysql
	at java.base/java.net.InetAddress$CachedAddresses.get(InetAddress.java:800)
	at java.base/java.net.InetAddress.getAllByName0(InetAddress.java:1507)
	at java.base/java.net.InetAddress.getAllByName(InetAddress.java:1366)
	at java.base/java.net.InetAddress.getAllByName(InetAddress.java:1300)
	at com.mysql.jdbc.StandardSocketFactory.connect(StandardSocketFactory.java:188)
	at com.mysql.jdbc.MysqlIO.<init>(MysqlIO.java:301)
	... 24 common frames omitted
2021-09-08 00:03:01.156 [Druid-ConnectionPool-Create-1016921310] ERROR com.alibaba.druid.pool.DruidDataSource:2699 - create connection SQLException, url: jdbc:mysql://teacher_mysql:3306/teachingopen?characterEncoding=UTF-8&useUnicode=true&useSSL=false&tinyInt1isBit=false, errorCode 0, state 08S01
com.mysql.jdbc.exceptions.jdbc4.CommunicationsException: Communications link failure

The last packet sent successfully to the server was 0 milliseconds ago. The driver has not received any packets from the server.
	at java.base/jdk.internal.reflect.NativeConstructorAccessorImpl.newInstance0(Native Method)
	at java.base/jdk.internal.reflect.NativeConstructorAccessorImpl.newInstance(NativeConstructorAccessorImpl.java:78)
	at java.base/jdk.internal.reflect.DelegatingConstructorAccessorImpl.newInstance(DelegatingConstructorAccessorImpl.java:45)
	at java.base/java.lang.reflect.Constructor.newInstanceWithCaller(Constructor.java:499)
	at java.base/java.lang.reflect.Constructor.newInstance(Constructor.java:480)
	at com.mysql.jdbc.Util.handleNewInstance(Util.java:425)
	at com.mysql.jdbc.SQLError.createCommunicationsException(SQLError.java:990)
	at com.mysql.jdbc.MysqlIO.<init>(MysqlIO.java:342)
	at com.mysql.jdbc.ConnectionImpl.coreConnect(ConnectionImpl.java:2197)
	at com.mysql.jdbc.ConnectionImpl.connectOneTryOnly(ConnectionImpl.java:2230)
	at com.mysql.jdbc.ConnectionImpl.createNewIO(ConnectionImpl.java:2025)
	at com.mysql.jdbc.ConnectionImpl.<init>(ConnectionImpl.java:778)
	at com.mysql.jdbc.JDBC4Connection.<init>(JDBC4Connection.java:47)
	at java.base/jdk.internal.reflect.NativeConstructorAccessorImpl.newInstance0(Native Method)
	at java.base/jdk.internal.reflect.NativeConstructorAccessorImpl.newInstance(NativeConstructorAccessorImpl.java:78)
	at java.base/jdk.internal.reflect.DelegatingConstructorAccessorImpl.newInstance(DelegatingConstructorAccessorImpl.java:45)
	at java.base/java.lang.reflect.Constructor.newInstanceWithCaller(Constructor.java:499)
	at java.base/java.lang.reflect.Constructor.newInstance(Constructor.java:480)
	at com.mysql.jdbc.Util.handleNewInstance(Util.java:425)
	at com.mysql.jdbc.ConnectionImpl.getInstance(ConnectionImpl.java:386)
	at com.mysql.jdbc.NonRegisteringDriver.connect(NonRegisteringDriver.java:330)
	at com.alibaba.druid.filter.FilterChainImpl.connection_connect(FilterChainImpl.java:156)
	at com.alibaba.druid.filter.FilterAdapter.connection_connect(FilterAdapter.java:787)
	at com.alibaba.druid.filter.FilterEventAdapter.connection_connect(FilterEventAdapter.java:38)
	at com.alibaba.druid.filter.FilterChainImpl.connection_connect(FilterChainImpl.java:150)
	at com.alibaba.druid.filter.FilterAdapter.connection_connect(FilterAdapter.java:787)
	at com.alibaba.druid.filter.FilterChainImpl.connection_connect(FilterChainImpl.java:150)
	at com.alibaba.druid.filter.stat.StatFilter.connection_connect(StatFilter.java:218)
	at com.alibaba.druid.filter.FilterChainImpl.connection_connect(FilterChainImpl.java:150)
	at com.alibaba.druid.pool.DruidAbstractDataSource.createPhysicalConnection(DruidAbstractDataSource.java:1598)
	at com.alibaba.druid.pool.DruidAbstractDataSource.createPhysicalConnection(DruidAbstractDataSource.java:1662)
	at com.alibaba.druid.pool.DruidDataSource$CreateConnectionThread.run(DruidDataSource.java:2697)
Caused by: java.net.UnknownHostException: teacher_mysql
	at java.base/java.net.InetAddress$CachedAddresses.get(InetAddress.java:800)
	at java.base/java.net.InetAddress.getAllByName0(InetAddress.java:1507)
	at java.base/java.net.InetAddress.getAllByName(InetAddress.java:1366)
	at java.base/java.net.InetAddress.getAllByName(InetAddress.java:1300)
	at com.mysql.jdbc.StandardSocketFactory.connect(StandardSocketFactory.java:188)
	at com.mysql.jdbc.MysqlIO.<init>(MysqlIO.java:301)
	... 24 common frames omitted
2021-09-08 00:03:01.706 [Druid-ConnectionPool-Create-1016921310] ERROR com.alibaba.druid.pool.DruidDataSource:2699 - create connection SQLException, url: jdbc:mysql://teacher_mysql:3306/teachingopen?characterEncoding=UTF-8&useUnicode=true&useSSL=false&tinyInt1isBit=false, errorCode 0, state 08S01
com.mysql.jdbc.exceptions.jdbc4.CommunicationsException: Communications link failure

The last packet sent successfully to the server was 0 milliseconds ago. The driver has not received any packets from the server.
	at java.base/jdk.internal.reflect.NativeConstructorAccessorImpl.newInstance0(Native Method)
	at java.base/jdk.internal.reflect.NativeConstructorAccessorImpl.newInstance(NativeConstructorAccessorImpl.java:78)
	at java.base/jdk.internal.reflect.DelegatingConstructorAccessorImpl.newInstance(DelegatingConstructorAccessorImpl.java:45)
	at java.base/java.lang.reflect.Constructor.newInstanceWithCaller(Constructor.java:499)
	at java.base/java.lang.reflect.Constructor.newInstance(Constructor.java:480)
	at com.mysql.jdbc.Util.handleNewInstance(Util.java:425)
	at com.mysql.jdbc.SQLError.createCommunicationsException(SQLError.java:990)
	at com.mysql.jdbc.MysqlIO.<init>(MysqlIO.java:342)
	at com.mysql.jdbc.ConnectionImpl.coreConnect(ConnectionImpl.java:2197)
	at com.mysql.jdbc.ConnectionImpl.connectOneTryOnly(ConnectionImpl.java:2230)
	at com.mysql.jdbc.ConnectionImpl.createNewIO(ConnectionImpl.java:2025)
	at com.mysql.jdbc.ConnectionImpl.<init>(ConnectionImpl.java:778)
	at com.mysql.jdbc.JDBC4Connection.<init>(JDBC4Connection.java:47)
	at java.base/jdk.internal.reflect.NativeConstructorAccessorImpl.newInstance0(Native Method)
	at java.base/jdk.internal.reflect.NativeConstructorAccessorImpl.newInstance(NativeConstructorAccessorImpl.java:78)
	at java.base/jdk.internal.reflect.DelegatingConstructorAccessorImpl.newInstance(DelegatingConstructorAccessorImpl.java:45)
	at java.base/java.lang.reflect.Constructor.newInstanceWithCaller(Constructor.java:499)
	at java.base/java.lang.reflect.Constructor.newInstance(Constructor.java:480)
	at com.mysql.jdbc.Util.handleNewInstance(Util.java:425)
	at com.mysql.jdbc.ConnectionImpl.getInstance(ConnectionImpl.java:386)
	at com.mysql.jdbc.NonRegisteringDriver.connect(NonRegisteringDriver.java:330)
	at com.alibaba.druid.filter.FilterChainImpl.connection_connect(FilterChainImpl.java:156)
	at com.alibaba.druid.filter.FilterAdapter.connection_connect(FilterAdapter.java:787)
	at com.alibaba.druid.filter.FilterEventAdapter.connection_connect(FilterEventAdapter.java:38)
	at com.alibaba.druid.filter.FilterChainImpl.connection_connect(FilterChainImpl.java:150)
	at com.alibaba.druid.filter.FilterAdapter.connection_connect(FilterAdapter.java:787)
	at com.alibaba.druid.filter.FilterChainImpl.connection_connect(FilterChainImpl.java:150)
	at com.alibaba.druid.filter.stat.StatFilter.connection_connect(StatFilter.java:218)
	at com.alibaba.druid.filter.FilterChainImpl.connection_connect(FilterChainImpl.java:150)
	at com.alibaba.druid.pool.DruidAbstractDataSource.createPhysicalConnection(DruidAbstractDataSource.java:1598)
	at com.alibaba.druid.pool.DruidAbstractDataSource.createPhysicalConnection(DruidAbstractDataSource.java:1662)
	at com.alibaba.druid.pool.DruidDataSource$CreateConnectionThread.run(DruidDataSource.java:2697)
Caused by: java.net.UnknownHostException: teacher_mysql
	at java.base/java.net.InetAddress$CachedAddresses.get(InetAddress.java:800)
	at java.base/java.net.InetAddress.getAllByName0(InetAddress.java:1507)
	at java.base/java.net.InetAddress.getAllByName(InetAddress.java:1366)
	at java.base/java.net.InetAddress.getAllByName(InetAddress.java:1300)
	at com.mysql.jdbc.StandardSocketFactory.connect(StandardSocketFactory.java:188)
	at com.mysql.jdbc.MysqlIO.<init>(MysqlIO.java:301)
	... 24 common frames omitted
2021-09-08 00:03:02.254 [Druid-ConnectionPool-Create-1016921310] ERROR com.alibaba.druid.pool.DruidDataSource:2699 - create connection SQLException, url: jdbc:mysql://teacher_mysql:3306/teachingopen?characterEncoding=UTF-8&useUnicode=true&useSSL=false&tinyInt1isBit=false, errorCode 0, state 08S01
com.mysql.jdbc.exceptions.jdbc4.CommunicationsException: Communications link failure

The last packet sent successfully to the server was 0 milliseconds ago. The driver has not received any packets from the server.
	at java.base/jdk.internal.reflect.NativeConstructorAccessorImpl.newInstance0(Native Method)
	at java.base/jdk.internal.reflect.NativeConstructorAccessorImpl.newInstance(NativeConstructorAccessorImpl.java:78)
	at java.base/jdk.internal.reflect.DelegatingConstructorAccessorImpl.newInstance(DelegatingConstructorAccessorImpl.java:45)
	at java.base/java.lang.reflect.Constructor.newInstanceWithCaller(Constructor.java:499)
	at java.base/java.lang.reflect.Constructor.newInstance(Constructor.java:480)
	at com.mysql.jdbc.Util.handleNewInstance(Util.java:425)
	at com.mysql.jdbc.SQLError.createCommunicationsException(SQLError.java:990)
	at com.mysql.jdbc.MysqlIO.<init>(MysqlIO.java:342)
	at com.mysql.jdbc.ConnectionImpl.coreConnect(ConnectionImpl.java:2197)
	at com.mysql.jdbc.ConnectionImpl.connectOneTryOnly(ConnectionImpl.java:2230)
	at com.mysql.jdbc.ConnectionImpl.createNewIO(ConnectionImpl.java:2025)
	at com.mysql.jdbc.ConnectionImpl.<init>(ConnectionImpl.java:778)
	at com.mysql.jdbc.JDBC4Connection.<init>(JDBC4Connection.java:47)
	at java.base/jdk.internal.reflect.NativeConstructorAccessorImpl.newInstance0(Native Method)
	at java.base/jdk.internal.reflect.NativeConstructorAccessorImpl.newInstance(NativeConstructorAccessorImpl.java:78)
	at java.base/jdk.internal.reflect.DelegatingConstructorAccessorImpl.newInstance(DelegatingConstructorAccessorImpl.java:45)
	at java.base/java.lang.reflect.Constructor.newInstanceWithCaller(Constructor.java:499)
	at java.base/java.lang.reflect.Constructor.newInstance(Constructor.java:480)
	at com.mysql.jdbc.Util.handleNewInstance(Util.java:425)
	at com.mysql.jdbc.ConnectionImpl.getInstance(ConnectionImpl.java:386)
	at com.mysql.jdbc.NonRegisteringDriver.connect(NonRegisteringDriver.java:330)
	at com.alibaba.druid.filter.FilterChainImpl.connection_connect(FilterChainImpl.java:156)
	at com.alibaba.druid.filter.FilterAdapter.connection_connect(FilterAdapter.java:787)
	at com.alibaba.druid.filter.FilterEventAdapter.connection_connect(FilterEventAdapter.java:38)
	at com.alibaba.druid.filter.FilterChainImpl.connection_connect(FilterChainImpl.java:150)
	at com.alibaba.druid.filter.FilterAdapter.connection_connect(FilterAdapter.java:787)
	at com.alibaba.druid.filter.FilterChainImpl.connection_connect(FilterChainImpl.java:150)
	at com.alibaba.druid.filter.stat.StatFilter.connection_connect(StatFilter.java:218)
	at com.alibaba.druid.filter.FilterChainImpl.connection_connect(FilterChainImpl.java:150)
	at com.alibaba.druid.pool.DruidAbstractDataSource.createPhysicalConnection(DruidAbstractDataSource.java:1598)
	at com.alibaba.druid.pool.DruidAbstractDataSource.createPhysicalConnection(DruidAbstractDataSource.java:1662)
	at com.alibaba.druid.pool.DruidDataSource$CreateConnectionThread.run(DruidDataSource.java:2697)
Caused by: java.net.UnknownHostException: teacher_mysql
	at java.base/java.net.InetAddress$CachedAddresses.get(InetAddress.java:800)
	at java.base/java.net.InetAddress.getAllByName0(InetAddress.java:1507)
	at java.base/java.net.InetAddress.getAllByName(InetAddress.java:1366)
	at java.base/java.net.InetAddress.getAllByName(InetAddress.java:1300)
	at com.mysql.jdbc.StandardSocketFactory.connect(StandardSocketFactory.java:188)
	at com.mysql.jdbc.MysqlIO.<init>(MysqlIO.java:301)
	... 24 common frames omitted
2021-09-08 00:03:02.801 [Druid-ConnectionPool-Create-1016921310] ERROR com.alibaba.druid.pool.DruidDataSource:2699 - create connection SQLException, url: jdbc:mysql://teacher_mysql:3306/teachingopen?characterEncoding=UTF-8&useUnicode=true&useSSL=false&tinyInt1isBit=false, errorCode 0, state 08S01
com.mysql.jdbc.exceptions.jdbc4.CommunicationsException: Communications link failure

The last packet sent successfully to the server was 0 milliseconds ago. The driver has not received any packets from the server.
	at java.base/jdk.internal.reflect.NativeConstructorAccessorImpl.newInstance0(Native Method)
	at java.base/jdk.internal.reflect.NativeConstructorAccessorImpl.newInstance(NativeConstructorAccessorImpl.java:78)
	at java.base/jdk.internal.reflect.DelegatingConstructorAccessorImpl.newInstance(DelegatingConstructorAccessorImpl.java:45)
	at java.base/java.lang.reflect.Constructor.newInstanceWithCaller(Constructor.java:499)
	at java.base/java.lang.reflect.Constructor.newInstance(Constructor.java:480)
	at com.mysql.jdbc.Util.handleNewInstance(Util.java:425)
	at com.mysql.jdbc.SQLError.createCommunicationsException(SQLError.java:990)
	at com.mysql.jdbc.MysqlIO.<init>(MysqlIO.java:342)
	at com.mysql.jdbc.ConnectionImpl.coreConnect(ConnectionImpl.java:2197)
	at com.mysql.jdbc.ConnectionImpl.connectOneTryOnly(ConnectionImpl.java:2230)
	at com.mysql.jdbc.ConnectionImpl.createNewIO(ConnectionImpl.java:2025)
	at com.mysql.jdbc.ConnectionImpl.<init>(ConnectionImpl.java:778)
	at com.mysql.jdbc.JDBC4Connection.<init>(JDBC4Connection.java:47)
	at java.base/jdk.internal.reflect.NativeConstructorAccessorImpl.newInstance0(Native Method)
	at java.base/jdk.internal.reflect.NativeConstructorAccessorImpl.newInstance(NativeConstructorAccessorImpl.java:78)
	at java.base/jdk.internal.reflect.DelegatingConstructorAccessorImpl.newInstance(DelegatingConstructorAccessorImpl.java:45)
	at java.base/java.lang.reflect.Constructor.newInstanceWithCaller(Constructor.java:499)
	at java.base/java.lang.reflect.Constructor.newInstance(Constructor.java:480)
	at com.mysql.jdbc.Util.handleNewInstance(Util.java:425)
	at com.mysql.jdbc.ConnectionImpl.getInstance(ConnectionImpl.java:386)
	at com.mysql.jdbc.NonRegisteringDriver.connect(NonRegisteringDriver.java:330)
	at com.alibaba.druid.filter.FilterChainImpl.connection_connect(FilterChainImpl.java:156)
	at com.alibaba.druid.filter.FilterAdapter.connection_connect(FilterAdapter.java:787)
	at com.alibaba.druid.filter.FilterEventAdapter.connection_connect(FilterEventAdapter.java:38)
	at com.alibaba.druid.filter.FilterChainImpl.connection_connect(FilterChainImpl.java:150)
	at com.alibaba.druid.filter.FilterAdapter.connection_connect(FilterAdapter.java:787)
	at com.alibaba.druid.filter.FilterChainImpl.connection_connect(FilterChainImpl.java:150)
	at com.alibaba.druid.filter.stat.StatFilter.connection_connect(StatFilter.java:218)
	at com.alibaba.druid.filter.FilterChainImpl.connection_connect(FilterChainImpl.java:150)
	at com.alibaba.druid.pool.DruidAbstractDataSource.createPhysicalConnection(DruidAbstractDataSource.java:1598)
	at com.alibaba.druid.pool.DruidAbstractDataSource.createPhysicalConnection(DruidAbstractDataSource.java:1662)
	at com.alibaba.druid.pool.DruidDataSource$CreateConnectionThread.run(DruidDataSource.java:2697)
Caused by: java.net.UnknownHostException: teacher_mysql
	at java.base/java.net.InetAddress$CachedAddresses.get(InetAddress.java:800)
	at java.base/java.net.InetAddress.getAllByName0(InetAddress.java:1507)
	at java.base/java.net.InetAddress.getAllByName(InetAddress.java:1366)
	at java.base/java.net.InetAddress.getAllByName(InetAddress.java:1300)
	at com.mysql.jdbc.StandardSocketFactory.connect(StandardSocketFactory.java:188)
	at com.mysql.jdbc.MysqlIO.<init>(MysqlIO.java:301)
	... 24 common frames omitted
2021-09-08 00:03:03.353 [Druid-ConnectionPool-Create-1016921310] ERROR com.alibaba.druid.pool.DruidDataSource:2699 - create connection SQLException, url: jdbc:mysql://teacher_mysql:3306/teachingopen?characterEncoding=UTF-8&useUnicode=true&useSSL=false&tinyInt1isBit=false, errorCode 0, state 08S01
com.mysql.jdbc.exceptions.jdbc4.CommunicationsException: Communications link failure

The last packet sent successfully to the server was 0 milliseconds ago. The driver has not received any packets from the server.
	at java.base/jdk.internal.reflect.NativeConstructorAccessorImpl.newInstance0(Native Method)
	at java.base/jdk.internal.reflect.NativeConstructorAccessorImpl.newInstance(NativeConstructorAccessorImpl.java:78)
	at java.base/jdk.internal.reflect.DelegatingConstructorAccessorImpl.newInstance(DelegatingConstructorAccessorImpl.java:45)
	at java.base/java.lang.reflect.Constructor.newInstanceWithCaller(Constructor.java:499)
	at java.base/java.lang.reflect.Constructor.newInstance(Constructor.java:480)
	at com.mysql.jdbc.Util.handleNewInstance(Util.java:425)
	at com.mysql.jdbc.SQLError.createCommunicationsException(SQLError.java:990)
	at com.mysql.jdbc.MysqlIO.<init>(MysqlIO.java:342)
	at com.mysql.jdbc.ConnectionImpl.coreConnect(ConnectionImpl.java:2197)
	at com.mysql.jdbc.ConnectionImpl.connectOneTryOnly(ConnectionImpl.java:2230)
	at com.mysql.jdbc.ConnectionImpl.createNewIO(ConnectionImpl.java:2025)
	at com.mysql.jdbc.ConnectionImpl.<init>(ConnectionImpl.java:778)
	at com.mysql.jdbc.JDBC4Connection.<init>(JDBC4Connection.java:47)
	at java.base/jdk.internal.reflect.NativeConstructorAccessorImpl.newInstance0(Native Method)
	at java.base/jdk.internal.reflect.NativeConstructorAccessorImpl.newInstance(NativeConstructorAccessorImpl.java:78)
	at java.base/jdk.internal.reflect.DelegatingConstructorAccessorImpl.newInstance(DelegatingConstructorAccessorImpl.java:45)
	at java.base/java.lang.reflect.Constructor.newInstanceWithCaller(Constructor.java:499)
	at java.base/java.lang.reflect.Constructor.newInstance(Constructor.java:480)
	at com.mysql.jdbc.Util.handleNewInstance(Util.java:425)
	at com.mysql.jdbc.ConnectionImpl.getInstance(ConnectionImpl.java:386)
	at com.mysql.jdbc.NonRegisteringDriver.connect(NonRegisteringDriver.java:330)
	at com.alibaba.druid.filter.FilterChainImpl.connection_connect(FilterChainImpl.java:156)
	at com.alibaba.druid.filter.FilterAdapter.connection_connect(FilterAdapter.java:787)
	at com.alibaba.druid.filter.FilterEventAdapter.connection_connect(FilterEventAdapter.java:38)
	at com.alibaba.druid.filter.FilterChainImpl.connection_connect(FilterChainImpl.java:150)
	at com.alibaba.druid.filter.FilterAdapter.connection_connect(FilterAdapter.java:787)
	at com.alibaba.druid.filter.FilterChainImpl.connection_connect(FilterChainImpl.java:150)
	at com.alibaba.druid.filter.stat.StatFilter.connection_connect(StatFilter.java:218)
	at com.alibaba.druid.filter.FilterChainImpl.connection_connect(FilterChainImpl.java:150)
	at com.alibaba.druid.pool.DruidAbstractDataSource.createPhysicalConnection(DruidAbstractDataSource.java:1598)
	at com.alibaba.druid.pool.DruidAbstractDataSource.createPhysicalConnection(DruidAbstractDataSource.java:1662)
	at com.alibaba.druid.pool.DruidDataSource$CreateConnectionThread.run(DruidDataSource.java:2697)
Caused by: java.net.UnknownHostException: teacher_mysql
	at java.base/java.net.InetAddress$CachedAddresses.get(InetAddress.java:800)
	at java.base/java.net.InetAddress.getAllByName0(InetAddress.java:1507)
	at java.base/java.net.InetAddress.getAllByName(InetAddress.java:1366)
	at java.base/java.net.InetAddress.getAllByName(InetAddress.java:1300)
	at com.mysql.jdbc.StandardSocketFactory.connect(StandardSocketFactory.java:188)
	at com.mysql.jdbc.MysqlIO.<init>(MysqlIO.java:301)
	... 24 common frames omitted
2021-09-08 00:03:03.906 [Druid-ConnectionPool-Create-1016921310] ERROR com.alibaba.druid.pool.DruidDataSource:2699 - create connection SQLException, url: jdbc:mysql://teacher_mysql:3306/teachingopen?characterEncoding=UTF-8&useUnicode=true&useSSL=false&tinyInt1isBit=false, errorCode 0, state 08S01
com.mysql.jdbc.exceptions.jdbc4.CommunicationsException: Communications link failure

The last packet sent successfully to the server was 0 milliseconds ago. The driver has not received any packets from the server.
	at java.base/jdk.internal.reflect.NativeConstructorAccessorImpl.newInstance0(Native Method)
	at java.base/jdk.internal.reflect.NativeConstructorAccessorImpl.newInstance(NativeConstructorAccessorImpl.java:78)
	at java.base/jdk.internal.reflect.DelegatingConstructorAccessorImpl.newInstance(DelegatingConstructorAccessorImpl.java:45)
	at java.base/java.lang.reflect.Constructor.newInstanceWithCaller(Constructor.java:499)
	at java.base/java.lang.reflect.Constructor.newInstance(Constructor.java:480)
	at com.mysql.jdbc.Util.handleNewInstance(Util.java:425)
	at com.mysql.jdbc.SQLError.createCommunicationsException(SQLError.java:990)
	at com.mysql.jdbc.MysqlIO.<init>(MysqlIO.java:342)
	at com.mysql.jdbc.ConnectionImpl.coreConnect(ConnectionImpl.java:2197)
	at com.mysql.jdbc.ConnectionImpl.connectOneTryOnly(ConnectionImpl.java:2230)
	at com.mysql.jdbc.ConnectionImpl.createNewIO(ConnectionImpl.java:2025)
	at com.mysql.jdbc.ConnectionImpl.<init>(ConnectionImpl.java:778)
	at com.mysql.jdbc.JDBC4Connection.<init>(JDBC4Connection.java:47)
	at java.base/jdk.internal.reflect.NativeConstructorAccessorImpl.newInstance0(Native Method)
	at java.base/jdk.internal.reflect.NativeConstructorAccessorImpl.newInstance(NativeConstructorAccessorImpl.java:78)
	at java.base/jdk.internal.reflect.DelegatingConstructorAccessorImpl.newInstance(DelegatingConstructorAccessorImpl.java:45)
	at java.base/java.lang.reflect.Constructor.newInstanceWithCaller(Constructor.java:499)
	at java.base/java.lang.reflect.Constructor.newInstance(Constructor.java:480)
	at com.mysql.jdbc.Util.handleNewInstance(Util.java:425)
	at com.mysql.jdbc.ConnectionImpl.getInstance(ConnectionImpl.java:386)
	at com.mysql.jdbc.NonRegisteringDriver.connect(NonRegisteringDriver.java:330)
	at com.alibaba.druid.filter.FilterChainImpl.connection_connect(FilterChainImpl.java:156)
	at com.alibaba.druid.filter.FilterAdapter.connection_connect(FilterAdapter.java:787)
	at com.alibaba.druid.filter.FilterEventAdapter.connection_connect(FilterEventAdapter.java:38)
	at com.alibaba.druid.filter.FilterChainImpl.connection_connect(FilterChainImpl.java:150)
	at com.alibaba.druid.filter.FilterAdapter.connection_connect(FilterAdapter.java:787)
	at com.alibaba.druid.filter.FilterChainImpl.connection_connect(FilterChainImpl.java:150)
	at com.alibaba.druid.filter.stat.StatFilter.connection_connect(StatFilter.java:218)
	at com.alibaba.druid.filter.FilterChainImpl.connection_connect(FilterChainImpl.java:150)
	at com.alibaba.druid.pool.DruidAbstractDataSource.createPhysicalConnection(DruidAbstractDataSource.java:1598)
	at com.alibaba.druid.pool.DruidAbstractDataSource.createPhysicalConnection(DruidAbstractDataSource.java:1662)
	at com.alibaba.druid.pool.DruidDataSource$CreateConnectionThread.run(DruidDataSource.java:2697)
Caused by: java.net.UnknownHostException: teacher_mysql
	at java.base/java.net.InetAddress$CachedAddresses.get(InetAddress.java:800)
	at java.base/java.net.InetAddress.getAllByName0(InetAddress.java:1507)
	at java.base/java.net.InetAddress.getAllByName(InetAddress.java:1366)
	at java.base/java.net.InetAddress.getAllByName(InetAddress.java:1300)
	at com.mysql.jdbc.StandardSocketFactory.connect(StandardSocketFactory.java:188)
	at com.mysql.jdbc.MysqlIO.<init>(MysqlIO.java:301)
	... 24 common frames omitted
2021-09-08 00:03:04.449 [Druid-ConnectionPool-Create-1016921310] ERROR com.alibaba.druid.pool.DruidDataSource:2699 - create connection SQLException, url: jdbc:mysql://teacher_mysql:3306/teachingopen?characterEncoding=UTF-8&useUnicode=true&useSSL=false&tinyInt1isBit=false, errorCode 0, state 08S01
com.mysql.jdbc.exceptions.jdbc4.CommunicationsException: Communications link failure

The last packet sent successfully to the server was 0 milliseconds ago. The driver has not received any packets from the server.
	at java.base/jdk.internal.reflect.NativeConstructorAccessorImpl.newInstance0(Native Method)
	at java.base/jdk.internal.reflect.NativeConstructorAccessorImpl.newInstance(NativeConstructorAccessorImpl.java:78)
	at java.base/jdk.internal.reflect.DelegatingConstructorAccessorImpl.newInstance(DelegatingConstructorAccessorImpl.java:45)
	at java.base/java.lang.reflect.Constructor.newInstanceWithCaller(Constructor.java:499)
	at java.base/java.lang.reflect.Constructor.newInstance(Constructor.java:480)
	at com.mysql.jdbc.Util.handleNewInstance(Util.java:425)
	at com.mysql.jdbc.SQLError.createCommunicationsException(SQLError.java:990)
	at com.mysql.jdbc.MysqlIO.<init>(MysqlIO.java:342)
	at com.mysql.jdbc.ConnectionImpl.coreConnect(ConnectionImpl.java:2197)
	at com.mysql.jdbc.ConnectionImpl.connectOneTryOnly(ConnectionImpl.java:2230)
	at com.mysql.jdbc.ConnectionImpl.createNewIO(ConnectionImpl.java:2025)
	at com.mysql.jdbc.ConnectionImpl.<init>(ConnectionImpl.java:778)
	at com.mysql.jdbc.JDBC4Connection.<init>(JDBC4Connection.java:47)
	at java.base/jdk.internal.reflect.NativeConstructorAccessorImpl.newInstance0(Native Method)
	at java.base/jdk.internal.reflect.NativeConstructorAccessorImpl.newInstance(NativeConstructorAccessorImpl.java:78)
	at java.base/jdk.internal.reflect.DelegatingConstructorAccessorImpl.newInstance(DelegatingConstructorAccessorImpl.java:45)
	at java.base/java.lang.reflect.Constructor.newInstanceWithCaller(Constructor.java:499)
	at java.base/java.lang.reflect.Constructor.newInstance(Constructor.java:480)
	at com.mysql.jdbc.Util.handleNewInstance(Util.java:425)
	at com.mysql.jdbc.ConnectionImpl.getInstance(ConnectionImpl.java:386)
	at com.mysql.jdbc.NonRegisteringDriver.connect(NonRegisteringDriver.java:330)
	at com.alibaba.druid.filter.FilterChainImpl.connection_connect(FilterChainImpl.java:156)
	at com.alibaba.druid.filter.FilterAdapter.connection_connect(FilterAdapter.java:787)
	at com.alibaba.druid.filter.FilterEventAdapter.connection_connect(FilterEventAdapter.java:38)
	at com.alibaba.druid.filter.FilterChainImpl.connection_connect(FilterChainImpl.java:150)
	at com.alibaba.druid.filter.FilterAdapter.connection_connect(FilterAdapter.java:787)
	at com.alibaba.druid.filter.FilterChainImpl.connection_connect(FilterChainImpl.java:150)
	at com.alibaba.druid.filter.stat.StatFilter.connection_connect(StatFilter.java:218)
	at com.alibaba.druid.filter.FilterChainImpl.connection_connect(FilterChainImpl.java:150)
	at com.alibaba.druid.pool.DruidAbstractDataSource.createPhysicalConnection(DruidAbstractDataSource.java:1598)
	at com.alibaba.druid.pool.DruidAbstractDataSource.createPhysicalConnection(DruidAbstractDataSource.java:1662)
	at com.alibaba.druid.pool.DruidDataSource$CreateConnectionThread.run(DruidDataSource.java:2697)
Caused by: java.net.UnknownHostException: teacher_mysql
	at java.base/java.net.InetAddress$CachedAddresses.get(InetAddress.java:800)
	at java.base/java.net.InetAddress.getAllByName0(InetAddress.java:1507)
	at java.base/java.net.InetAddress.getAllByName(InetAddress.java:1366)
	at java.base/java.net.InetAddress.getAllByName(InetAddress.java:1300)
	at com.mysql.jdbc.StandardSocketFactory.connect(StandardSocketFactory.java:188)
	at com.mysql.jdbc.MysqlIO.<init>(MysqlIO.java:301)
	... 24 common frames omitted
2021-09-08 00:03:05.002 [Druid-ConnectionPool-Create-1016921310] ERROR com.alibaba.druid.pool.DruidDataSource:2699 - create connection SQLException, url: jdbc:mysql://teacher_mysql:3306/teachingopen?characterEncoding=UTF-8&useUnicode=true&useSSL=false&tinyInt1isBit=false, errorCode 0, state 08S01
com.mysql.jdbc.exceptions.jdbc4.CommunicationsException: Communications link failure

The last packet sent successfully to the server was 0 milliseconds ago. The driver has not received any packets from the server.
	at java.base/jdk.internal.reflect.NativeConstructorAccessorImpl.newInstance0(Native Method)
	at java.base/jdk.internal.reflect.NativeConstructorAccessorImpl.newInstance(NativeConstructorAccessorImpl.java:78)
	at java.base/jdk.internal.reflect.DelegatingConstructorAccessorImpl.newInstance(DelegatingConstructorAccessorImpl.java:45)
	at java.base/java.lang.reflect.Constructor.newInstanceWithCaller(Constructor.java:499)
	at java.base/java.lang.reflect.Constructor.newInstance(Constructor.java:480)
	at com.mysql.jdbc.Util.handleNewInstance(Util.java:425)
	at com.mysql.jdbc.SQLError.createCommunicationsException(SQLError.java:990)
	at com.mysql.jdbc.MysqlIO.<init>(MysqlIO.java:342)
	at com.mysql.jdbc.ConnectionImpl.coreConnect(ConnectionImpl.java:2197)
	at com.mysql.jdbc.ConnectionImpl.connectOneTryOnly(ConnectionImpl.java:2230)
	at com.mysql.jdbc.ConnectionImpl.createNewIO(ConnectionImpl.java:2025)
	at com.mysql.jdbc.ConnectionImpl.<init>(ConnectionImpl.java:778)
	at com.mysql.jdbc.JDBC4Connection.<init>(JDBC4Connection.java:47)
	at java.base/jdk.internal.reflect.NativeConstructorAccessorImpl.newInstance0(Native Method)
	at java.base/jdk.internal.reflect.NativeConstructorAccessorImpl.newInstance(NativeConstructorAccessorImpl.java:78)
	at java.base/jdk.internal.reflect.DelegatingConstructorAccessorImpl.newInstance(DelegatingConstructorAccessorImpl.java:45)
	at java.base/java.lang.reflect.Constructor.newInstanceWithCaller(Constructor.java:499)
	at java.base/java.lang.reflect.Constructor.newInstance(Constructor.java:480)
	at com.mysql.jdbc.Util.handleNewInstance(Util.java:425)
	at com.mysql.jdbc.ConnectionImpl.getInstance(ConnectionImpl.java:386)
	at com.mysql.jdbc.NonRegisteringDriver.connect(NonRegisteringDriver.java:330)
	at com.alibaba.druid.filter.FilterChainImpl.connection_connect(FilterChainImpl.java:156)
	at com.alibaba.druid.filter.FilterAdapter.connection_connect(FilterAdapter.java:787)
	at com.alibaba.druid.filter.FilterEventAdapter.connection_connect(FilterEventAdapter.java:38)
	at com.alibaba.druid.filter.FilterChainImpl.connection_connect(FilterChainImpl.java:150)
	at com.alibaba.druid.filter.FilterAdapter.connection_connect(FilterAdapter.java:787)
	at com.alibaba.druid.filter.FilterChainImpl.connection_connect(FilterChainImpl.java:150)
	at com.alibaba.druid.filter.stat.StatFilter.connection_connect(StatFilter.java:218)
	at com.alibaba.druid.filter.FilterChainImpl.connection_connect(FilterChainImpl.java:150)
	at com.alibaba.druid.pool.DruidAbstractDataSource.createPhysicalConnection(DruidAbstractDataSource.java:1598)
	at com.alibaba.druid.pool.DruidAbstractDataSource.createPhysicalConnection(DruidAbstractDataSource.java:1662)
	at com.alibaba.druid.pool.DruidDataSource$CreateConnectionThread.run(DruidDataSource.java:2697)
Caused by: java.net.UnknownHostException: teacher_mysql
	at java.base/java.net.InetAddress$CachedAddresses.get(InetAddress.java:800)
	at java.base/java.net.InetAddress.getAllByName0(InetAddress.java:1507)
	at java.base/java.net.InetAddress.getAllByName(InetAddress.java:1366)
	at java.base/java.net.InetAddress.getAllByName(InetAddress.java:1300)
	at com.mysql.jdbc.StandardSocketFactory.connect(StandardSocketFactory.java:188)
	at com.mysql.jdbc.MysqlIO.<init>(MysqlIO.java:301)
	... 24 common frames omitted
2021-09-08 00:03:05.556 [Druid-ConnectionPool-Create-1016921310] ERROR com.alibaba.druid.pool.DruidDataSource:2699 - create connection SQLException, url: jdbc:mysql://teacher_mysql:3306/teachingopen?characterEncoding=UTF-8&useUnicode=true&useSSL=false&tinyInt1isBit=false, errorCode 0, state 08S01
com.mysql.jdbc.exceptions.jdbc4.CommunicationsException: Communications link failure

The last packet sent successfully to the server was 0 milliseconds ago. The driver has not received any packets from the server.
	at jdk.internal.reflect.GeneratedConstructorAccessor70.newInstance(Unknown Source)
	at java.base/jdk.internal.reflect.DelegatingConstructorAccessorImpl.newInstance(DelegatingConstructorAccessorImpl.java:45)
	at java.base/java.lang.reflect.Constructor.newInstanceWithCaller(Constructor.java:499)
	at java.base/java.lang.reflect.Constructor.newInstance(Constructor.java:480)
	at com.mysql.jdbc.Util.handleNewInstance(Util.java:425)
	at com.mysql.jdbc.SQLError.createCommunicationsException(SQLError.java:990)
	at com.mysql.jdbc.MysqlIO.<init>(MysqlIO.java:342)
	at com.mysql.jdbc.ConnectionImpl.coreConnect(ConnectionImpl.java:2197)
	at com.mysql.jdbc.ConnectionImpl.connectOneTryOnly(ConnectionImpl.java:2230)
	at com.mysql.jdbc.ConnectionImpl.createNewIO(ConnectionImpl.java:2025)
	at com.mysql.jdbc.ConnectionImpl.<init>(ConnectionImpl.java:778)
	at com.mysql.jdbc.JDBC4Connection.<init>(JDBC4Connection.java:47)
	at jdk.internal.reflect.GeneratedConstructorAccessor67.newInstance(Unknown Source)
	at java.base/jdk.internal.reflect.DelegatingConstructorAccessorImpl.newInstance(DelegatingConstructorAccessorImpl.java:45)
	at java.base/java.lang.reflect.Constructor.newInstanceWithCaller(Constructor.java:499)
	at java.base/java.lang.reflect.Constructor.newInstance(Constructor.java:480)
	at com.mysql.jdbc.Util.handleNewInstance(Util.java:425)
	at com.mysql.jdbc.ConnectionImpl.getInstance(ConnectionImpl.java:386)
	at com.mysql.jdbc.NonRegisteringDriver.connect(NonRegisteringDriver.java:330)
	at com.alibaba.druid.filter.FilterChainImpl.connection_connect(FilterChainImpl.java:156)
	at com.alibaba.druid.filter.FilterAdapter.connection_connect(FilterAdapter.java:787)
	at com.alibaba.druid.filter.FilterEventAdapter.connection_connect(FilterEventAdapter.java:38)
	at com.alibaba.druid.filter.FilterChainImpl.connection_connect(FilterChainImpl.java:150)
	at com.alibaba.druid.filter.FilterAdapter.connection_connect(FilterAdapter.java:787)
	at com.alibaba.druid.filter.FilterChainImpl.connection_connect(FilterChainImpl.java:150)
	at com.alibaba.druid.filter.stat.StatFilter.connection_connect(StatFilter.java:218)
	at com.alibaba.druid.filter.FilterChainImpl.connection_connect(FilterChainImpl.java:150)
	at com.alibaba.druid.pool.DruidAbstractDataSource.createPhysicalConnection(DruidAbstractDataSource.java:1598)
	at com.alibaba.druid.pool.DruidAbstractDataSource.createPhysicalConnection(DruidAbstractDataSource.java:1662)
	at com.alibaba.druid.pool.DruidDataSource$CreateConnectionThread.run(DruidDataSource.java:2697)
Caused by: java.net.UnknownHostException: teacher_mysql
	at java.base/java.net.InetAddress$CachedAddresses.get(InetAddress.java:800)
	at java.base/java.net.InetAddress.getAllByName0(InetAddress.java:1507)
	at java.base/java.net.InetAddress.getAllByName(InetAddress.java:1366)
	at java.base/java.net.InetAddress.getAllByName(InetAddress.java:1300)
	at com.mysql.jdbc.StandardSocketFactory.connect(StandardSocketFactory.java:188)
	at com.mysql.jdbc.MysqlIO.<init>(MysqlIO.java:301)
	... 23 common frames omitted
2021-09-08 00:03:06.117 [Druid-ConnectionPool-Create-1016921310] ERROR com.alibaba.druid.pool.DruidDataSource:2699 - create connection SQLException, url: jdbc:mysql://teacher_mysql:3306/teachingopen?characterEncoding=UTF-8&useUnicode=true&useSSL=false&tinyInt1isBit=false, errorCode 0, state 08S01
com.mysql.jdbc.exceptions.jdbc4.CommunicationsException: Communications link failure

The last packet sent successfully to the server was 0 milliseconds ago. The driver has not received any packets from the server.
	at jdk.internal.reflect.GeneratedConstructorAccessor70.newInstance(Unknown Source)
	at java.base/jdk.internal.reflect.DelegatingConstructorAccessorImpl.newInstance(DelegatingConstructorAccessorImpl.java:45)
	at java.base/java.lang.reflect.Constructor.newInstanceWithCaller(Constructor.java:499)
	at java.base/java.lang.reflect.Constructor.newInstance(Constructor.java:480)
	at com.mysql.jdbc.Util.handleNewInstance(Util.java:425)
	at com.mysql.jdbc.SQLError.createCommunicationsException(SQLError.java:990)
	at com.mysql.jdbc.MysqlIO.<init>(MysqlIO.java:342)
	at com.mysql.jdbc.ConnectionImpl.coreConnect(ConnectionImpl.java:2197)
	at com.mysql.jdbc.ConnectionImpl.connectOneTryOnly(ConnectionImpl.java:2230)
	at com.mysql.jdbc.ConnectionImpl.createNewIO(ConnectionImpl.java:2025)
	at com.mysql.jdbc.ConnectionImpl.<init>(ConnectionImpl.java:778)
	at com.mysql.jdbc.JDBC4Connection.<init>(JDBC4Connection.java:47)
	at jdk.internal.reflect.GeneratedConstructorAccessor67.newInstance(Unknown Source)
	at java.base/jdk.internal.reflect.DelegatingConstructorAccessorImpl.newInstance(DelegatingConstructorAccessorImpl.java:45)
	at java.base/java.lang.reflect.Constructor.newInstanceWithCaller(Constructor.java:499)
	at java.base/java.lang.reflect.Constructor.newInstance(Constructor.java:480)
	at com.mysql.jdbc.Util.handleNewInstance(Util.java:425)
	at com.mysql.jdbc.ConnectionImpl.getInstance(ConnectionImpl.java:386)
	at com.mysql.jdbc.NonRegisteringDriver.connect(NonRegisteringDriver.java:330)
	at com.alibaba.druid.filter.FilterChainImpl.connection_connect(FilterChainImpl.java:156)
	at com.alibaba.druid.filter.FilterAdapter.connection_connect(FilterAdapter.java:787)
	at com.alibaba.druid.filter.FilterEventAdapter.connection_connect(FilterEventAdapter.java:38)
	at com.alibaba.druid.filter.FilterChainImpl.connection_connect(FilterChainImpl.java:150)
	at com.alibaba.druid.filter.FilterAdapter.connection_connect(FilterAdapter.java:787)
	at com.alibaba.druid.filter.FilterChainImpl.connection_connect(FilterChainImpl.java:150)
	at com.alibaba.druid.filter.stat.StatFilter.connection_connect(StatFilter.java:218)
	at com.alibaba.druid.filter.FilterChainImpl.connection_connect(FilterChainImpl.java:150)
	at com.alibaba.druid.pool.DruidAbstractDataSource.createPhysicalConnection(DruidAbstractDataSource.java:1598)
	at com.alibaba.druid.pool.DruidAbstractDataSource.createPhysicalConnection(DruidAbstractDataSource.java:1662)
	at com.alibaba.druid.pool.DruidDataSource$CreateConnectionThread.run(DruidDataSource.java:2697)
Caused by: java.net.UnknownHostException: teacher_mysql
	at java.base/java.net.InetAddress$CachedAddresses.get(InetAddress.java:800)
	at java.base/java.net.InetAddress.getAllByName0(InetAddress.java:1507)
	at java.base/java.net.InetAddress.getAllByName(InetAddress.java:1366)
	at java.base/java.net.InetAddress.getAllByName(InetAddress.java:1300)
	at com.mysql.jdbc.StandardSocketFactory.connect(StandardSocketFactory.java:188)
	at com.mysql.jdbc.MysqlIO.<init>(MysqlIO.java:301)
	... 23 common frames omitted
2021-09-08 00:03:06.662 [Druid-ConnectionPool-Create-1016921310] ERROR com.alibaba.druid.pool.DruidDataSource:2699 - create connection SQLException, url: jdbc:mysql://teacher_mysql:3306/teachingopen?characterEncoding=UTF-8&useUnicode=true&useSSL=false&tinyInt1isBit=false, errorCode 0, state 08S01
com.mysql.jdbc.exceptions.jdbc4.CommunicationsException: Communications link failure

The last packet sent successfully to the server was 0 milliseconds ago. The driver has not received any packets from the server.
	at jdk.internal.reflect.GeneratedConstructorAccessor70.newInstance(Unknown Source)
	at java.base/jdk.internal.reflect.DelegatingConstructorAccessorImpl.newInstance(DelegatingConstructorAccessorImpl.java:45)
	at java.base/java.lang.reflect.Constructor.newInstanceWithCaller(Constructor.java:499)
	at java.base/java.lang.reflect.Constructor.newInstance(Constructor.java:480)
	at com.mysql.jdbc.Util.handleNewInstance(Util.java:425)
	at com.mysql.jdbc.SQLError.createCommunicationsException(SQLError.java:990)
	at com.mysql.jdbc.MysqlIO.<init>(MysqlIO.java:342)
	at com.mysql.jdbc.ConnectionImpl.coreConnect(ConnectionImpl.java:2197)
	at com.mysql.jdbc.ConnectionImpl.connectOneTryOnly(ConnectionImpl.java:2230)
	at com.mysql.jdbc.ConnectionImpl.createNewIO(ConnectionImpl.java:2025)
	at com.mysql.jdbc.ConnectionImpl.<init>(ConnectionImpl.java:778)
	at com.mysql.jdbc.JDBC4Connection.<init>(JDBC4Connection.java:47)
	at jdk.internal.reflect.GeneratedConstructorAccessor67.newInstance(Unknown Source)
	at java.base/jdk.internal.reflect.DelegatingConstructorAccessorImpl.newInstance(DelegatingConstructorAccessorImpl.java:45)
	at java.base/java.lang.reflect.Constructor.newInstanceWithCaller(Constructor.java:499)
	at java.base/java.lang.reflect.Constructor.newInstance(Constructor.java:480)
	at com.mysql.jdbc.Util.handleNewInstance(Util.java:425)
	at com.mysql.jdbc.ConnectionImpl.getInstance(ConnectionImpl.java:386)
	at com.mysql.jdbc.NonRegisteringDriver.connect(NonRegisteringDriver.java:330)
	at com.alibaba.druid.filter.FilterChainImpl.connection_connect(FilterChainImpl.java:156)
	at com.alibaba.druid.filter.FilterAdapter.connection_connect(FilterAdapter.java:787)
	at com.alibaba.druid.filter.FilterEventAdapter.connection_connect(FilterEventAdapter.java:38)
	at com.alibaba.druid.filter.FilterChainImpl.connection_connect(FilterChainImpl.java:150)
	at com.alibaba.druid.filter.FilterAdapter.connection_connect(FilterAdapter.java:787)
	at com.alibaba.druid.filter.FilterChainImpl.connection_connect(FilterChainImpl.java:150)
	at com.alibaba.druid.filter.stat.StatFilter.connection_connect(StatFilter.java:218)
	at com.alibaba.druid.filter.FilterChainImpl.connection_connect(FilterChainImpl.java:150)
	at com.alibaba.druid.pool.DruidAbstractDataSource.createPhysicalConnection(DruidAbstractDataSource.java:1598)
	at com.alibaba.druid.pool.DruidAbstractDataSource.createPhysicalConnection(DruidAbstractDataSource.java:1662)
	at com.alibaba.druid.pool.DruidDataSource$CreateConnectionThread.run(DruidDataSource.java:2697)
Caused by: java.net.UnknownHostException: teacher_mysql
	at java.base/java.net.InetAddress$CachedAddresses.get(InetAddress.java:800)
	at java.base/java.net.InetAddress.getAllByName0(InetAddress.java:1507)
	at java.base/java.net.InetAddress.getAllByName(InetAddress.java:1366)
	at java.base/java.net.InetAddress.getAllByName(InetAddress.java:1300)
	at com.mysql.jdbc.StandardSocketFactory.connect(StandardSocketFactory.java:188)
	at com.mysql.jdbc.MysqlIO.<init>(MysqlIO.java:301)
	... 23 common frames omitted
2021-09-08 00:03:07.212 [Druid-ConnectionPool-Create-1016921310] ERROR com.alibaba.druid.pool.DruidDataSource:2699 - create connection SQLException, url: jdbc:mysql://teacher_mysql:3306/teachingopen?characterEncoding=UTF-8&useUnicode=true&useSSL=false&tinyInt1isBit=false, errorCode 0, state 08S01
com.mysql.jdbc.exceptions.jdbc4.CommunicationsException: Communications link failure

The last packet sent successfully to the server was 0 milliseconds ago. The driver has not received any packets from the server.
	at jdk.internal.reflect.GeneratedConstructorAccessor70.newInstance(Unknown Source)
	at java.base/jdk.internal.reflect.DelegatingConstructorAccessorImpl.newInstance(DelegatingConstructorAccessorImpl.java:45)
	at java.base/java.lang.reflect.Constructor.newInstanceWithCaller(Constructor.java:499)
	at java.base/java.lang.reflect.Constructor.newInstance(Constructor.java:480)
	at com.mysql.jdbc.Util.handleNewInstance(Util.java:425)
	at com.mysql.jdbc.SQLError.createCommunicationsException(SQLError.java:990)
	at com.mysql.jdbc.MysqlIO.<init>(MysqlIO.java:342)
	at com.mysql.jdbc.ConnectionImpl.coreConnect(ConnectionImpl.java:2197)
	at com.mysql.jdbc.ConnectionImpl.connectOneTryOnly(ConnectionImpl.java:2230)
	at com.mysql.jdbc.ConnectionImpl.createNewIO(ConnectionImpl.java:2025)
	at com.mysql.jdbc.ConnectionImpl.<init>(ConnectionImpl.java:778)
	at com.mysql.jdbc.JDBC4Connection.<init>(JDBC4Connection.java:47)
	at jdk.internal.reflect.GeneratedConstructorAccessor67.newInstance(Unknown Source)
	at java.base/jdk.internal.reflect.DelegatingConstructorAccessorImpl.newInstance(DelegatingConstructorAccessorImpl.java:45)
	at java.base/java.lang.reflect.Constructor.newInstanceWithCaller(Constructor.java:499)
	at java.base/java.lang.reflect.Constructor.newInstance(Constructor.java:480)
	at com.mysql.jdbc.Util.handleNewInstance(Util.java:425)
	at com.mysql.jdbc.ConnectionImpl.getInstance(ConnectionImpl.java:386)
	at com.mysql.jdbc.NonRegisteringDriver.connect(NonRegisteringDriver.java:330)
	at com.alibaba.druid.filter.FilterChainImpl.connection_connect(FilterChainImpl.java:156)
	at com.alibaba.druid.filter.FilterAdapter.connection_connect(FilterAdapter.java:787)
	at com.alibaba.druid.filter.FilterEventAdapter.connection_connect(FilterEventAdapter.java:38)
	at com.alibaba.druid.filter.FilterChainImpl.connection_connect(FilterChainImpl.java:150)
	at com.alibaba.druid.filter.FilterAdapter.connection_connect(FilterAdapter.java:787)
	at com.alibaba.druid.filter.FilterChainImpl.connection_connect(FilterChainImpl.java:150)
	at com.alibaba.druid.filter.stat.StatFilter.connection_connect(StatFilter.java:218)
	at com.alibaba.druid.filter.FilterChainImpl.connection_connect(FilterChainImpl.java:150)
	at com.alibaba.druid.pool.DruidAbstractDataSource.createPhysicalConnection(DruidAbstractDataSource.java:1598)
	at com.alibaba.druid.pool.DruidAbstractDataSource.createPhysicalConnection(DruidAbstractDataSource.java:1662)
	at com.alibaba.druid.pool.DruidDataSource$CreateConnectionThread.run(DruidDataSource.java:2697)
Caused by: java.net.UnknownHostException: teacher_mysql: nodename nor servname provided, or not known
	at java.base/java.net.Inet6AddressImpl.lookupAllHostAddr(Native Method)
	at java.base/java.net.InetAddress$PlatformNameService.lookupAllHostAddr(InetAddress.java:932)
	at java.base/java.net.InetAddress.getAddressesFromNameService(InetAddress.java:1517)
	at java.base/java.net.InetAddress$NameServiceAddresses.get(InetAddress.java:851)
	at java.base/java.net.InetAddress.getAllByName0(InetAddress.java:1507)
	at java.base/java.net.InetAddress.getAllByName(InetAddress.java:1366)
	at java.base/java.net.InetAddress.getAllByName(InetAddress.java:1300)
	at com.mysql.jdbc.StandardSocketFactory.connect(StandardSocketFactory.java:188)
	at com.mysql.jdbc.MysqlIO.<init>(MysqlIO.java:301)
	... 23 common frames omitted
2021-09-08 00:03:07.760 [Druid-ConnectionPool-Create-1016921310] ERROR com.alibaba.druid.pool.DruidDataSource:2699 - create connection SQLException, url: jdbc:mysql://teacher_mysql:3306/teachingopen?characterEncoding=UTF-8&useUnicode=true&useSSL=false&tinyInt1isBit=false, errorCode 0, state 08S01
com.mysql.jdbc.exceptions.jdbc4.CommunicationsException: Communications link failure

The last packet sent successfully to the server was 0 milliseconds ago. The driver has not received any packets from the server.
	at jdk.internal.reflect.GeneratedConstructorAccessor70.newInstance(Unknown Source)
	at java.base/jdk.internal.reflect.DelegatingConstructorAccessorImpl.newInstance(DelegatingConstructorAccessorImpl.java:45)
	at java.base/java.lang.reflect.Constructor.newInstanceWithCaller(Constructor.java:499)
	at java.base/java.lang.reflect.Constructor.newInstance(Constructor.java:480)
	at com.mysql.jdbc.Util.handleNewInstance(Util.java:425)
	at com.mysql.jdbc.SQLError.createCommunicationsException(SQLError.java:990)
	at com.mysql.jdbc.MysqlIO.<init>(MysqlIO.java:342)
	at com.mysql.jdbc.ConnectionImpl.coreConnect(ConnectionImpl.java:2197)
	at com.mysql.jdbc.ConnectionImpl.connectOneTryOnly(ConnectionImpl.java:2230)
	at com.mysql.jdbc.ConnectionImpl.createNewIO(ConnectionImpl.java:2025)
	at com.mysql.jdbc.ConnectionImpl.<init>(ConnectionImpl.java:778)
	at com.mysql.jdbc.JDBC4Connection.<init>(JDBC4Connection.java:47)
	at jdk.internal.reflect.GeneratedConstructorAccessor67.newInstance(Unknown Source)
	at java.base/jdk.internal.reflect.DelegatingConstructorAccessorImpl.newInstance(DelegatingConstructorAccessorImpl.java:45)
	at java.base/java.lang.reflect.Constructor.newInstanceWithCaller(Constructor.java:499)
	at java.base/java.lang.reflect.Constructor.newInstance(Constructor.java:480)
	at com.mysql.jdbc.Util.handleNewInstance(Util.java:425)
	at com.mysql.jdbc.ConnectionImpl.getInstance(ConnectionImpl.java:386)
	at com.mysql.jdbc.NonRegisteringDriver.connect(NonRegisteringDriver.java:330)
	at com.alibaba.druid.filter.FilterChainImpl.connection_connect(FilterChainImpl.java:156)
	at com.alibaba.druid.filter.FilterAdapter.connection_connect(FilterAdapter.java:787)
	at com.alibaba.druid.filter.FilterEventAdapter.connection_connect(FilterEventAdapter.java:38)
	at com.alibaba.druid.filter.FilterChainImpl.connection_connect(FilterChainImpl.java:150)
	at com.alibaba.druid.filter.FilterAdapter.connection_connect(FilterAdapter.java:787)
	at com.alibaba.druid.filter.FilterChainImpl.connection_connect(FilterChainImpl.java:150)
	at com.alibaba.druid.filter.stat.StatFilter.connection_connect(StatFilter.java:218)
	at com.alibaba.druid.filter.FilterChainImpl.connection_connect(FilterChainImpl.java:150)
	at com.alibaba.druid.pool.DruidAbstractDataSource.createPhysicalConnection(DruidAbstractDataSource.java:1598)
	at com.alibaba.druid.pool.DruidAbstractDataSource.createPhysicalConnection(DruidAbstractDataSource.java:1662)
	at com.alibaba.druid.pool.DruidDataSource$CreateConnectionThread.run(DruidDataSource.java:2697)
Caused by: java.net.UnknownHostException: teacher_mysql
	at java.base/java.net.InetAddress$CachedAddresses.get(InetAddress.java:800)
	at java.base/java.net.InetAddress.getAllByName0(InetAddress.java:1507)
	at java.base/java.net.InetAddress.getAllByName(InetAddress.java:1366)
	at java.base/java.net.InetAddress.getAllByName(InetAddress.java:1300)
	at com.mysql.jdbc.StandardSocketFactory.connect(StandardSocketFactory.java:188)
	at com.mysql.jdbc.MysqlIO.<init>(MysqlIO.java:301)
	... 23 common frames omitted
2021-09-08 00:03:08.299 [Druid-ConnectionPool-Create-1016921310] ERROR com.alibaba.druid.pool.DruidDataSource:2699 - create connection SQLException, url: jdbc:mysql://teacher_mysql:3306/teachingopen?characterEncoding=UTF-8&useUnicode=true&useSSL=false&tinyInt1isBit=false, errorCode 0, state 08S01
com.mysql.jdbc.exceptions.jdbc4.CommunicationsException: Communications link failure

The last packet sent successfully to the server was 0 milliseconds ago. The driver has not received any packets from the server.
	at jdk.internal.reflect.GeneratedConstructorAccessor70.newInstance(Unknown Source)
	at java.base/jdk.internal.reflect.DelegatingConstructorAccessorImpl.newInstance(DelegatingConstructorAccessorImpl.java:45)
	at java.base/java.lang.reflect.Constructor.newInstanceWithCaller(Constructor.java:499)
	at java.base/java.lang.reflect.Constructor.newInstance(Constructor.java:480)
	at com.mysql.jdbc.Util.handleNewInstance(Util.java:425)
	at com.mysql.jdbc.SQLError.createCommunicationsException(SQLError.java:990)
	at com.mysql.jdbc.MysqlIO.<init>(MysqlIO.java:342)
	at com.mysql.jdbc.ConnectionImpl.coreConnect(ConnectionImpl.java:2197)
	at com.mysql.jdbc.ConnectionImpl.connectOneTryOnly(ConnectionImpl.java:2230)
	at com.mysql.jdbc.ConnectionImpl.createNewIO(ConnectionImpl.java:2025)
	at com.mysql.jdbc.ConnectionImpl.<init>(ConnectionImpl.java:778)
	at com.mysql.jdbc.JDBC4Connection.<init>(JDBC4Connection.java:47)
	at jdk.internal.reflect.GeneratedConstructorAccessor67.newInstance(Unknown Source)
	at java.base/jdk.internal.reflect.DelegatingConstructorAccessorImpl.newInstance(DelegatingConstructorAccessorImpl.java:45)
	at java.base/java.lang.reflect.Constructor.newInstanceWithCaller(Constructor.java:499)
	at java.base/java.lang.reflect.Constructor.newInstance(Constructor.java:480)
	at com.mysql.jdbc.Util.handleNewInstance(Util.java:425)
	at com.mysql.jdbc.ConnectionImpl.getInstance(ConnectionImpl.java:386)
	at com.mysql.jdbc.NonRegisteringDriver.connect(NonRegisteringDriver.java:330)
	at com.alibaba.druid.filter.FilterChainImpl.connection_connect(FilterChainImpl.java:156)
	at com.alibaba.druid.filter.FilterAdapter.connection_connect(FilterAdapter.java:787)
	at com.alibaba.druid.filter.FilterEventAdapter.connection_connect(FilterEventAdapter.java:38)
	at com.alibaba.druid.filter.FilterChainImpl.connection_connect(FilterChainImpl.java:150)
	at com.alibaba.druid.filter.FilterAdapter.connection_connect(FilterAdapter.java:787)
	at com.alibaba.druid.filter.FilterChainImpl.connection_connect(FilterChainImpl.java:150)
	at com.alibaba.druid.filter.stat.StatFilter.connection_connect(StatFilter.java:218)
	at com.alibaba.druid.filter.FilterChainImpl.connection_connect(FilterChainImpl.java:150)
	at com.alibaba.druid.pool.DruidAbstractDataSource.createPhysicalConnection(DruidAbstractDataSource.java:1598)
	at com.alibaba.druid.pool.DruidAbstractDataSource.createPhysicalConnection(DruidAbstractDataSource.java:1662)
	at com.alibaba.druid.pool.DruidDataSource$CreateConnectionThread.run(DruidDataSource.java:2697)
Caused by: java.net.UnknownHostException: teacher_mysql
	at java.base/java.net.InetAddress$CachedAddresses.get(InetAddress.java:800)
	at java.base/java.net.InetAddress.getAllByName0(InetAddress.java:1507)
	at java.base/java.net.InetAddress.getAllByName(InetAddress.java:1366)
	at java.base/java.net.InetAddress.getAllByName(InetAddress.java:1300)
	at com.mysql.jdbc.StandardSocketFactory.connect(StandardSocketFactory.java:188)
	at com.mysql.jdbc.MysqlIO.<init>(MysqlIO.java:301)
	... 23 common frames omitted
2021-09-08 00:03:08.855 [Druid-ConnectionPool-Create-1016921310] ERROR com.alibaba.druid.pool.DruidDataSource:2699 - create connection SQLException, url: jdbc:mysql://teacher_mysql:3306/teachingopen?characterEncoding=UTF-8&useUnicode=true&useSSL=false&tinyInt1isBit=false, errorCode 0, state 08S01
com.mysql.jdbc.exceptions.jdbc4.CommunicationsException: Communications link failure

The last packet sent successfully to the server was 0 milliseconds ago. The driver has not received any packets from the server.
	at jdk.internal.reflect.GeneratedConstructorAccessor70.newInstance(Unknown Source)
	at java.base/jdk.internal.reflect.DelegatingConstructorAccessorImpl.newInstance(DelegatingConstructorAccessorImpl.java:45)
	at java.base/java.lang.reflect.Constructor.newInstanceWithCaller(Constructor.java:499)
	at java.base/java.lang.reflect.Constructor.newInstance(Constructor.java:480)
	at com.mysql.jdbc.Util.handleNewInstance(Util.java:425)
	at com.mysql.jdbc.SQLError.createCommunicationsException(SQLError.java:990)
	at com.mysql.jdbc.MysqlIO.<init>(MysqlIO.java:342)
	at com.mysql.jdbc.ConnectionImpl.coreConnect(ConnectionImpl.java:2197)
	at com.mysql.jdbc.ConnectionImpl.connectOneTryOnly(ConnectionImpl.java:2230)
	at com.mysql.jdbc.ConnectionImpl.createNewIO(ConnectionImpl.java:2025)
	at com.mysql.jdbc.ConnectionImpl.<init>(ConnectionImpl.java:778)
	at com.mysql.jdbc.JDBC4Connection.<init>(JDBC4Connection.java:47)
	at jdk.internal.reflect.GeneratedConstructorAccessor67.newInstance(Unknown Source)
	at java.base/jdk.internal.reflect.DelegatingConstructorAccessorImpl.newInstance(DelegatingConstructorAccessorImpl.java:45)
	at java.base/java.lang.reflect.Constructor.newInstanceWithCaller(Constructor.java:499)
	at java.base/java.lang.reflect.Constructor.newInstance(Constructor.java:480)
	at com.mysql.jdbc.Util.handleNewInstance(Util.java:425)
	at com.mysql.jdbc.ConnectionImpl.getInstance(ConnectionImpl.java:386)
	at com.mysql.jdbc.NonRegisteringDriver.connect(NonRegisteringDriver.java:330)
	at com.alibaba.druid.filter.FilterChainImpl.connection_connect(FilterChainImpl.java:156)
	at com.alibaba.druid.filter.FilterAdapter.connection_connect(FilterAdapter.java:787)
	at com.alibaba.druid.filter.FilterEventAdapter.connection_connect(FilterEventAdapter.java:38)
	at com.alibaba.druid.filter.FilterChainImpl.connection_connect(FilterChainImpl.java:150)
	at com.alibaba.druid.filter.FilterAdapter.connection_connect(FilterAdapter.java:787)
	at com.alibaba.druid.filter.FilterChainImpl.connection_connect(FilterChainImpl.java:150)
	at com.alibaba.druid.filter.stat.StatFilter.connection_connect(StatFilter.java:218)
	at com.alibaba.druid.filter.FilterChainImpl.connection_connect(FilterChainImpl.java:150)
	at com.alibaba.druid.pool.DruidAbstractDataSource.createPhysicalConnection(DruidAbstractDataSource.java:1598)
	at com.alibaba.druid.pool.DruidAbstractDataSource.createPhysicalConnection(DruidAbstractDataSource.java:1662)
	at com.alibaba.druid.pool.DruidDataSource$CreateConnectionThread.run(DruidDataSource.java:2697)
Caused by: java.net.UnknownHostException: teacher_mysql
	at java.base/java.net.InetAddress$CachedAddresses.get(InetAddress.java:800)
	at java.base/java.net.InetAddress.getAllByName0(InetAddress.java:1507)
	at java.base/java.net.InetAddress.getAllByName(InetAddress.java:1366)
	at java.base/java.net.InetAddress.getAllByName(InetAddress.java:1300)
	at com.mysql.jdbc.StandardSocketFactory.connect(StandardSocketFactory.java:188)
	at com.mysql.jdbc.MysqlIO.<init>(MysqlIO.java:301)
	... 23 common frames omitted
2021-09-08 00:03:09.403 [Druid-ConnectionPool-Create-1016921310] ERROR com.alibaba.druid.pool.DruidDataSource:2699 - create connection SQLException, url: jdbc:mysql://teacher_mysql:3306/teachingopen?characterEncoding=UTF-8&useUnicode=true&useSSL=false&tinyInt1isBit=false, errorCode 0, state 08S01
com.mysql.jdbc.exceptions.jdbc4.CommunicationsException: Communications link failure

The last packet sent successfully to the server was 0 milliseconds ago. The driver has not received any packets from the server.
	at jdk.internal.reflect.GeneratedConstructorAccessor70.newInstance(Unknown Source)
	at java.base/jdk.internal.reflect.DelegatingConstructorAccessorImpl.newInstance(DelegatingConstructorAccessorImpl.java:45)
	at java.base/java.lang.reflect.Constructor.newInstanceWithCaller(Constructor.java:499)
	at java.base/java.lang.reflect.Constructor.newInstance(Constructor.java:480)
	at com.mysql.jdbc.Util.handleNewInstance(Util.java:425)
	at com.mysql.jdbc.SQLError.createCommunicationsException(SQLError.java:990)
	at com.mysql.jdbc.MysqlIO.<init>(MysqlIO.java:342)
	at com.mysql.jdbc.ConnectionImpl.coreConnect(ConnectionImpl.java:2197)
	at com.mysql.jdbc.ConnectionImpl.connectOneTryOnly(ConnectionImpl.java:2230)
	at com.mysql.jdbc.ConnectionImpl.createNewIO(ConnectionImpl.java:2025)
	at com.mysql.jdbc.ConnectionImpl.<init>(ConnectionImpl.java:778)
	at com.mysql.jdbc.JDBC4Connection.<init>(JDBC4Connection.java:47)
	at jdk.internal.reflect.GeneratedConstructorAccessor67.newInstance(Unknown Source)
	at java.base/jdk.internal.reflect.DelegatingConstructorAccessorImpl.newInstance(DelegatingConstructorAccessorImpl.java:45)
	at java.base/java.lang.reflect.Constructor.newInstanceWithCaller(Constructor.java:499)
	at java.base/java.lang.reflect.Constructor.newInstance(Constructor.java:480)
	at com.mysql.jdbc.Util.handleNewInstance(Util.java:425)
	at com.mysql.jdbc.ConnectionImpl.getInstance(ConnectionImpl.java:386)
	at com.mysql.jdbc.NonRegisteringDriver.connect(NonRegisteringDriver.java:330)
	at com.alibaba.druid.filter.FilterChainImpl.connection_connect(FilterChainImpl.java:156)
	at com.alibaba.druid.filter.FilterAdapter.connection_connect(FilterAdapter.java:787)
	at com.alibaba.druid.filter.FilterEventAdapter.connection_connect(FilterEventAdapter.java:38)
	at com.alibaba.druid.filter.FilterChainImpl.connection_connect(FilterChainImpl.java:150)
	at com.alibaba.druid.filter.FilterAdapter.connection_connect(FilterAdapter.java:787)
	at com.alibaba.druid.filter.FilterChainImpl.connection_connect(FilterChainImpl.java:150)
	at com.alibaba.druid.filter.stat.StatFilter.connection_connect(StatFilter.java:218)
	at com.alibaba.druid.filter.FilterChainImpl.connection_connect(FilterChainImpl.java:150)
	at com.alibaba.druid.pool.DruidAbstractDataSource.createPhysicalConnection(DruidAbstractDataSource.java:1598)
	at com.alibaba.druid.pool.DruidAbstractDataSource.createPhysicalConnection(DruidAbstractDataSource.java:1662)
	at com.alibaba.druid.pool.DruidDataSource$CreateConnectionThread.run(DruidDataSource.java:2697)
Caused by: java.net.UnknownHostException: teacher_mysql
	at java.base/java.net.InetAddress$CachedAddresses.get(InetAddress.java:800)
	at java.base/java.net.InetAddress.getAllByName0(InetAddress.java:1507)
	at java.base/java.net.InetAddress.getAllByName(InetAddress.java:1366)
	at java.base/java.net.InetAddress.getAllByName(InetAddress.java:1300)
	at com.mysql.jdbc.StandardSocketFactory.connect(StandardSocketFactory.java:188)
	at com.mysql.jdbc.MysqlIO.<init>(MysqlIO.java:301)
	... 23 common frames omitted
2021-09-08 00:03:09.952 [Druid-ConnectionPool-Create-1016921310] ERROR com.alibaba.druid.pool.DruidDataSource:2699 - create connection SQLException, url: jdbc:mysql://teacher_mysql:3306/teachingopen?characterEncoding=UTF-8&useUnicode=true&useSSL=false&tinyInt1isBit=false, errorCode 0, state 08S01
com.mysql.jdbc.exceptions.jdbc4.CommunicationsException: Communications link failure

The last packet sent successfully to the server was 0 milliseconds ago. The driver has not received any packets from the server.
	at jdk.internal.reflect.GeneratedConstructorAccessor70.newInstance(Unknown Source)
	at java.base/jdk.internal.reflect.DelegatingConstructorAccessorImpl.newInstance(DelegatingConstructorAccessorImpl.java:45)
	at java.base/java.lang.reflect.Constructor.newInstanceWithCaller(Constructor.java:499)
	at java.base/java.lang.reflect.Constructor.newInstance(Constructor.java:480)
	at com.mysql.jdbc.Util.handleNewInstance(Util.java:425)
	at com.mysql.jdbc.SQLError.createCommunicationsException(SQLError.java:990)
	at com.mysql.jdbc.MysqlIO.<init>(MysqlIO.java:342)
	at com.mysql.jdbc.ConnectionImpl.coreConnect(ConnectionImpl.java:2197)
	at com.mysql.jdbc.ConnectionImpl.connectOneTryOnly(ConnectionImpl.java:2230)
	at com.mysql.jdbc.ConnectionImpl.createNewIO(ConnectionImpl.java:2025)
	at com.mysql.jdbc.ConnectionImpl.<init>(ConnectionImpl.java:778)
	at com.mysql.jdbc.JDBC4Connection.<init>(JDBC4Connection.java:47)
	at jdk.internal.reflect.GeneratedConstructorAccessor67.newInstance(Unknown Source)
	at java.base/jdk.internal.reflect.DelegatingConstructorAccessorImpl.newInstance(DelegatingConstructorAccessorImpl.java:45)
	at java.base/java.lang.reflect.Constructor.newInstanceWithCaller(Constructor.java:499)
	at java.base/java.lang.reflect.Constructor.newInstance(Constructor.java:480)
	at com.mysql.jdbc.Util.handleNewInstance(Util.java:425)
	at com.mysql.jdbc.ConnectionImpl.getInstance(ConnectionImpl.java:386)
	at com.mysql.jdbc.NonRegisteringDriver.connect(NonRegisteringDriver.java:330)
	at com.alibaba.druid.filter.FilterChainImpl.connection_connect(FilterChainImpl.java:156)
	at com.alibaba.druid.filter.FilterAdapter.connection_connect(FilterAdapter.java:787)
	at com.alibaba.druid.filter.FilterEventAdapter.connection_connect(FilterEventAdapter.java:38)
	at com.alibaba.druid.filter.FilterChainImpl.connection_connect(FilterChainImpl.java:150)
	at com.alibaba.druid.filter.FilterAdapter.connection_connect(FilterAdapter.java:787)
	at com.alibaba.druid.filter.FilterChainImpl.connection_connect(FilterChainImpl.java:150)
	at com.alibaba.druid.filter.stat.StatFilter.connection_connect(StatFilter.java:218)
	at com.alibaba.druid.filter.FilterChainImpl.connection_connect(FilterChainImpl.java:150)
	at com.alibaba.druid.pool.DruidAbstractDataSource.createPhysicalConnection(DruidAbstractDataSource.java:1598)
	at com.alibaba.druid.pool.DruidAbstractDataSource.createPhysicalConnection(DruidAbstractDataSource.java:1662)
	at com.alibaba.druid.pool.DruidDataSource$CreateConnectionThread.run(DruidDataSource.java:2697)
Caused by: java.net.UnknownHostException: teacher_mysql
	at java.base/java.net.InetAddress$CachedAddresses.get(InetAddress.java:800)
	at java.base/java.net.InetAddress.getAllByName0(InetAddress.java:1507)
	at java.base/java.net.InetAddress.getAllByName(InetAddress.java:1366)
	at java.base/java.net.InetAddress.getAllByName(InetAddress.java:1300)
	at com.mysql.jdbc.StandardSocketFactory.connect(StandardSocketFactory.java:188)
	at com.mysql.jdbc.MysqlIO.<init>(MysqlIO.java:301)
	... 23 common frames omitted
2021-09-08 00:03:10.498 [Druid-ConnectionPool-Create-1016921310] ERROR com.alibaba.druid.pool.DruidDataSource:2699 - create connection SQLException, url: jdbc:mysql://teacher_mysql:3306/teachingopen?characterEncoding=UTF-8&useUnicode=true&useSSL=false&tinyInt1isBit=false, errorCode 0, state 08S01
com.mysql.jdbc.exceptions.jdbc4.CommunicationsException: Communications link failure

The last packet sent successfully to the server was 0 milliseconds ago. The driver has not received any packets from the server.
	at jdk.internal.reflect.GeneratedConstructorAccessor70.newInstance(Unknown Source)
	at java.base/jdk.internal.reflect.DelegatingConstructorAccessorImpl.newInstance(DelegatingConstructorAccessorImpl.java:45)
	at java.base/java.lang.reflect.Constructor.newInstanceWithCaller(Constructor.java:499)
	at java.base/java.lang.reflect.Constructor.newInstance(Constructor.java:480)
	at com.mysql.jdbc.Util.handleNewInstance(Util.java:425)
	at com.mysql.jdbc.SQLError.createCommunicationsException(SQLError.java:990)
	at com.mysql.jdbc.MysqlIO.<init>(MysqlIO.java:342)
	at com.mysql.jdbc.ConnectionImpl.coreConnect(ConnectionImpl.java:2197)
	at com.mysql.jdbc.ConnectionImpl.connectOneTryOnly(ConnectionImpl.java:2230)
	at com.mysql.jdbc.ConnectionImpl.createNewIO(ConnectionImpl.java:2025)
	at com.mysql.jdbc.ConnectionImpl.<init>(ConnectionImpl.java:778)
	at com.mysql.jdbc.JDBC4Connection.<init>(JDBC4Connection.java:47)
	at jdk.internal.reflect.GeneratedConstructorAccessor67.newInstance(Unknown Source)
	at java.base/jdk.internal.reflect.DelegatingConstructorAccessorImpl.newInstance(DelegatingConstructorAccessorImpl.java:45)
	at java.base/java.lang.reflect.Constructor.newInstanceWithCaller(Constructor.java:499)
	at java.base/java.lang.reflect.Constructor.newInstance(Constructor.java:480)
	at com.mysql.jdbc.Util.handleNewInstance(Util.java:425)
	at com.mysql.jdbc.ConnectionImpl.getInstance(ConnectionImpl.java:386)
	at com.mysql.jdbc.NonRegisteringDriver.connect(NonRegisteringDriver.java:330)
	at com.alibaba.druid.filter.FilterChainImpl.connection_connect(FilterChainImpl.java:156)
	at com.alibaba.druid.filter.FilterAdapter.connection_connect(FilterAdapter.java:787)
	at com.alibaba.druid.filter.FilterEventAdapter.connection_connect(FilterEventAdapter.java:38)
	at com.alibaba.druid.filter.FilterChainImpl.connection_connect(FilterChainImpl.java:150)
	at com.alibaba.druid.filter.FilterAdapter.connection_connect(FilterAdapter.java:787)
	at com.alibaba.druid.filter.FilterChainImpl.connection_connect(FilterChainImpl.java:150)
	at com.alibaba.druid.filter.stat.StatFilter.connection_connect(StatFilter.java:218)
	at com.alibaba.druid.filter.FilterChainImpl.connection_connect(FilterChainImpl.java:150)
	at com.alibaba.druid.pool.DruidAbstractDataSource.createPhysicalConnection(DruidAbstractDataSource.java:1598)
	at com.alibaba.druid.pool.DruidAbstractDataSource.createPhysicalConnection(DruidAbstractDataSource.java:1662)
	at com.alibaba.druid.pool.DruidDataSource$CreateConnectionThread.run(DruidDataSource.java:2697)
Caused by: java.net.UnknownHostException: teacher_mysql
	at java.base/java.net.InetAddress$CachedAddresses.get(InetAddress.java:800)
	at java.base/java.net.InetAddress.getAllByName0(InetAddress.java:1507)
	at java.base/java.net.InetAddress.getAllByName(InetAddress.java:1366)
	at java.base/java.net.InetAddress.getAllByName(InetAddress.java:1300)
	at com.mysql.jdbc.StandardSocketFactory.connect(StandardSocketFactory.java:188)
	at com.mysql.jdbc.MysqlIO.<init>(MysqlIO.java:301)
	... 23 common frames omitted
2021-09-08 00:03:11.050 [Druid-ConnectionPool-Create-1016921310] ERROR com.alibaba.druid.pool.DruidDataSource:2699 - create connection SQLException, url: jdbc:mysql://teacher_mysql:3306/teachingopen?characterEncoding=UTF-8&useUnicode=true&useSSL=false&tinyInt1isBit=false, errorCode 0, state 08S01
com.mysql.jdbc.exceptions.jdbc4.CommunicationsException: Communications link failure

The last packet sent successfully to the server was 0 milliseconds ago. The driver has not received any packets from the server.
	at jdk.internal.reflect.GeneratedConstructorAccessor70.newInstance(Unknown Source)
	at java.base/jdk.internal.reflect.DelegatingConstructorAccessorImpl.newInstance(DelegatingConstructorAccessorImpl.java:45)
	at java.base/java.lang.reflect.Constructor.newInstanceWithCaller(Constructor.java:499)
	at java.base/java.lang.reflect.Constructor.newInstance(Constructor.java:480)
	at com.mysql.jdbc.Util.handleNewInstance(Util.java:425)
	at com.mysql.jdbc.SQLError.createCommunicationsException(SQLError.java:990)
	at com.mysql.jdbc.MysqlIO.<init>(MysqlIO.java:342)
	at com.mysql.jdbc.ConnectionImpl.coreConnect(ConnectionImpl.java:2197)
	at com.mysql.jdbc.ConnectionImpl.connectOneTryOnly(ConnectionImpl.java:2230)
	at com.mysql.jdbc.ConnectionImpl.createNewIO(ConnectionImpl.java:2025)
	at com.mysql.jdbc.ConnectionImpl.<init>(ConnectionImpl.java:778)
	at com.mysql.jdbc.JDBC4Connection.<init>(JDBC4Connection.java:47)
	at jdk.internal.reflect.GeneratedConstructorAccessor67.newInstance(Unknown Source)
	at java.base/jdk.internal.reflect.DelegatingConstructorAccessorImpl.newInstance(DelegatingConstructorAccessorImpl.java:45)
	at java.base/java.lang.reflect.Constructor.newInstanceWithCaller(Constructor.java:499)
	at java.base/java.lang.reflect.Constructor.newInstance(Constructor.java:480)
	at com.mysql.jdbc.Util.handleNewInstance(Util.java:425)
	at com.mysql.jdbc.ConnectionImpl.getInstance(ConnectionImpl.java:386)
	at com.mysql.jdbc.NonRegisteringDriver.connect(NonRegisteringDriver.java:330)
	at com.alibaba.druid.filter.FilterChainImpl.connection_connect(FilterChainImpl.java:156)
	at com.alibaba.druid.filter.FilterAdapter.connection_connect(FilterAdapter.java:787)
	at com.alibaba.druid.filter.FilterEventAdapter.connection_connect(FilterEventAdapter.java:38)
	at com.alibaba.druid.filter.FilterChainImpl.connection_connect(FilterChainImpl.java:150)
	at com.alibaba.druid.filter.FilterAdapter.connection_connect(FilterAdapter.java:787)
	at com.alibaba.druid.filter.FilterChainImpl.connection_connect(FilterChainImpl.java:150)
	at com.alibaba.druid.filter.stat.StatFilter.connection_connect(StatFilter.java:218)
	at com.alibaba.druid.filter.FilterChainImpl.connection_connect(FilterChainImpl.java:150)
	at com.alibaba.druid.pool.DruidAbstractDataSource.createPhysicalConnection(DruidAbstractDataSource.java:1598)
	at com.alibaba.druid.pool.DruidAbstractDataSource.createPhysicalConnection(DruidAbstractDataSource.java:1662)
	at com.alibaba.druid.pool.DruidDataSource$CreateConnectionThread.run(DruidDataSource.java:2697)
Caused by: java.net.UnknownHostException: teacher_mysql
	at java.base/java.net.InetAddress$CachedAddresses.get(InetAddress.java:800)
	at java.base/java.net.InetAddress.getAllByName0(InetAddress.java:1507)
	at java.base/java.net.InetAddress.getAllByName(InetAddress.java:1366)
	at java.base/java.net.InetAddress.getAllByName(InetAddress.java:1300)
	at com.mysql.jdbc.StandardSocketFactory.connect(StandardSocketFactory.java:188)
	at com.mysql.jdbc.MysqlIO.<init>(MysqlIO.java:301)
	... 23 common frames omitted
2021-09-08 00:03:11.598 [Druid-ConnectionPool-Create-1016921310] ERROR com.alibaba.druid.pool.DruidDataSource:2699 - create connection SQLException, url: jdbc:mysql://teacher_mysql:3306/teachingopen?characterEncoding=UTF-8&useUnicode=true&useSSL=false&tinyInt1isBit=false, errorCode 0, state 08S01
com.mysql.jdbc.exceptions.jdbc4.CommunicationsException: Communications link failure

The last packet sent successfully to the server was 0 milliseconds ago. The driver has not received any packets from the server.
	at jdk.internal.reflect.GeneratedConstructorAccessor70.newInstance(Unknown Source)
	at java.base/jdk.internal.reflect.DelegatingConstructorAccessorImpl.newInstance(DelegatingConstructorAccessorImpl.java:45)
	at java.base/java.lang.reflect.Constructor.newInstanceWithCaller(Constructor.java:499)
	at java.base/java.lang.reflect.Constructor.newInstance(Constructor.java:480)
	at com.mysql.jdbc.Util.handleNewInstance(Util.java:425)
	at com.mysql.jdbc.SQLError.createCommunicationsException(SQLError.java:990)
	at com.mysql.jdbc.MysqlIO.<init>(MysqlIO.java:342)
	at com.mysql.jdbc.ConnectionImpl.coreConnect(ConnectionImpl.java:2197)
	at com.mysql.jdbc.ConnectionImpl.connectOneTryOnly(ConnectionImpl.java:2230)
	at com.mysql.jdbc.ConnectionImpl.createNewIO(ConnectionImpl.java:2025)
	at com.mysql.jdbc.ConnectionImpl.<init>(ConnectionImpl.java:778)
	at com.mysql.jdbc.JDBC4Connection.<init>(JDBC4Connection.java:47)
	at jdk.internal.reflect.GeneratedConstructorAccessor67.newInstance(Unknown Source)
	at java.base/jdk.internal.reflect.DelegatingConstructorAccessorImpl.newInstance(DelegatingConstructorAccessorImpl.java:45)
	at java.base/java.lang.reflect.Constructor.newInstanceWithCaller(Constructor.java:499)
	at java.base/java.lang.reflect.Constructor.newInstance(Constructor.java:480)
	at com.mysql.jdbc.Util.handleNewInstance(Util.java:425)
	at com.mysql.jdbc.ConnectionImpl.getInstance(ConnectionImpl.java:386)
	at com.mysql.jdbc.NonRegisteringDriver.connect(NonRegisteringDriver.java:330)
	at com.alibaba.druid.filter.FilterChainImpl.connection_connect(FilterChainImpl.java:156)
	at com.alibaba.druid.filter.FilterAdapter.connection_connect(FilterAdapter.java:787)
	at com.alibaba.druid.filter.FilterEventAdapter.connection_connect(FilterEventAdapter.java:38)
	at com.alibaba.druid.filter.FilterChainImpl.connection_connect(FilterChainImpl.java:150)
	at com.alibaba.druid.filter.FilterAdapter.connection_connect(FilterAdapter.java:787)
	at com.alibaba.druid.filter.FilterChainImpl.connection_connect(FilterChainImpl.java:150)
	at com.alibaba.druid.filter.stat.StatFilter.connection_connect(StatFilter.java:218)
	at com.alibaba.druid.filter.FilterChainImpl.connection_connect(FilterChainImpl.java:150)
	at com.alibaba.druid.pool.DruidAbstractDataSource.createPhysicalConnection(DruidAbstractDataSource.java:1598)
	at com.alibaba.druid.pool.DruidAbstractDataSource.createPhysicalConnection(DruidAbstractDataSource.java:1662)
	at com.alibaba.druid.pool.DruidDataSource$CreateConnectionThread.run(DruidDataSource.java:2697)
Caused by: java.net.UnknownHostException: teacher_mysql
	at java.base/java.net.InetAddress$CachedAddresses.get(InetAddress.java:800)
	at java.base/java.net.InetAddress.getAllByName0(InetAddress.java:1507)
	at java.base/java.net.InetAddress.getAllByName(InetAddress.java:1366)
	at java.base/java.net.InetAddress.getAllByName(InetAddress.java:1300)
	at com.mysql.jdbc.StandardSocketFactory.connect(StandardSocketFactory.java:188)
	at com.mysql.jdbc.MysqlIO.<init>(MysqlIO.java:301)
	... 23 common frames omitted
2021-09-08 00:03:12.146 [Druid-ConnectionPool-Create-1016921310] ERROR com.alibaba.druid.pool.DruidDataSource:2699 - create connection SQLException, url: jdbc:mysql://teacher_mysql:3306/teachingopen?characterEncoding=UTF-8&useUnicode=true&useSSL=false&tinyInt1isBit=false, errorCode 0, state 08S01
com.mysql.jdbc.exceptions.jdbc4.CommunicationsException: Communications link failure

The last packet sent successfully to the server was 0 milliseconds ago. The driver has not received any packets from the server.
	at jdk.internal.reflect.GeneratedConstructorAccessor70.newInstance(Unknown Source)
	at java.base/jdk.internal.reflect.DelegatingConstructorAccessorImpl.newInstance(DelegatingConstructorAccessorImpl.java:45)
	at java.base/java.lang.reflect.Constructor.newInstanceWithCaller(Constructor.java:499)
	at java.base/java.lang.reflect.Constructor.newInstance(Constructor.java:480)
	at com.mysql.jdbc.Util.handleNewInstance(Util.java:425)
	at com.mysql.jdbc.SQLError.createCommunicationsException(SQLError.java:990)
	at com.mysql.jdbc.MysqlIO.<init>(MysqlIO.java:342)
	at com.mysql.jdbc.ConnectionImpl.coreConnect(ConnectionImpl.java:2197)
	at com.mysql.jdbc.ConnectionImpl.connectOneTryOnly(ConnectionImpl.java:2230)
	at com.mysql.jdbc.ConnectionImpl.createNewIO(ConnectionImpl.java:2025)
	at com.mysql.jdbc.ConnectionImpl.<init>(ConnectionImpl.java:778)
	at com.mysql.jdbc.JDBC4Connection.<init>(JDBC4Connection.java:47)
	at jdk.internal.reflect.GeneratedConstructorAccessor67.newInstance(Unknown Source)
	at java.base/jdk.internal.reflect.DelegatingConstructorAccessorImpl.newInstance(DelegatingConstructorAccessorImpl.java:45)
	at java.base/java.lang.reflect.Constructor.newInstanceWithCaller(Constructor.java:499)
	at java.base/java.lang.reflect.Constructor.newInstance(Constructor.java:480)
	at com.mysql.jdbc.Util.handleNewInstance(Util.java:425)
	at com.mysql.jdbc.ConnectionImpl.getInstance(ConnectionImpl.java:386)
	at com.mysql.jdbc.NonRegisteringDriver.connect(NonRegisteringDriver.java:330)
	at com.alibaba.druid.filter.FilterChainImpl.connection_connect(FilterChainImpl.java:156)
	at com.alibaba.druid.filter.FilterAdapter.connection_connect(FilterAdapter.java:787)
	at com.alibaba.druid.filter.FilterEventAdapter.connection_connect(FilterEventAdapter.java:38)
	at com.alibaba.druid.filter.FilterChainImpl.connection_connect(FilterChainImpl.java:150)
	at com.alibaba.druid.filter.FilterAdapter.connection_connect(FilterAdapter.java:787)
	at com.alibaba.druid.filter.FilterChainImpl.connection_connect(FilterChainImpl.java:150)
	at com.alibaba.druid.filter.stat.StatFilter.connection_connect(StatFilter.java:218)
	at com.alibaba.druid.filter.FilterChainImpl.connection_connect(FilterChainImpl.java:150)
	at com.alibaba.druid.pool.DruidAbstractDataSource.createPhysicalConnection(DruidAbstractDataSource.java:1598)
	at com.alibaba.druid.pool.DruidAbstractDataSource.createPhysicalConnection(DruidAbstractDataSource.java:1662)
	at com.alibaba.druid.pool.DruidDataSource$CreateConnectionThread.run(DruidDataSource.java:2697)
Caused by: java.net.UnknownHostException: teacher_mysql
	at java.base/java.net.InetAddress$CachedAddresses.get(InetAddress.java:800)
	at java.base/java.net.InetAddress.getAllByName0(InetAddress.java:1507)
	at java.base/java.net.InetAddress.getAllByName(InetAddress.java:1366)
	at java.base/java.net.InetAddress.getAllByName(InetAddress.java:1300)
	at com.mysql.jdbc.StandardSocketFactory.connect(StandardSocketFactory.java:188)
	at com.mysql.jdbc.MysqlIO.<init>(MysqlIO.java:301)
	... 23 common frames omitted
2021-09-08 00:03:12.685 [Druid-ConnectionPool-Create-1016921310] ERROR com.alibaba.druid.pool.DruidDataSource:2699 - create connection SQLException, url: jdbc:mysql://teacher_mysql:3306/teachingopen?characterEncoding=UTF-8&useUnicode=true&useSSL=false&tinyInt1isBit=false, errorCode 0, state 08S01
com.mysql.jdbc.exceptions.jdbc4.CommunicationsException: Communications link failure

The last packet sent successfully to the server was 0 milliseconds ago. The driver has not received any packets from the server.
	at jdk.internal.reflect.GeneratedConstructorAccessor70.newInstance(Unknown Source)
	at java.base/jdk.internal.reflect.DelegatingConstructorAccessorImpl.newInstance(DelegatingConstructorAccessorImpl.java:45)
	at java.base/java.lang.reflect.Constructor.newInstanceWithCaller(Constructor.java:499)
	at java.base/java.lang.reflect.Constructor.newInstance(Constructor.java:480)
	at com.mysql.jdbc.Util.handleNewInstance(Util.java:425)
	at com.mysql.jdbc.SQLError.createCommunicationsException(SQLError.java:990)
	at com.mysql.jdbc.MysqlIO.<init>(MysqlIO.java:342)
	at com.mysql.jdbc.ConnectionImpl.coreConnect(ConnectionImpl.java:2197)
	at com.mysql.jdbc.ConnectionImpl.connectOneTryOnly(ConnectionImpl.java:2230)
	at com.mysql.jdbc.ConnectionImpl.createNewIO(ConnectionImpl.java:2025)
	at com.mysql.jdbc.ConnectionImpl.<init>(ConnectionImpl.java:778)
	at com.mysql.jdbc.JDBC4Connection.<init>(JDBC4Connection.java:47)
	at jdk.internal.reflect.GeneratedConstructorAccessor67.newInstance(Unknown Source)
	at java.base/jdk.internal.reflect.DelegatingConstructorAccessorImpl.newInstance(DelegatingConstructorAccessorImpl.java:45)
	at java.base/java.lang.reflect.Constructor.newInstanceWithCaller(Constructor.java:499)
	at java.base/java.lang.reflect.Constructor.newInstance(Constructor.java:480)
	at com.mysql.jdbc.Util.handleNewInstance(Util.java:425)
	at com.mysql.jdbc.ConnectionImpl.getInstance(ConnectionImpl.java:386)
	at com.mysql.jdbc.NonRegisteringDriver.connect(NonRegisteringDriver.java:330)
	at com.alibaba.druid.filter.FilterChainImpl.connection_connect(FilterChainImpl.java:156)
	at com.alibaba.druid.filter.FilterAdapter.connection_connect(FilterAdapter.java:787)
	at com.alibaba.druid.filter.FilterEventAdapter.connection_connect(FilterEventAdapter.java:38)
	at com.alibaba.druid.filter.FilterChainImpl.connection_connect(FilterChainImpl.java:150)
	at com.alibaba.druid.filter.FilterAdapter.connection_connect(FilterAdapter.java:787)
	at com.alibaba.druid.filter.FilterChainImpl.connection_connect(FilterChainImpl.java:150)
	at com.alibaba.druid.filter.stat.StatFilter.connection_connect(StatFilter.java:218)
	at com.alibaba.druid.filter.FilterChainImpl.connection_connect(FilterChainImpl.java:150)
	at com.alibaba.druid.pool.DruidAbstractDataSource.createPhysicalConnection(DruidAbstractDataSource.java:1598)
	at com.alibaba.druid.pool.DruidAbstractDataSource.createPhysicalConnection(DruidAbstractDataSource.java:1662)
	at com.alibaba.druid.pool.DruidDataSource$CreateConnectionThread.run(DruidDataSource.java:2697)
Caused by: java.net.UnknownHostException: teacher_mysql
	at java.base/java.net.InetAddress$CachedAddresses.get(InetAddress.java:800)
	at java.base/java.net.InetAddress.getAllByName0(InetAddress.java:1507)
	at java.base/java.net.InetAddress.getAllByName(InetAddress.java:1366)
	at java.base/java.net.InetAddress.getAllByName(InetAddress.java:1300)
	at com.mysql.jdbc.StandardSocketFactory.connect(StandardSocketFactory.java:188)
	at com.mysql.jdbc.MysqlIO.<init>(MysqlIO.java:301)
	... 23 common frames omitted
2021-09-08 00:03:13.225 [Druid-ConnectionPool-Create-1016921310] ERROR com.alibaba.druid.pool.DruidDataSource:2699 - create connection SQLException, url: jdbc:mysql://teacher_mysql:3306/teachingopen?characterEncoding=UTF-8&useUnicode=true&useSSL=false&tinyInt1isBit=false, errorCode 0, state 08S01
com.mysql.jdbc.exceptions.jdbc4.CommunicationsException: Communications link failure

The last packet sent successfully to the server was 0 milliseconds ago. The driver has not received any packets from the server.
	at jdk.internal.reflect.GeneratedConstructorAccessor70.newInstance(Unknown Source)
	at java.base/jdk.internal.reflect.DelegatingConstructorAccessorImpl.newInstance(DelegatingConstructorAccessorImpl.java:45)
	at java.base/java.lang.reflect.Constructor.newInstanceWithCaller(Constructor.java:499)
	at java.base/java.lang.reflect.Constructor.newInstance(Constructor.java:480)
	at com.mysql.jdbc.Util.handleNewInstance(Util.java:425)
	at com.mysql.jdbc.SQLError.createCommunicationsException(SQLError.java:990)
	at com.mysql.jdbc.MysqlIO.<init>(MysqlIO.java:342)
	at com.mysql.jdbc.ConnectionImpl.coreConnect(ConnectionImpl.java:2197)
	at com.mysql.jdbc.ConnectionImpl.connectOneTryOnly(ConnectionImpl.java:2230)
	at com.mysql.jdbc.ConnectionImpl.createNewIO(ConnectionImpl.java:2025)
	at com.mysql.jdbc.ConnectionImpl.<init>(ConnectionImpl.java:778)
	at com.mysql.jdbc.JDBC4Connection.<init>(JDBC4Connection.java:47)
	at jdk.internal.reflect.GeneratedConstructorAccessor67.newInstance(Unknown Source)
	at java.base/jdk.internal.reflect.DelegatingConstructorAccessorImpl.newInstance(DelegatingConstructorAccessorImpl.java:45)
	at java.base/java.lang.reflect.Constructor.newInstanceWithCaller(Constructor.java:499)
	at java.base/java.lang.reflect.Constructor.newInstance(Constructor.java:480)
	at com.mysql.jdbc.Util.handleNewInstance(Util.java:425)
	at com.mysql.jdbc.ConnectionImpl.getInstance(ConnectionImpl.java:386)
	at com.mysql.jdbc.NonRegisteringDriver.connect(NonRegisteringDriver.java:330)
	at com.alibaba.druid.filter.FilterChainImpl.connection_connect(FilterChainImpl.java:156)
	at com.alibaba.druid.filter.FilterAdapter.connection_connect(FilterAdapter.java:787)
	at com.alibaba.druid.filter.FilterEventAdapter.connection_connect(FilterEventAdapter.java:38)
	at com.alibaba.druid.filter.FilterChainImpl.connection_connect(FilterChainImpl.java:150)
	at com.alibaba.druid.filter.FilterAdapter.connection_connect(FilterAdapter.java:787)
	at com.alibaba.druid.filter.FilterChainImpl.connection_connect(FilterChainImpl.java:150)
	at com.alibaba.druid.filter.stat.StatFilter.connection_connect(StatFilter.java:218)
	at com.alibaba.druid.filter.FilterChainImpl.connection_connect(FilterChainImpl.java:150)
	at com.alibaba.druid.pool.DruidAbstractDataSource.createPhysicalConnection(DruidAbstractDataSource.java:1598)
	at com.alibaba.druid.pool.DruidAbstractDataSource.createPhysicalConnection(DruidAbstractDataSource.java:1662)
	at com.alibaba.druid.pool.DruidDataSource$CreateConnectionThread.run(DruidDataSource.java:2697)
Caused by: java.net.UnknownHostException: teacher_mysql
	at java.base/java.net.InetAddress$CachedAddresses.get(InetAddress.java:800)
	at java.base/java.net.InetAddress.getAllByName0(InetAddress.java:1507)
	at java.base/java.net.InetAddress.getAllByName(InetAddress.java:1366)
	at java.base/java.net.InetAddress.getAllByName(InetAddress.java:1300)
	at com.mysql.jdbc.StandardSocketFactory.connect(StandardSocketFactory.java:188)
	at com.mysql.jdbc.MysqlIO.<init>(MysqlIO.java:301)
	... 23 common frames omitted
2021-09-08 00:03:13.775 [Druid-ConnectionPool-Create-1016921310] ERROR com.alibaba.druid.pool.DruidDataSource:2699 - create connection SQLException, url: jdbc:mysql://teacher_mysql:3306/teachingopen?characterEncoding=UTF-8&useUnicode=true&useSSL=false&tinyInt1isBit=false, errorCode 0, state 08S01
com.mysql.jdbc.exceptions.jdbc4.CommunicationsException: Communications link failure

The last packet sent successfully to the server was 0 milliseconds ago. The driver has not received any packets from the server.
	at jdk.internal.reflect.GeneratedConstructorAccessor70.newInstance(Unknown Source)
	at java.base/jdk.internal.reflect.DelegatingConstructorAccessorImpl.newInstance(DelegatingConstructorAccessorImpl.java:45)
	at java.base/java.lang.reflect.Constructor.newInstanceWithCaller(Constructor.java:499)
	at java.base/java.lang.reflect.Constructor.newInstance(Constructor.java:480)
	at com.mysql.jdbc.Util.handleNewInstance(Util.java:425)
	at com.mysql.jdbc.SQLError.createCommunicationsException(SQLError.java:990)
	at com.mysql.jdbc.MysqlIO.<init>(MysqlIO.java:342)
	at com.mysql.jdbc.ConnectionImpl.coreConnect(ConnectionImpl.java:2197)
	at com.mysql.jdbc.ConnectionImpl.connectOneTryOnly(ConnectionImpl.java:2230)
	at com.mysql.jdbc.ConnectionImpl.createNewIO(ConnectionImpl.java:2025)
	at com.mysql.jdbc.ConnectionImpl.<init>(ConnectionImpl.java:778)
	at com.mysql.jdbc.JDBC4Connection.<init>(JDBC4Connection.java:47)
	at jdk.internal.reflect.GeneratedConstructorAccessor67.newInstance(Unknown Source)
	at java.base/jdk.internal.reflect.DelegatingConstructorAccessorImpl.newInstance(DelegatingConstructorAccessorImpl.java:45)
	at java.base/java.lang.reflect.Constructor.newInstanceWithCaller(Constructor.java:499)
	at java.base/java.lang.reflect.Constructor.newInstance(Constructor.java:480)
	at com.mysql.jdbc.Util.handleNewInstance(Util.java:425)
	at com.mysql.jdbc.ConnectionImpl.getInstance(ConnectionImpl.java:386)
	at com.mysql.jdbc.NonRegisteringDriver.connect(NonRegisteringDriver.java:330)
	at com.alibaba.druid.filter.FilterChainImpl.connection_connect(FilterChainImpl.java:156)
	at com.alibaba.druid.filter.FilterAdapter.connection_connect(FilterAdapter.java:787)
	at com.alibaba.druid.filter.FilterEventAdapter.connection_connect(FilterEventAdapter.java:38)
	at com.alibaba.druid.filter.FilterChainImpl.connection_connect(FilterChainImpl.java:150)
	at com.alibaba.druid.filter.FilterAdapter.connection_connect(FilterAdapter.java:787)
	at com.alibaba.druid.filter.FilterChainImpl.connection_connect(FilterChainImpl.java:150)
	at com.alibaba.druid.filter.stat.StatFilter.connection_connect(StatFilter.java:218)
	at com.alibaba.druid.filter.FilterChainImpl.connection_connect(FilterChainImpl.java:150)
	at com.alibaba.druid.pool.DruidAbstractDataSource.createPhysicalConnection(DruidAbstractDataSource.java:1598)
	at com.alibaba.druid.pool.DruidAbstractDataSource.createPhysicalConnection(DruidAbstractDataSource.java:1662)
	at com.alibaba.druid.pool.DruidDataSource$CreateConnectionThread.run(DruidDataSource.java:2697)
Caused by: java.net.UnknownHostException: teacher_mysql
	at java.base/java.net.InetAddress$CachedAddresses.get(InetAddress.java:800)
	at java.base/java.net.InetAddress.getAllByName0(InetAddress.java:1507)
	at java.base/java.net.InetAddress.getAllByName(InetAddress.java:1366)
	at java.base/java.net.InetAddress.getAllByName(InetAddress.java:1300)
	at com.mysql.jdbc.StandardSocketFactory.connect(StandardSocketFactory.java:188)
	at com.mysql.jdbc.MysqlIO.<init>(MysqlIO.java:301)
	... 23 common frames omitted
2021-09-08 00:03:14.322 [Druid-ConnectionPool-Create-1016921310] ERROR com.alibaba.druid.pool.DruidDataSource:2699 - create connection SQLException, url: jdbc:mysql://teacher_mysql:3306/teachingopen?characterEncoding=UTF-8&useUnicode=true&useSSL=false&tinyInt1isBit=false, errorCode 0, state 08S01
com.mysql.jdbc.exceptions.jdbc4.CommunicationsException: Communications link failure

The last packet sent successfully to the server was 0 milliseconds ago. The driver has not received any packets from the server.
	at jdk.internal.reflect.GeneratedConstructorAccessor70.newInstance(Unknown Source)
	at java.base/jdk.internal.reflect.DelegatingConstructorAccessorImpl.newInstance(DelegatingConstructorAccessorImpl.java:45)
	at java.base/java.lang.reflect.Constructor.newInstanceWithCaller(Constructor.java:499)
	at java.base/java.lang.reflect.Constructor.newInstance(Constructor.java:480)
	at com.mysql.jdbc.Util.handleNewInstance(Util.java:425)
	at com.mysql.jdbc.SQLError.createCommunicationsException(SQLError.java:990)
	at com.mysql.jdbc.MysqlIO.<init>(MysqlIO.java:342)
	at com.mysql.jdbc.ConnectionImpl.coreConnect(ConnectionImpl.java:2197)
	at com.mysql.jdbc.ConnectionImpl.connectOneTryOnly(ConnectionImpl.java:2230)
	at com.mysql.jdbc.ConnectionImpl.createNewIO(ConnectionImpl.java:2025)
	at com.mysql.jdbc.ConnectionImpl.<init>(ConnectionImpl.java:778)
	at com.mysql.jdbc.JDBC4Connection.<init>(JDBC4Connection.java:47)
	at jdk.internal.reflect.GeneratedConstructorAccessor67.newInstance(Unknown Source)
	at java.base/jdk.internal.reflect.DelegatingConstructorAccessorImpl.newInstance(DelegatingConstructorAccessorImpl.java:45)
	at java.base/java.lang.reflect.Constructor.newInstanceWithCaller(Constructor.java:499)
	at java.base/java.lang.reflect.Constructor.newInstance(Constructor.java:480)
	at com.mysql.jdbc.Util.handleNewInstance(Util.java:425)
	at com.mysql.jdbc.ConnectionImpl.getInstance(ConnectionImpl.java:386)
	at com.mysql.jdbc.NonRegisteringDriver.connect(NonRegisteringDriver.java:330)
	at com.alibaba.druid.filter.FilterChainImpl.connection_connect(FilterChainImpl.java:156)
	at com.alibaba.druid.filter.FilterAdapter.connection_connect(FilterAdapter.java:787)
	at com.alibaba.druid.filter.FilterEventAdapter.connection_connect(FilterEventAdapter.java:38)
	at com.alibaba.druid.filter.FilterChainImpl.connection_connect(FilterChainImpl.java:150)
	at com.alibaba.druid.filter.FilterAdapter.connection_connect(FilterAdapter.java:787)
	at com.alibaba.druid.filter.FilterChainImpl.connection_connect(FilterChainImpl.java:150)
	at com.alibaba.druid.filter.stat.StatFilter.connection_connect(StatFilter.java:218)
	at com.alibaba.druid.filter.FilterChainImpl.connection_connect(FilterChainImpl.java:150)
	at com.alibaba.druid.pool.DruidAbstractDataSource.createPhysicalConnection(DruidAbstractDataSource.java:1598)
	at com.alibaba.druid.pool.DruidAbstractDataSource.createPhysicalConnection(DruidAbstractDataSource.java:1662)
	at com.alibaba.druid.pool.DruidDataSource$CreateConnectionThread.run(DruidDataSource.java:2697)
Caused by: java.net.UnknownHostException: teacher_mysql
	at java.base/java.net.InetAddress$CachedAddresses.get(InetAddress.java:800)
	at java.base/java.net.InetAddress.getAllByName0(InetAddress.java:1507)
	at java.base/java.net.InetAddress.getAllByName(InetAddress.java:1366)
	at java.base/java.net.InetAddress.getAllByName(InetAddress.java:1300)
	at com.mysql.jdbc.StandardSocketFactory.connect(StandardSocketFactory.java:188)
	at com.mysql.jdbc.MysqlIO.<init>(MysqlIO.java:301)
	... 23 common frames omitted
2021-09-08 00:03:14.871 [Druid-ConnectionPool-Create-1016921310] ERROR com.alibaba.druid.pool.DruidDataSource:2699 - create connection SQLException, url: jdbc:mysql://teacher_mysql:3306/teachingopen?characterEncoding=UTF-8&useUnicode=true&useSSL=false&tinyInt1isBit=false, errorCode 0, state 08S01
com.mysql.jdbc.exceptions.jdbc4.CommunicationsException: Communications link failure

The last packet sent successfully to the server was 0 milliseconds ago. The driver has not received any packets from the server.
	at jdk.internal.reflect.GeneratedConstructorAccessor70.newInstance(Unknown Source)
	at java.base/jdk.internal.reflect.DelegatingConstructorAccessorImpl.newInstance(DelegatingConstructorAccessorImpl.java:45)
	at java.base/java.lang.reflect.Constructor.newInstanceWithCaller(Constructor.java:499)
	at java.base/java.lang.reflect.Constructor.newInstance(Constructor.java:480)
	at com.mysql.jdbc.Util.handleNewInstance(Util.java:425)
	at com.mysql.jdbc.SQLError.createCommunicationsException(SQLError.java:990)
	at com.mysql.jdbc.MysqlIO.<init>(MysqlIO.java:342)
	at com.mysql.jdbc.ConnectionImpl.coreConnect(ConnectionImpl.java:2197)
	at com.mysql.jdbc.ConnectionImpl.connectOneTryOnly(ConnectionImpl.java:2230)
	at com.mysql.jdbc.ConnectionImpl.createNewIO(ConnectionImpl.java:2025)
	at com.mysql.jdbc.ConnectionImpl.<init>(ConnectionImpl.java:778)
	at com.mysql.jdbc.JDBC4Connection.<init>(JDBC4Connection.java:47)
	at jdk.internal.reflect.GeneratedConstructorAccessor67.newInstance(Unknown Source)
	at java.base/jdk.internal.reflect.DelegatingConstructorAccessorImpl.newInstance(DelegatingConstructorAccessorImpl.java:45)
	at java.base/java.lang.reflect.Constructor.newInstanceWithCaller(Constructor.java:499)
	at java.base/java.lang.reflect.Constructor.newInstance(Constructor.java:480)
	at com.mysql.jdbc.Util.handleNewInstance(Util.java:425)
	at com.mysql.jdbc.ConnectionImpl.getInstance(ConnectionImpl.java:386)
	at com.mysql.jdbc.NonRegisteringDriver.connect(NonRegisteringDriver.java:330)
	at com.alibaba.druid.filter.FilterChainImpl.connection_connect(FilterChainImpl.java:156)
	at com.alibaba.druid.filter.FilterAdapter.connection_connect(FilterAdapter.java:787)
	at com.alibaba.druid.filter.FilterEventAdapter.connection_connect(FilterEventAdapter.java:38)
	at com.alibaba.druid.filter.FilterChainImpl.connection_connect(FilterChainImpl.java:150)
	at com.alibaba.druid.filter.FilterAdapter.connection_connect(FilterAdapter.java:787)
	at com.alibaba.druid.filter.FilterChainImpl.connection_connect(FilterChainImpl.java:150)
	at com.alibaba.druid.filter.stat.StatFilter.connection_connect(StatFilter.java:218)
	at com.alibaba.druid.filter.FilterChainImpl.connection_connect(FilterChainImpl.java:150)
	at com.alibaba.druid.pool.DruidAbstractDataSource.createPhysicalConnection(DruidAbstractDataSource.java:1598)
	at com.alibaba.druid.pool.DruidAbstractDataSource.createPhysicalConnection(DruidAbstractDataSource.java:1662)
	at com.alibaba.druid.pool.DruidDataSource$CreateConnectionThread.run(DruidDataSource.java:2697)
Caused by: java.net.UnknownHostException: teacher_mysql
	at java.base/java.net.InetAddress$CachedAddresses.get(InetAddress.java:800)
	at java.base/java.net.InetAddress.getAllByName0(InetAddress.java:1507)
	at java.base/java.net.InetAddress.getAllByName(InetAddress.java:1366)
	at java.base/java.net.InetAddress.getAllByName(InetAddress.java:1300)
	at com.mysql.jdbc.StandardSocketFactory.connect(StandardSocketFactory.java:188)
	at com.mysql.jdbc.MysqlIO.<init>(MysqlIO.java:301)
	... 23 common frames omitted
2021-09-08 00:03:15.420 [Druid-ConnectionPool-Create-1016921310] ERROR com.alibaba.druid.pool.DruidDataSource:2699 - create connection SQLException, url: jdbc:mysql://teacher_mysql:3306/teachingopen?characterEncoding=UTF-8&useUnicode=true&useSSL=false&tinyInt1isBit=false, errorCode 0, state 08S01
com.mysql.jdbc.exceptions.jdbc4.CommunicationsException: Communications link failure

The last packet sent successfully to the server was 0 milliseconds ago. The driver has not received any packets from the server.
	at jdk.internal.reflect.GeneratedConstructorAccessor70.newInstance(Unknown Source)
	at java.base/jdk.internal.reflect.DelegatingConstructorAccessorImpl.newInstance(DelegatingConstructorAccessorImpl.java:45)
	at java.base/java.lang.reflect.Constructor.newInstanceWithCaller(Constructor.java:499)
	at java.base/java.lang.reflect.Constructor.newInstance(Constructor.java:480)
	at com.mysql.jdbc.Util.handleNewInstance(Util.java:425)
	at com.mysql.jdbc.SQLError.createCommunicationsException(SQLError.java:990)
	at com.mysql.jdbc.MysqlIO.<init>(MysqlIO.java:342)
	at com.mysql.jdbc.ConnectionImpl.coreConnect(ConnectionImpl.java:2197)
	at com.mysql.jdbc.ConnectionImpl.connectOneTryOnly(ConnectionImpl.java:2230)
	at com.mysql.jdbc.ConnectionImpl.createNewIO(ConnectionImpl.java:2025)
	at com.mysql.jdbc.ConnectionImpl.<init>(ConnectionImpl.java:778)
	at com.mysql.jdbc.JDBC4Connection.<init>(JDBC4Connection.java:47)
	at jdk.internal.reflect.GeneratedConstructorAccessor67.newInstance(Unknown Source)
	at java.base/jdk.internal.reflect.DelegatingConstructorAccessorImpl.newInstance(DelegatingConstructorAccessorImpl.java:45)
	at java.base/java.lang.reflect.Constructor.newInstanceWithCaller(Constructor.java:499)
	at java.base/java.lang.reflect.Constructor.newInstance(Constructor.java:480)
	at com.mysql.jdbc.Util.handleNewInstance(Util.java:425)
	at com.mysql.jdbc.ConnectionImpl.getInstance(ConnectionImpl.java:386)
	at com.mysql.jdbc.NonRegisteringDriver.connect(NonRegisteringDriver.java:330)
	at com.alibaba.druid.filter.FilterChainImpl.connection_connect(FilterChainImpl.java:156)
	at com.alibaba.druid.filter.FilterAdapter.connection_connect(FilterAdapter.java:787)
	at com.alibaba.druid.filter.FilterEventAdapter.connection_connect(FilterEventAdapter.java:38)
	at com.alibaba.druid.filter.FilterChainImpl.connection_connect(FilterChainImpl.java:150)
	at com.alibaba.druid.filter.FilterAdapter.connection_connect(FilterAdapter.java:787)
	at com.alibaba.druid.filter.FilterChainImpl.connection_connect(FilterChainImpl.java:150)
	at com.alibaba.druid.filter.stat.StatFilter.connection_connect(StatFilter.java:218)
	at com.alibaba.druid.filter.FilterChainImpl.connection_connect(FilterChainImpl.java:150)
	at com.alibaba.druid.pool.DruidAbstractDataSource.createPhysicalConnection(DruidAbstractDataSource.java:1598)
	at com.alibaba.druid.pool.DruidAbstractDataSource.createPhysicalConnection(DruidAbstractDataSource.java:1662)
	at com.alibaba.druid.pool.DruidDataSource$CreateConnectionThread.run(DruidDataSource.java:2697)
Caused by: java.net.UnknownHostException: teacher_mysql
	at java.base/java.net.InetAddress$CachedAddresses.get(InetAddress.java:800)
	at java.base/java.net.InetAddress.getAllByName0(InetAddress.java:1507)
	at java.base/java.net.InetAddress.getAllByName(InetAddress.java:1366)
	at java.base/java.net.InetAddress.getAllByName(InetAddress.java:1300)
	at com.mysql.jdbc.StandardSocketFactory.connect(StandardSocketFactory.java:188)
	at com.mysql.jdbc.MysqlIO.<init>(MysqlIO.java:301)
	... 23 common frames omitted
2021-09-08 00:03:15.970 [Druid-ConnectionPool-Create-1016921310] ERROR com.alibaba.druid.pool.DruidDataSource:2699 - create connection SQLException, url: jdbc:mysql://teacher_mysql:3306/teachingopen?characterEncoding=UTF-8&useUnicode=true&useSSL=false&tinyInt1isBit=false, errorCode 0, state 08S01
com.mysql.jdbc.exceptions.jdbc4.CommunicationsException: Communications link failure

The last packet sent successfully to the server was 0 milliseconds ago. The driver has not received any packets from the server.
	at jdk.internal.reflect.GeneratedConstructorAccessor70.newInstance(Unknown Source)
	at java.base/jdk.internal.reflect.DelegatingConstructorAccessorImpl.newInstance(DelegatingConstructorAccessorImpl.java:45)
	at java.base/java.lang.reflect.Constructor.newInstanceWithCaller(Constructor.java:499)
	at java.base/java.lang.reflect.Constructor.newInstance(Constructor.java:480)
	at com.mysql.jdbc.Util.handleNewInstance(Util.java:425)
	at com.mysql.jdbc.SQLError.createCommunicationsException(SQLError.java:990)
	at com.mysql.jdbc.MysqlIO.<init>(MysqlIO.java:342)
	at com.mysql.jdbc.ConnectionImpl.coreConnect(ConnectionImpl.java:2197)
	at com.mysql.jdbc.ConnectionImpl.connectOneTryOnly(ConnectionImpl.java:2230)
	at com.mysql.jdbc.ConnectionImpl.createNewIO(ConnectionImpl.java:2025)
	at com.mysql.jdbc.ConnectionImpl.<init>(ConnectionImpl.java:778)
	at com.mysql.jdbc.JDBC4Connection.<init>(JDBC4Connection.java:47)
	at jdk.internal.reflect.GeneratedConstructorAccessor67.newInstance(Unknown Source)
	at java.base/jdk.internal.reflect.DelegatingConstructorAccessorImpl.newInstance(DelegatingConstructorAccessorImpl.java:45)
	at java.base/java.lang.reflect.Constructor.newInstanceWithCaller(Constructor.java:499)
	at java.base/java.lang.reflect.Constructor.newInstance(Constructor.java:480)
	at com.mysql.jdbc.Util.handleNewInstance(Util.java:425)
	at com.mysql.jdbc.ConnectionImpl.getInstance(ConnectionImpl.java:386)
	at com.mysql.jdbc.NonRegisteringDriver.connect(NonRegisteringDriver.java:330)
	at com.alibaba.druid.filter.FilterChainImpl.connection_connect(FilterChainImpl.java:156)
	at com.alibaba.druid.filter.FilterAdapter.connection_connect(FilterAdapter.java:787)
	at com.alibaba.druid.filter.FilterEventAdapter.connection_connect(FilterEventAdapter.java:38)
	at com.alibaba.druid.filter.FilterChainImpl.connection_connect(FilterChainImpl.java:150)
	at com.alibaba.druid.filter.FilterAdapter.connection_connect(FilterAdapter.java:787)
	at com.alibaba.druid.filter.FilterChainImpl.connection_connect(FilterChainImpl.java:150)
	at com.alibaba.druid.filter.stat.StatFilter.connection_connect(StatFilter.java:218)
	at com.alibaba.druid.filter.FilterChainImpl.connection_connect(FilterChainImpl.java:150)
	at com.alibaba.druid.pool.DruidAbstractDataSource.createPhysicalConnection(DruidAbstractDataSource.java:1598)
	at com.alibaba.druid.pool.DruidAbstractDataSource.createPhysicalConnection(DruidAbstractDataSource.java:1662)
	at com.alibaba.druid.pool.DruidDataSource$CreateConnectionThread.run(DruidDataSource.java:2697)
Caused by: java.net.UnknownHostException: teacher_mysql
	at java.base/java.net.InetAddress$CachedAddresses.get(InetAddress.java:800)
	at java.base/java.net.InetAddress.getAllByName0(InetAddress.java:1507)
	at java.base/java.net.InetAddress.getAllByName(InetAddress.java:1366)
	at java.base/java.net.InetAddress.getAllByName(InetAddress.java:1300)
	at com.mysql.jdbc.StandardSocketFactory.connect(StandardSocketFactory.java:188)
	at com.mysql.jdbc.MysqlIO.<init>(MysqlIO.java:301)
	... 23 common frames omitted
2021-09-08 00:03:16.519 [Druid-ConnectionPool-Create-1016921310] ERROR com.alibaba.druid.pool.DruidDataSource:2699 - create connection SQLException, url: jdbc:mysql://teacher_mysql:3306/teachingopen?characterEncoding=UTF-8&useUnicode=true&useSSL=false&tinyInt1isBit=false, errorCode 0, state 08S01
com.mysql.jdbc.exceptions.jdbc4.CommunicationsException: Communications link failure

The last packet sent successfully to the server was 0 milliseconds ago. The driver has not received any packets from the server.
	at jdk.internal.reflect.GeneratedConstructorAccessor70.newInstance(Unknown Source)
	at java.base/jdk.internal.reflect.DelegatingConstructorAccessorImpl.newInstance(DelegatingConstructorAccessorImpl.java:45)
	at java.base/java.lang.reflect.Constructor.newInstanceWithCaller(Constructor.java:499)
	at java.base/java.lang.reflect.Constructor.newInstance(Constructor.java:480)
	at com.mysql.jdbc.Util.handleNewInstance(Util.java:425)
	at com.mysql.jdbc.SQLError.createCommunicationsException(SQLError.java:990)
	at com.mysql.jdbc.MysqlIO.<init>(MysqlIO.java:342)
	at com.mysql.jdbc.ConnectionImpl.coreConnect(ConnectionImpl.java:2197)
	at com.mysql.jdbc.ConnectionImpl.connectOneTryOnly(ConnectionImpl.java:2230)
	at com.mysql.jdbc.ConnectionImpl.createNewIO(ConnectionImpl.java:2025)
	at com.mysql.jdbc.ConnectionImpl.<init>(ConnectionImpl.java:778)
	at com.mysql.jdbc.JDBC4Connection.<init>(JDBC4Connection.java:47)
	at jdk.internal.reflect.GeneratedConstructorAccessor67.newInstance(Unknown Source)
	at java.base/jdk.internal.reflect.DelegatingConstructorAccessorImpl.newInstance(DelegatingConstructorAccessorImpl.java:45)
	at java.base/java.lang.reflect.Constructor.newInstanceWithCaller(Constructor.java:499)
	at java.base/java.lang.reflect.Constructor.newInstance(Constructor.java:480)
	at com.mysql.jdbc.Util.handleNewInstance(Util.java:425)
	at com.mysql.jdbc.ConnectionImpl.getInstance(ConnectionImpl.java:386)
	at com.mysql.jdbc.NonRegisteringDriver.connect(NonRegisteringDriver.java:330)
	at com.alibaba.druid.filter.FilterChainImpl.connection_connect(FilterChainImpl.java:156)
	at com.alibaba.druid.filter.FilterAdapter.connection_connect(FilterAdapter.java:787)
	at com.alibaba.druid.filter.FilterEventAdapter.connection_connect(FilterEventAdapter.java:38)
	at com.alibaba.druid.filter.FilterChainImpl.connection_connect(FilterChainImpl.java:150)
	at com.alibaba.druid.filter.FilterAdapter.connection_connect(FilterAdapter.java:787)
	at com.alibaba.druid.filter.FilterChainImpl.connection_connect(FilterChainImpl.java:150)
	at com.alibaba.druid.filter.stat.StatFilter.connection_connect(StatFilter.java:218)
	at com.alibaba.druid.filter.FilterChainImpl.connection_connect(FilterChainImpl.java:150)
	at com.alibaba.druid.pool.DruidAbstractDataSource.createPhysicalConnection(DruidAbstractDataSource.java:1598)
	at com.alibaba.druid.pool.DruidAbstractDataSource.createPhysicalConnection(DruidAbstractDataSource.java:1662)
	at com.alibaba.druid.pool.DruidDataSource$CreateConnectionThread.run(DruidDataSource.java:2697)
Caused by: java.net.UnknownHostException: teacher_mysql
	at java.base/java.net.InetAddress$CachedAddresses.get(InetAddress.java:800)
	at java.base/java.net.InetAddress.getAllByName0(InetAddress.java:1507)
	at java.base/java.net.InetAddress.getAllByName(InetAddress.java:1366)
	at java.base/java.net.InetAddress.getAllByName(InetAddress.java:1300)
	at com.mysql.jdbc.StandardSocketFactory.connect(StandardSocketFactory.java:188)
	at com.mysql.jdbc.MysqlIO.<init>(MysqlIO.java:301)
	... 23 common frames omitted
2021-09-08 00:03:17.068 [Druid-ConnectionPool-Create-1016921310] ERROR com.alibaba.druid.pool.DruidDataSource:2699 - create connection SQLException, url: jdbc:mysql://teacher_mysql:3306/teachingopen?characterEncoding=UTF-8&useUnicode=true&useSSL=false&tinyInt1isBit=false, errorCode 0, state 08S01
com.mysql.jdbc.exceptions.jdbc4.CommunicationsException: Communications link failure

The last packet sent successfully to the server was 0 milliseconds ago. The driver has not received any packets from the server.
	at jdk.internal.reflect.GeneratedConstructorAccessor70.newInstance(Unknown Source)
	at java.base/jdk.internal.reflect.DelegatingConstructorAccessorImpl.newInstance(DelegatingConstructorAccessorImpl.java:45)
	at java.base/java.lang.reflect.Constructor.newInstanceWithCaller(Constructor.java:499)
	at java.base/java.lang.reflect.Constructor.newInstance(Constructor.java:480)
	at com.mysql.jdbc.Util.handleNewInstance(Util.java:425)
	at com.mysql.jdbc.SQLError.createCommunicationsException(SQLError.java:990)
	at com.mysql.jdbc.MysqlIO.<init>(MysqlIO.java:342)
	at com.mysql.jdbc.ConnectionImpl.coreConnect(ConnectionImpl.java:2197)
	at com.mysql.jdbc.ConnectionImpl.connectOneTryOnly(ConnectionImpl.java:2230)
	at com.mysql.jdbc.ConnectionImpl.createNewIO(ConnectionImpl.java:2025)
	at com.mysql.jdbc.ConnectionImpl.<init>(ConnectionImpl.java:778)
	at com.mysql.jdbc.JDBC4Connection.<init>(JDBC4Connection.java:47)
	at jdk.internal.reflect.GeneratedConstructorAccessor67.newInstance(Unknown Source)
	at java.base/jdk.internal.reflect.DelegatingConstructorAccessorImpl.newInstance(DelegatingConstructorAccessorImpl.java:45)
	at java.base/java.lang.reflect.Constructor.newInstanceWithCaller(Constructor.java:499)
	at java.base/java.lang.reflect.Constructor.newInstance(Constructor.java:480)
	at com.mysql.jdbc.Util.handleNewInstance(Util.java:425)
	at com.mysql.jdbc.ConnectionImpl.getInstance(ConnectionImpl.java:386)
	at com.mysql.jdbc.NonRegisteringDriver.connect(NonRegisteringDriver.java:330)
	at com.alibaba.druid.filter.FilterChainImpl.connection_connect(FilterChainImpl.java:156)
	at com.alibaba.druid.filter.FilterAdapter.connection_connect(FilterAdapter.java:787)
	at com.alibaba.druid.filter.FilterEventAdapter.connection_connect(FilterEventAdapter.java:38)
	at com.alibaba.druid.filter.FilterChainImpl.connection_connect(FilterChainImpl.java:150)
	at com.alibaba.druid.filter.FilterAdapter.connection_connect(FilterAdapter.java:787)
	at com.alibaba.druid.filter.FilterChainImpl.connection_connect(FilterChainImpl.java:150)
	at com.alibaba.druid.filter.stat.StatFilter.connection_connect(StatFilter.java:218)
	at com.alibaba.druid.filter.FilterChainImpl.connection_connect(FilterChainImpl.java:150)
	at com.alibaba.druid.pool.DruidAbstractDataSource.createPhysicalConnection(DruidAbstractDataSource.java:1598)
	at com.alibaba.druid.pool.DruidAbstractDataSource.createPhysicalConnection(DruidAbstractDataSource.java:1662)
	at com.alibaba.druid.pool.DruidDataSource$CreateConnectionThread.run(DruidDataSource.java:2697)
Caused by: java.net.UnknownHostException: teacher_mysql
	at java.base/java.net.InetAddress$CachedAddresses.get(InetAddress.java:800)
	at java.base/java.net.InetAddress.getAllByName0(InetAddress.java:1507)
	at java.base/java.net.InetAddress.getAllByName(InetAddress.java:1366)
	at java.base/java.net.InetAddress.getAllByName(InetAddress.java:1300)
	at com.mysql.jdbc.StandardSocketFactory.connect(StandardSocketFactory.java:188)
	at com.mysql.jdbc.MysqlIO.<init>(MysqlIO.java:301)
	... 23 common frames omitted
2021-09-08 00:03:17.620 [Druid-ConnectionPool-Create-1016921310] ERROR com.alibaba.druid.pool.DruidDataSource:2699 - create connection SQLException, url: jdbc:mysql://teacher_mysql:3306/teachingopen?characterEncoding=UTF-8&useUnicode=true&useSSL=false&tinyInt1isBit=false, errorCode 0, state 08S01
com.mysql.jdbc.exceptions.jdbc4.CommunicationsException: Communications link failure

The last packet sent successfully to the server was 0 milliseconds ago. The driver has not received any packets from the server.
	at jdk.internal.reflect.GeneratedConstructorAccessor70.newInstance(Unknown Source)
	at java.base/jdk.internal.reflect.DelegatingConstructorAccessorImpl.newInstance(DelegatingConstructorAccessorImpl.java:45)
	at java.base/java.lang.reflect.Constructor.newInstanceWithCaller(Constructor.java:499)
	at java.base/java.lang.reflect.Constructor.newInstance(Constructor.java:480)
	at com.mysql.jdbc.Util.handleNewInstance(Util.java:425)
	at com.mysql.jdbc.SQLError.createCommunicationsException(SQLError.java:990)
	at com.mysql.jdbc.MysqlIO.<init>(MysqlIO.java:342)
	at com.mysql.jdbc.ConnectionImpl.coreConnect(ConnectionImpl.java:2197)
	at com.mysql.jdbc.ConnectionImpl.connectOneTryOnly(ConnectionImpl.java:2230)
	at com.mysql.jdbc.ConnectionImpl.createNewIO(ConnectionImpl.java:2025)
	at com.mysql.jdbc.ConnectionImpl.<init>(ConnectionImpl.java:778)
	at com.mysql.jdbc.JDBC4Connection.<init>(JDBC4Connection.java:47)
	at jdk.internal.reflect.GeneratedConstructorAccessor67.newInstance(Unknown Source)
	at java.base/jdk.internal.reflect.DelegatingConstructorAccessorImpl.newInstance(DelegatingConstructorAccessorImpl.java:45)
	at java.base/java.lang.reflect.Constructor.newInstanceWithCaller(Constructor.java:499)
	at java.base/java.lang.reflect.Constructor.newInstance(Constructor.java:480)
	at com.mysql.jdbc.Util.handleNewInstance(Util.java:425)
	at com.mysql.jdbc.ConnectionImpl.getInstance(ConnectionImpl.java:386)
	at com.mysql.jdbc.NonRegisteringDriver.connect(NonRegisteringDriver.java:330)
	at com.alibaba.druid.filter.FilterChainImpl.connection_connect(FilterChainImpl.java:156)
	at com.alibaba.druid.filter.FilterAdapter.connection_connect(FilterAdapter.java:787)
	at com.alibaba.druid.filter.FilterEventAdapter.connection_connect(FilterEventAdapter.java:38)
	at com.alibaba.druid.filter.FilterChainImpl.connection_connect(FilterChainImpl.java:150)
	at com.alibaba.druid.filter.FilterAdapter.connection_connect(FilterAdapter.java:787)
	at com.alibaba.druid.filter.FilterChainImpl.connection_connect(FilterChainImpl.java:150)
	at com.alibaba.druid.filter.stat.StatFilter.connection_connect(StatFilter.java:218)
	at com.alibaba.druid.filter.FilterChainImpl.connection_connect(FilterChainImpl.java:150)
	at com.alibaba.druid.pool.DruidAbstractDataSource.createPhysicalConnection(DruidAbstractDataSource.java:1598)
	at com.alibaba.druid.pool.DruidAbstractDataSource.createPhysicalConnection(DruidAbstractDataSource.java:1662)
	at com.alibaba.druid.pool.DruidDataSource$CreateConnectionThread.run(DruidDataSource.java:2697)
Caused by: java.net.UnknownHostException: teacher_mysql: nodename nor servname provided, or not known
	at java.base/java.net.Inet6AddressImpl.lookupAllHostAddr(Native Method)
	at java.base/java.net.InetAddress$PlatformNameService.lookupAllHostAddr(InetAddress.java:932)
	at java.base/java.net.InetAddress.getAddressesFromNameService(InetAddress.java:1517)
	at java.base/java.net.InetAddress$NameServiceAddresses.get(InetAddress.java:851)
	at java.base/java.net.InetAddress.getAllByName0(InetAddress.java:1507)
	at java.base/java.net.InetAddress.getAllByName(InetAddress.java:1366)
	at java.base/java.net.InetAddress.getAllByName(InetAddress.java:1300)
	at com.mysql.jdbc.StandardSocketFactory.connect(StandardSocketFactory.java:188)
	at com.mysql.jdbc.MysqlIO.<init>(MysqlIO.java:301)
	... 23 common frames omitted
2021-09-08 00:03:18.170 [Druid-ConnectionPool-Create-1016921310] ERROR com.alibaba.druid.pool.DruidDataSource:2699 - create connection SQLException, url: jdbc:mysql://teacher_mysql:3306/teachingopen?characterEncoding=UTF-8&useUnicode=true&useSSL=false&tinyInt1isBit=false, errorCode 0, state 08S01
com.mysql.jdbc.exceptions.jdbc4.CommunicationsException: Communications link failure

The last packet sent successfully to the server was 0 milliseconds ago. The driver has not received any packets from the server.
	at jdk.internal.reflect.GeneratedConstructorAccessor70.newInstance(Unknown Source)
	at java.base/jdk.internal.reflect.DelegatingConstructorAccessorImpl.newInstance(DelegatingConstructorAccessorImpl.java:45)
	at java.base/java.lang.reflect.Constructor.newInstanceWithCaller(Constructor.java:499)
	at java.base/java.lang.reflect.Constructor.newInstance(Constructor.java:480)
	at com.mysql.jdbc.Util.handleNewInstance(Util.java:425)
	at com.mysql.jdbc.SQLError.createCommunicationsException(SQLError.java:990)
	at com.mysql.jdbc.MysqlIO.<init>(MysqlIO.java:342)
	at com.mysql.jdbc.ConnectionImpl.coreConnect(ConnectionImpl.java:2197)
	at com.mysql.jdbc.ConnectionImpl.connectOneTryOnly(ConnectionImpl.java:2230)
	at com.mysql.jdbc.ConnectionImpl.createNewIO(ConnectionImpl.java:2025)
	at com.mysql.jdbc.ConnectionImpl.<init>(ConnectionImpl.java:778)
	at com.mysql.jdbc.JDBC4Connection.<init>(JDBC4Connection.java:47)
	at jdk.internal.reflect.GeneratedConstructorAccessor67.newInstance(Unknown Source)
	at java.base/jdk.internal.reflect.DelegatingConstructorAccessorImpl.newInstance(DelegatingConstructorAccessorImpl.java:45)
	at java.base/java.lang.reflect.Constructor.newInstanceWithCaller(Constructor.java:499)
	at java.base/java.lang.reflect.Constructor.newInstance(Constructor.java:480)
	at com.mysql.jdbc.Util.handleNewInstance(Util.java:425)
	at com.mysql.jdbc.ConnectionImpl.getInstance(ConnectionImpl.java:386)
	at com.mysql.jdbc.NonRegisteringDriver.connect(NonRegisteringDriver.java:330)
	at com.alibaba.druid.filter.FilterChainImpl.connection_connect(FilterChainImpl.java:156)
	at com.alibaba.druid.filter.FilterAdapter.connection_connect(FilterAdapter.java:787)
	at com.alibaba.druid.filter.FilterEventAdapter.connection_connect(FilterEventAdapter.java:38)
	at com.alibaba.druid.filter.FilterChainImpl.connection_connect(FilterChainImpl.java:150)
	at com.alibaba.druid.filter.FilterAdapter.connection_connect(FilterAdapter.java:787)
	at com.alibaba.druid.filter.FilterChainImpl.connection_connect(FilterChainImpl.java:150)
	at com.alibaba.druid.filter.stat.StatFilter.connection_connect(StatFilter.java:218)
	at com.alibaba.druid.filter.FilterChainImpl.connection_connect(FilterChainImpl.java:150)
	at com.alibaba.druid.pool.DruidAbstractDataSource.createPhysicalConnection(DruidAbstractDataSource.java:1598)
	at com.alibaba.druid.pool.DruidAbstractDataSource.createPhysicalConnection(DruidAbstractDataSource.java:1662)
	at com.alibaba.druid.pool.DruidDataSource$CreateConnectionThread.run(DruidDataSource.java:2697)
Caused by: java.net.UnknownHostException: teacher_mysql
	at java.base/java.net.InetAddress$CachedAddresses.get(InetAddress.java:800)
	at java.base/java.net.InetAddress.getAllByName0(InetAddress.java:1507)
	at java.base/java.net.InetAddress.getAllByName(InetAddress.java:1366)
	at java.base/java.net.InetAddress.getAllByName(InetAddress.java:1300)
	at com.mysql.jdbc.StandardSocketFactory.connect(StandardSocketFactory.java:188)
	at com.mysql.jdbc.MysqlIO.<init>(MysqlIO.java:301)
	... 23 common frames omitted
2021-09-08 00:03:18.715 [Druid-ConnectionPool-Create-1016921310] ERROR com.alibaba.druid.pool.DruidDataSource:2699 - create connection SQLException, url: jdbc:mysql://teacher_mysql:3306/teachingopen?characterEncoding=UTF-8&useUnicode=true&useSSL=false&tinyInt1isBit=false, errorCode 0, state 08S01
com.mysql.jdbc.exceptions.jdbc4.CommunicationsException: Communications link failure

The last packet sent successfully to the server was 0 milliseconds ago. The driver has not received any packets from the server.
	at jdk.internal.reflect.GeneratedConstructorAccessor70.newInstance(Unknown Source)
	at java.base/jdk.internal.reflect.DelegatingConstructorAccessorImpl.newInstance(DelegatingConstructorAccessorImpl.java:45)
	at java.base/java.lang.reflect.Constructor.newInstanceWithCaller(Constructor.java:499)
	at java.base/java.lang.reflect.Constructor.newInstance(Constructor.java:480)
	at com.mysql.jdbc.Util.handleNewInstance(Util.java:425)
	at com.mysql.jdbc.SQLError.createCommunicationsException(SQLError.java:990)
	at com.mysql.jdbc.MysqlIO.<init>(MysqlIO.java:342)
	at com.mysql.jdbc.ConnectionImpl.coreConnect(ConnectionImpl.java:2197)
	at com.mysql.jdbc.ConnectionImpl.connectOneTryOnly(ConnectionImpl.java:2230)
	at com.mysql.jdbc.ConnectionImpl.createNewIO(ConnectionImpl.java:2025)
	at com.mysql.jdbc.ConnectionImpl.<init>(ConnectionImpl.java:778)
	at com.mysql.jdbc.JDBC4Connection.<init>(JDBC4Connection.java:47)
	at jdk.internal.reflect.GeneratedConstructorAccessor67.newInstance(Unknown Source)
	at java.base/jdk.internal.reflect.DelegatingConstructorAccessorImpl.newInstance(DelegatingConstructorAccessorImpl.java:45)
	at java.base/java.lang.reflect.Constructor.newInstanceWithCaller(Constructor.java:499)
	at java.base/java.lang.reflect.Constructor.newInstance(Constructor.java:480)
	at com.mysql.jdbc.Util.handleNewInstance(Util.java:425)
	at com.mysql.jdbc.ConnectionImpl.getInstance(ConnectionImpl.java:386)
	at com.mysql.jdbc.NonRegisteringDriver.connect(NonRegisteringDriver.java:330)
	at com.alibaba.druid.filter.FilterChainImpl.connection_connect(FilterChainImpl.java:156)
	at com.alibaba.druid.filter.FilterAdapter.connection_connect(FilterAdapter.java:787)
	at com.alibaba.druid.filter.FilterEventAdapter.connection_connect(FilterEventAdapter.java:38)
	at com.alibaba.druid.filter.FilterChainImpl.connection_connect(FilterChainImpl.java:150)
	at com.alibaba.druid.filter.FilterAdapter.connection_connect(FilterAdapter.java:787)
	at com.alibaba.druid.filter.FilterChainImpl.connection_connect(FilterChainImpl.java:150)
	at com.alibaba.druid.filter.stat.StatFilter.connection_connect(StatFilter.java:218)
	at com.alibaba.druid.filter.FilterChainImpl.connection_connect(FilterChainImpl.java:150)
	at com.alibaba.druid.pool.DruidAbstractDataSource.createPhysicalConnection(DruidAbstractDataSource.java:1598)
	at com.alibaba.druid.pool.DruidAbstractDataSource.createPhysicalConnection(DruidAbstractDataSource.java:1662)
	at com.alibaba.druid.pool.DruidDataSource$CreateConnectionThread.run(DruidDataSource.java:2697)
Caused by: java.net.UnknownHostException: teacher_mysql
	at java.base/java.net.InetAddress$CachedAddresses.get(InetAddress.java:800)
	at java.base/java.net.InetAddress.getAllByName0(InetAddress.java:1507)
	at java.base/java.net.InetAddress.getAllByName(InetAddress.java:1366)
	at java.base/java.net.InetAddress.getAllByName(InetAddress.java:1300)
	at com.mysql.jdbc.StandardSocketFactory.connect(StandardSocketFactory.java:188)
	at com.mysql.jdbc.MysqlIO.<init>(MysqlIO.java:301)
	... 23 common frames omitted
2021-09-08 00:03:19.262 [Druid-ConnectionPool-Create-1016921310] ERROR com.alibaba.druid.pool.DruidDataSource:2699 - create connection SQLException, url: jdbc:mysql://teacher_mysql:3306/teachingopen?characterEncoding=UTF-8&useUnicode=true&useSSL=false&tinyInt1isBit=false, errorCode 0, state 08S01
com.mysql.jdbc.exceptions.jdbc4.CommunicationsException: Communications link failure

The last packet sent successfully to the server was 0 milliseconds ago. The driver has not received any packets from the server.
	at jdk.internal.reflect.GeneratedConstructorAccessor70.newInstance(Unknown Source)
	at java.base/jdk.internal.reflect.DelegatingConstructorAccessorImpl.newInstance(DelegatingConstructorAccessorImpl.java:45)
	at java.base/java.lang.reflect.Constructor.newInstanceWithCaller(Constructor.java:499)
	at java.base/java.lang.reflect.Constructor.newInstance(Constructor.java:480)
	at com.mysql.jdbc.Util.handleNewInstance(Util.java:425)
	at com.mysql.jdbc.SQLError.createCommunicationsException(SQLError.java:990)
	at com.mysql.jdbc.MysqlIO.<init>(MysqlIO.java:342)
	at com.mysql.jdbc.ConnectionImpl.coreConnect(ConnectionImpl.java:2197)
	at com.mysql.jdbc.ConnectionImpl.connectOneTryOnly(ConnectionImpl.java:2230)
	at com.mysql.jdbc.ConnectionImpl.createNewIO(ConnectionImpl.java:2025)
	at com.mysql.jdbc.ConnectionImpl.<init>(ConnectionImpl.java:778)
	at com.mysql.jdbc.JDBC4Connection.<init>(JDBC4Connection.java:47)
	at jdk.internal.reflect.GeneratedConstructorAccessor67.newInstance(Unknown Source)
	at java.base/jdk.internal.reflect.DelegatingConstructorAccessorImpl.newInstance(DelegatingConstructorAccessorImpl.java:45)
	at java.base/java.lang.reflect.Constructor.newInstanceWithCaller(Constructor.java:499)
	at java.base/java.lang.reflect.Constructor.newInstance(Constructor.java:480)
	at com.mysql.jdbc.Util.handleNewInstance(Util.java:425)
	at com.mysql.jdbc.ConnectionImpl.getInstance(ConnectionImpl.java:386)
	at com.mysql.jdbc.NonRegisteringDriver.connect(NonRegisteringDriver.java:330)
	at com.alibaba.druid.filter.FilterChainImpl.connection_connect(FilterChainImpl.java:156)
	at com.alibaba.druid.filter.FilterAdapter.connection_connect(FilterAdapter.java:787)
	at com.alibaba.druid.filter.FilterEventAdapter.connection_connect(FilterEventAdapter.java:38)
	at com.alibaba.druid.filter.FilterChainImpl.connection_connect(FilterChainImpl.java:150)
	at com.alibaba.druid.filter.FilterAdapter.connection_connect(FilterAdapter.java:787)
	at com.alibaba.druid.filter.FilterChainImpl.connection_connect(FilterChainImpl.java:150)
	at com.alibaba.druid.filter.stat.StatFilter.connection_connect(StatFilter.java:218)
	at com.alibaba.druid.filter.FilterChainImpl.connection_connect(FilterChainImpl.java:150)
	at com.alibaba.druid.pool.DruidAbstractDataSource.createPhysicalConnection(DruidAbstractDataSource.java:1598)
	at com.alibaba.druid.pool.DruidAbstractDataSource.createPhysicalConnection(DruidAbstractDataSource.java:1662)
	at com.alibaba.druid.pool.DruidDataSource$CreateConnectionThread.run(DruidDataSource.java:2697)
Caused by: java.net.UnknownHostException: teacher_mysql
	at java.base/java.net.InetAddress$CachedAddresses.get(InetAddress.java:800)
	at java.base/java.net.InetAddress.getAllByName0(InetAddress.java:1507)
	at java.base/java.net.InetAddress.getAllByName(InetAddress.java:1366)
	at java.base/java.net.InetAddress.getAllByName(InetAddress.java:1300)
	at com.mysql.jdbc.StandardSocketFactory.connect(StandardSocketFactory.java:188)
	at com.mysql.jdbc.MysqlIO.<init>(MysqlIO.java:301)
	... 23 common frames omitted
2021-09-08 00:03:19.807 [Druid-ConnectionPool-Create-1016921310] ERROR com.alibaba.druid.pool.DruidDataSource:2699 - create connection SQLException, url: jdbc:mysql://teacher_mysql:3306/teachingopen?characterEncoding=UTF-8&useUnicode=true&useSSL=false&tinyInt1isBit=false, errorCode 0, state 08S01
com.mysql.jdbc.exceptions.jdbc4.CommunicationsException: Communications link failure

The last packet sent successfully to the server was 0 milliseconds ago. The driver has not received any packets from the server.
	at jdk.internal.reflect.GeneratedConstructorAccessor70.newInstance(Unknown Source)
	at java.base/jdk.internal.reflect.DelegatingConstructorAccessorImpl.newInstance(DelegatingConstructorAccessorImpl.java:45)
	at java.base/java.lang.reflect.Constructor.newInstanceWithCaller(Constructor.java:499)
	at java.base/java.lang.reflect.Constructor.newInstance(Constructor.java:480)
	at com.mysql.jdbc.Util.handleNewInstance(Util.java:425)
	at com.mysql.jdbc.SQLError.createCommunicationsException(SQLError.java:990)
	at com.mysql.jdbc.MysqlIO.<init>(MysqlIO.java:342)
	at com.mysql.jdbc.ConnectionImpl.coreConnect(ConnectionImpl.java:2197)
	at com.mysql.jdbc.ConnectionImpl.connectOneTryOnly(ConnectionImpl.java:2230)
	at com.mysql.jdbc.ConnectionImpl.createNewIO(ConnectionImpl.java:2025)
	at com.mysql.jdbc.ConnectionImpl.<init>(ConnectionImpl.java:778)
	at com.mysql.jdbc.JDBC4Connection.<init>(JDBC4Connection.java:47)
	at jdk.internal.reflect.GeneratedConstructorAccessor67.newInstance(Unknown Source)
	at java.base/jdk.internal.reflect.DelegatingConstructorAccessorImpl.newInstance(DelegatingConstructorAccessorImpl.java:45)
	at java.base/java.lang.reflect.Constructor.newInstanceWithCaller(Constructor.java:499)
	at java.base/java.lang.reflect.Constructor.newInstance(Constructor.java:480)
	at com.mysql.jdbc.Util.handleNewInstance(Util.java:425)
	at com.mysql.jdbc.ConnectionImpl.getInstance(ConnectionImpl.java:386)
	at com.mysql.jdbc.NonRegisteringDriver.connect(NonRegisteringDriver.java:330)
	at com.alibaba.druid.filter.FilterChainImpl.connection_connect(FilterChainImpl.java:156)
	at com.alibaba.druid.filter.FilterAdapter.connection_connect(FilterAdapter.java:787)
	at com.alibaba.druid.filter.FilterEventAdapter.connection_connect(FilterEventAdapter.java:38)
	at com.alibaba.druid.filter.FilterChainImpl.connection_connect(FilterChainImpl.java:150)
	at com.alibaba.druid.filter.FilterAdapter.connection_connect(FilterAdapter.java:787)
	at com.alibaba.druid.filter.FilterChainImpl.connection_connect(FilterChainImpl.java:150)
	at com.alibaba.druid.filter.stat.StatFilter.connection_connect(StatFilter.java:218)
	at com.alibaba.druid.filter.FilterChainImpl.connection_connect(FilterChainImpl.java:150)
	at com.alibaba.druid.pool.DruidAbstractDataSource.createPhysicalConnection(DruidAbstractDataSource.java:1598)
	at com.alibaba.druid.pool.DruidAbstractDataSource.createPhysicalConnection(DruidAbstractDataSource.java:1662)
	at com.alibaba.druid.pool.DruidDataSource$CreateConnectionThread.run(DruidDataSource.java:2697)
Caused by: java.net.UnknownHostException: teacher_mysql
	at java.base/java.net.InetAddress$CachedAddresses.get(InetAddress.java:800)
	at java.base/java.net.InetAddress.getAllByName0(InetAddress.java:1507)
	at java.base/java.net.InetAddress.getAllByName(InetAddress.java:1366)
	at java.base/java.net.InetAddress.getAllByName(InetAddress.java:1300)
	at com.mysql.jdbc.StandardSocketFactory.connect(StandardSocketFactory.java:188)
	at com.mysql.jdbc.MysqlIO.<init>(MysqlIO.java:301)
	... 23 common frames omitted
2021-09-08 00:03:20.354 [Druid-ConnectionPool-Create-1016921310] ERROR com.alibaba.druid.pool.DruidDataSource:2699 - create connection SQLException, url: jdbc:mysql://teacher_mysql:3306/teachingopen?characterEncoding=UTF-8&useUnicode=true&useSSL=false&tinyInt1isBit=false, errorCode 0, state 08S01
com.mysql.jdbc.exceptions.jdbc4.CommunicationsException: Communications link failure

The last packet sent successfully to the server was 0 milliseconds ago. The driver has not received any packets from the server.
	at jdk.internal.reflect.GeneratedConstructorAccessor70.newInstance(Unknown Source)
	at java.base/jdk.internal.reflect.DelegatingConstructorAccessorImpl.newInstance(DelegatingConstructorAccessorImpl.java:45)
	at java.base/java.lang.reflect.Constructor.newInstanceWithCaller(Constructor.java:499)
	at java.base/java.lang.reflect.Constructor.newInstance(Constructor.java:480)
	at com.mysql.jdbc.Util.handleNewInstance(Util.java:425)
	at com.mysql.jdbc.SQLError.createCommunicationsException(SQLError.java:990)
	at com.mysql.jdbc.MysqlIO.<init>(MysqlIO.java:342)
	at com.mysql.jdbc.ConnectionImpl.coreConnect(ConnectionImpl.java:2197)
	at com.mysql.jdbc.ConnectionImpl.connectOneTryOnly(ConnectionImpl.java:2230)
	at com.mysql.jdbc.ConnectionImpl.createNewIO(ConnectionImpl.java:2025)
	at com.mysql.jdbc.ConnectionImpl.<init>(ConnectionImpl.java:778)
	at com.mysql.jdbc.JDBC4Connection.<init>(JDBC4Connection.java:47)
	at jdk.internal.reflect.GeneratedConstructorAccessor67.newInstance(Unknown Source)
	at java.base/jdk.internal.reflect.DelegatingConstructorAccessorImpl.newInstance(DelegatingConstructorAccessorImpl.java:45)
	at java.base/java.lang.reflect.Constructor.newInstanceWithCaller(Constructor.java:499)
	at java.base/java.lang.reflect.Constructor.newInstance(Constructor.java:480)
	at com.mysql.jdbc.Util.handleNewInstance(Util.java:425)
	at com.mysql.jdbc.ConnectionImpl.getInstance(ConnectionImpl.java:386)
	at com.mysql.jdbc.NonRegisteringDriver.connect(NonRegisteringDriver.java:330)
	at com.alibaba.druid.filter.FilterChainImpl.connection_connect(FilterChainImpl.java:156)
	at com.alibaba.druid.filter.FilterAdapter.connection_connect(FilterAdapter.java:787)
	at com.alibaba.druid.filter.FilterEventAdapter.connection_connect(FilterEventAdapter.java:38)
	at com.alibaba.druid.filter.FilterChainImpl.connection_connect(FilterChainImpl.java:150)
	at com.alibaba.druid.filter.FilterAdapter.connection_connect(FilterAdapter.java:787)
	at com.alibaba.druid.filter.FilterChainImpl.connection_connect(FilterChainImpl.java:150)
	at com.alibaba.druid.filter.stat.StatFilter.connection_connect(StatFilter.java:218)
	at com.alibaba.druid.filter.FilterChainImpl.connection_connect(FilterChainImpl.java:150)
	at com.alibaba.druid.pool.DruidAbstractDataSource.createPhysicalConnection(DruidAbstractDataSource.java:1598)
	at com.alibaba.druid.pool.DruidAbstractDataSource.createPhysicalConnection(DruidAbstractDataSource.java:1662)
	at com.alibaba.druid.pool.DruidDataSource$CreateConnectionThread.run(DruidDataSource.java:2697)
Caused by: java.net.UnknownHostException: teacher_mysql
	at java.base/java.net.InetAddress$CachedAddresses.get(InetAddress.java:800)
	at java.base/java.net.InetAddress.getAllByName0(InetAddress.java:1507)
	at java.base/java.net.InetAddress.getAllByName(InetAddress.java:1366)
	at java.base/java.net.InetAddress.getAllByName(InetAddress.java:1300)
	at com.mysql.jdbc.StandardSocketFactory.connect(StandardSocketFactory.java:188)
	at com.mysql.jdbc.MysqlIO.<init>(MysqlIO.java:301)
	... 23 common frames omitted
2021-09-08 00:03:20.901 [Druid-ConnectionPool-Create-1016921310] ERROR com.alibaba.druid.pool.DruidDataSource:2699 - create connection SQLException, url: jdbc:mysql://teacher_mysql:3306/teachingopen?characterEncoding=UTF-8&useUnicode=true&useSSL=false&tinyInt1isBit=false, errorCode 0, state 08S01
com.mysql.jdbc.exceptions.jdbc4.CommunicationsException: Communications link failure

The last packet sent successfully to the server was 0 milliseconds ago. The driver has not received any packets from the server.
	at jdk.internal.reflect.GeneratedConstructorAccessor70.newInstance(Unknown Source)
	at java.base/jdk.internal.reflect.DelegatingConstructorAccessorImpl.newInstance(DelegatingConstructorAccessorImpl.java:45)
	at java.base/java.lang.reflect.Constructor.newInstanceWithCaller(Constructor.java:499)
	at java.base/java.lang.reflect.Constructor.newInstance(Constructor.java:480)
	at com.mysql.jdbc.Util.handleNewInstance(Util.java:425)
	at com.mysql.jdbc.SQLError.createCommunicationsException(SQLError.java:990)
	at com.mysql.jdbc.MysqlIO.<init>(MysqlIO.java:342)
	at com.mysql.jdbc.ConnectionImpl.coreConnect(ConnectionImpl.java:2197)
	at com.mysql.jdbc.ConnectionImpl.connectOneTryOnly(ConnectionImpl.java:2230)
	at com.mysql.jdbc.ConnectionImpl.createNewIO(ConnectionImpl.java:2025)
	at com.mysql.jdbc.ConnectionImpl.<init>(ConnectionImpl.java:778)
	at com.mysql.jdbc.JDBC4Connection.<init>(JDBC4Connection.java:47)
	at jdk.internal.reflect.GeneratedConstructorAccessor67.newInstance(Unknown Source)
	at java.base/jdk.internal.reflect.DelegatingConstructorAccessorImpl.newInstance(DelegatingConstructorAccessorImpl.java:45)
	at java.base/java.lang.reflect.Constructor.newInstanceWithCaller(Constructor.java:499)
	at java.base/java.lang.reflect.Constructor.newInstance(Constructor.java:480)
	at com.mysql.jdbc.Util.handleNewInstance(Util.java:425)
	at com.mysql.jdbc.ConnectionImpl.getInstance(ConnectionImpl.java:386)
	at com.mysql.jdbc.NonRegisteringDriver.connect(NonRegisteringDriver.java:330)
	at com.alibaba.druid.filter.FilterChainImpl.connection_connect(FilterChainImpl.java:156)
	at com.alibaba.druid.filter.FilterAdapter.connection_connect(FilterAdapter.java:787)
	at com.alibaba.druid.filter.FilterEventAdapter.connection_connect(FilterEventAdapter.java:38)
	at com.alibaba.druid.filter.FilterChainImpl.connection_connect(FilterChainImpl.java:150)
	at com.alibaba.druid.filter.FilterAdapter.connection_connect(FilterAdapter.java:787)
	at com.alibaba.druid.filter.FilterChainImpl.connection_connect(FilterChainImpl.java:150)
	at com.alibaba.druid.filter.stat.StatFilter.connection_connect(StatFilter.java:218)
	at com.alibaba.druid.filter.FilterChainImpl.connection_connect(FilterChainImpl.java:150)
	at com.alibaba.druid.pool.DruidAbstractDataSource.createPhysicalConnection(DruidAbstractDataSource.java:1598)
	at com.alibaba.druid.pool.DruidAbstractDataSource.createPhysicalConnection(DruidAbstractDataSource.java:1662)
	at com.alibaba.druid.pool.DruidDataSource$CreateConnectionThread.run(DruidDataSource.java:2697)
Caused by: java.net.UnknownHostException: teacher_mysql
	at java.base/java.net.InetAddress$CachedAddresses.get(InetAddress.java:800)
	at java.base/java.net.InetAddress.getAllByName0(InetAddress.java:1507)
	at java.base/java.net.InetAddress.getAllByName(InetAddress.java:1366)
	at java.base/java.net.InetAddress.getAllByName(InetAddress.java:1300)
	at com.mysql.jdbc.StandardSocketFactory.connect(StandardSocketFactory.java:188)
	at com.mysql.jdbc.MysqlIO.<init>(MysqlIO.java:301)
	... 23 common frames omitted
2021-09-08 00:03:21.459 [Druid-ConnectionPool-Create-1016921310] ERROR com.alibaba.druid.pool.DruidDataSource:2699 - create connection SQLException, url: jdbc:mysql://teacher_mysql:3306/teachingopen?characterEncoding=UTF-8&useUnicode=true&useSSL=false&tinyInt1isBit=false, errorCode 0, state 08S01
com.mysql.jdbc.exceptions.jdbc4.CommunicationsException: Communications link failure

The last packet sent successfully to the server was 0 milliseconds ago. The driver has not received any packets from the server.
	at jdk.internal.reflect.GeneratedConstructorAccessor70.newInstance(Unknown Source)
	at java.base/jdk.internal.reflect.DelegatingConstructorAccessorImpl.newInstance(DelegatingConstructorAccessorImpl.java:45)
	at java.base/java.lang.reflect.Constructor.newInstanceWithCaller(Constructor.java:499)
	at java.base/java.lang.reflect.Constructor.newInstance(Constructor.java:480)
	at com.mysql.jdbc.Util.handleNewInstance(Util.java:425)
	at com.mysql.jdbc.SQLError.createCommunicationsException(SQLError.java:990)
	at com.mysql.jdbc.MysqlIO.<init>(MysqlIO.java:342)
	at com.mysql.jdbc.ConnectionImpl.coreConnect(ConnectionImpl.java:2197)
	at com.mysql.jdbc.ConnectionImpl.connectOneTryOnly(ConnectionImpl.java:2230)
	at com.mysql.jdbc.ConnectionImpl.createNewIO(ConnectionImpl.java:2025)
	at com.mysql.jdbc.ConnectionImpl.<init>(ConnectionImpl.java:778)
	at com.mysql.jdbc.JDBC4Connection.<init>(JDBC4Connection.java:47)
	at jdk.internal.reflect.GeneratedConstructorAccessor67.newInstance(Unknown Source)
	at java.base/jdk.internal.reflect.DelegatingConstructorAccessorImpl.newInstance(DelegatingConstructorAccessorImpl.java:45)
	at java.base/java.lang.reflect.Constructor.newInstanceWithCaller(Constructor.java:499)
	at java.base/java.lang.reflect.Constructor.newInstance(Constructor.java:480)
	at com.mysql.jdbc.Util.handleNewInstance(Util.java:425)
	at com.mysql.jdbc.ConnectionImpl.getInstance(ConnectionImpl.java:386)
	at com.mysql.jdbc.NonRegisteringDriver.connect(NonRegisteringDriver.java:330)
	at com.alibaba.druid.filter.FilterChainImpl.connection_connect(FilterChainImpl.java:156)
	at com.alibaba.druid.filter.FilterAdapter.connection_connect(FilterAdapter.java:787)
	at com.alibaba.druid.filter.FilterEventAdapter.connection_connect(FilterEventAdapter.java:38)
	at com.alibaba.druid.filter.FilterChainImpl.connection_connect(FilterChainImpl.java:150)
	at com.alibaba.druid.filter.FilterAdapter.connection_connect(FilterAdapter.java:787)
	at com.alibaba.druid.filter.FilterChainImpl.connection_connect(FilterChainImpl.java:150)
	at com.alibaba.druid.filter.stat.StatFilter.connection_connect(StatFilter.java:218)
	at com.alibaba.druid.filter.FilterChainImpl.connection_connect(FilterChainImpl.java:150)
	at com.alibaba.druid.pool.DruidAbstractDataSource.createPhysicalConnection(DruidAbstractDataSource.java:1598)
	at com.alibaba.druid.pool.DruidAbstractDataSource.createPhysicalConnection(DruidAbstractDataSource.java:1662)
	at com.alibaba.druid.pool.DruidDataSource$CreateConnectionThread.run(DruidDataSource.java:2697)
Caused by: java.net.UnknownHostException: teacher_mysql
	at java.base/java.net.InetAddress$CachedAddresses.get(InetAddress.java:800)
	at java.base/java.net.InetAddress.getAllByName0(InetAddress.java:1507)
	at java.base/java.net.InetAddress.getAllByName(InetAddress.java:1366)
	at java.base/java.net.InetAddress.getAllByName(InetAddress.java:1300)
	at com.mysql.jdbc.StandardSocketFactory.connect(StandardSocketFactory.java:188)
	at com.mysql.jdbc.MysqlIO.<init>(MysqlIO.java:301)
	... 23 common frames omitted
2021-09-08 00:03:22.023 [Druid-ConnectionPool-Create-1016921310] ERROR com.alibaba.druid.pool.DruidDataSource:2699 - create connection SQLException, url: jdbc:mysql://teacher_mysql:3306/teachingopen?characterEncoding=UTF-8&useUnicode=true&useSSL=false&tinyInt1isBit=false, errorCode 0, state 08S01
com.mysql.jdbc.exceptions.jdbc4.CommunicationsException: Communications link failure

The last packet sent successfully to the server was 0 milliseconds ago. The driver has not received any packets from the server.
	at jdk.internal.reflect.GeneratedConstructorAccessor70.newInstance(Unknown Source)
	at java.base/jdk.internal.reflect.DelegatingConstructorAccessorImpl.newInstance(DelegatingConstructorAccessorImpl.java:45)
	at java.base/java.lang.reflect.Constructor.newInstanceWithCaller(Constructor.java:499)
	at java.base/java.lang.reflect.Constructor.newInstance(Constructor.java:480)
	at com.mysql.jdbc.Util.handleNewInstance(Util.java:425)
	at com.mysql.jdbc.SQLError.createCommunicationsException(SQLError.java:990)
	at com.mysql.jdbc.MysqlIO.<init>(MysqlIO.java:342)
	at com.mysql.jdbc.ConnectionImpl.coreConnect(ConnectionImpl.java:2197)
	at com.mysql.jdbc.ConnectionImpl.connectOneTryOnly(ConnectionImpl.java:2230)
	at com.mysql.jdbc.ConnectionImpl.createNewIO(ConnectionImpl.java:2025)
	at com.mysql.jdbc.ConnectionImpl.<init>(ConnectionImpl.java:778)
	at com.mysql.jdbc.JDBC4Connection.<init>(JDBC4Connection.java:47)
	at jdk.internal.reflect.GeneratedConstructorAccessor67.newInstance(Unknown Source)
	at java.base/jdk.internal.reflect.DelegatingConstructorAccessorImpl.newInstance(DelegatingConstructorAccessorImpl.java:45)
	at java.base/java.lang.reflect.Constructor.newInstanceWithCaller(Constructor.java:499)
	at java.base/java.lang.reflect.Constructor.newInstance(Constructor.java:480)
	at com.mysql.jdbc.Util.handleNewInstance(Util.java:425)
	at com.mysql.jdbc.ConnectionImpl.getInstance(ConnectionImpl.java:386)
	at com.mysql.jdbc.NonRegisteringDriver.connect(NonRegisteringDriver.java:330)
	at com.alibaba.druid.filter.FilterChainImpl.connection_connect(FilterChainImpl.java:156)
	at com.alibaba.druid.filter.FilterAdapter.connection_connect(FilterAdapter.java:787)
	at com.alibaba.druid.filter.FilterEventAdapter.connection_connect(FilterEventAdapter.java:38)
	at com.alibaba.druid.filter.FilterChainImpl.connection_connect(FilterChainImpl.java:150)
	at com.alibaba.druid.filter.FilterAdapter.connection_connect(FilterAdapter.java:787)
	at com.alibaba.druid.filter.FilterChainImpl.connection_connect(FilterChainImpl.java:150)
	at com.alibaba.druid.filter.stat.StatFilter.connection_connect(StatFilter.java:218)
	at com.alibaba.druid.filter.FilterChainImpl.connection_connect(FilterChainImpl.java:150)
	at com.alibaba.druid.pool.DruidAbstractDataSource.createPhysicalConnection(DruidAbstractDataSource.java:1598)
	at com.alibaba.druid.pool.DruidAbstractDataSource.createPhysicalConnection(DruidAbstractDataSource.java:1662)
	at com.alibaba.druid.pool.DruidDataSource$CreateConnectionThread.run(DruidDataSource.java:2697)
Caused by: java.net.UnknownHostException: teacher_mysql
	at java.base/java.net.InetAddress$CachedAddresses.get(InetAddress.java:800)
	at java.base/java.net.InetAddress.getAllByName0(InetAddress.java:1507)
	at java.base/java.net.InetAddress.getAllByName(InetAddress.java:1366)
	at java.base/java.net.InetAddress.getAllByName(InetAddress.java:1300)
	at com.mysql.jdbc.StandardSocketFactory.connect(StandardSocketFactory.java:188)
	at com.mysql.jdbc.MysqlIO.<init>(MysqlIO.java:301)
	... 23 common frames omitted
