2021-08-17 17:45:13.832 [main] INFO  org.jeecg.JeecgApplication:50 - Starting JeecgApplication on FELIXY-M-D1D5 with PID 9147 (/Users/felixy/Documents/Lanqu/Codes/platform/teaching-open/api/jeecg-boot-module-system/target/classes started by felixy in /Users/felixy/Documents/Lanqu/Codes/platform/teaching-open/api)
2021-08-17 17:45:13.840 [main] INFO  org.jeecg.JeecgApplication:679 - The following profiles are active: dev
2021-08-17 17:45:16.411 [main] INFO  o.s.d.r.config.RepositoryConfigurationDelegate:244 - Multiple Spring Data modules found, entering strict repository configuration mode!
2021-08-17 17:45:16.415 [main] INFO  o.s.d.r.config.RepositoryConfigurationDelegate:126 - Bootstrapping Spring Data repositories in DEFAULT mode.
2021-08-17 17:45:16.534 [main] INFO  o.s.d.r.config.RepositoryConfigurationDelegate:182 - Finished Spring Data repository scanning in 96ms. Found 0 repository interfaces.
2021-08-17 17:45:16.960 [main] INFO  o.s.c.s.PostProcessorRegistrationDelegate$BeanPostProcessorChecker:330 - Bean 'shiroConfig' of type [org.jeecg.config.ShiroConfig$$EnhancerBySpringCGLIB$$347ab776] is not eligible for getting processed by all BeanPostProcessors (for example: not eligible for auto-proxying)
2021-08-17 17:45:17.041 [main] INFO  o.s.c.s.PostProcessorRegistrationDelegate$BeanPostProcessorChecker:330 - Bean 'shiroRealm' of type [org.jeecg.modules.shiro.authc.ShiroRealm] is not eligible for getting processed by all BeanPostProcessors (for example: not eligible for auto-proxying)
2021-08-17 17:45:17.094 [main] INFO  org.jeecg.config.ShiroConfig:224 - ===============(1)创建缓存管理器RedisCacheManager
2021-08-17 17:45:17.097 [main] INFO  org.jeecg.config.ShiroConfig:242 - ===============(2)创建RedisManager,连接Redis..URL= localhost:6379
2021-08-17 17:45:17.101 [main] INFO  o.s.c.s.PostProcessorRegistrationDelegate$BeanPostProcessorChecker:330 - Bean 'redisManager' of type [org.crazycake.shiro.RedisManager] is not eligible for getting processed by all BeanPostProcessors (for example: not eligible for auto-proxying)
2021-08-17 17:45:17.105 [main] INFO  o.s.c.s.PostProcessorRegistrationDelegate$BeanPostProcessorChecker:330 - Bean 'securityManager' of type [org.apache.shiro.web.mgt.DefaultWebSecurityManager] is not eligible for getting processed by all BeanPostProcessors (for example: not eligible for auto-proxying)
2021-08-17 17:45:17.134 [main] INFO  o.s.c.s.PostProcessorRegistrationDelegate$BeanPostProcessorChecker:330 - Bean 'authorizationAttributeSourceAdvisor' of type [org.apache.shiro.spring.security.interceptor.AuthorizationAttributeSourceAdvisor] is not eligible for getting processed by all BeanPostProcessors (for example: not eligible for auto-proxying)
2021-08-17 17:45:17.224 [main] INFO  o.s.c.s.PostProcessorRegistrationDelegate$BeanPostProcessorChecker:330 - Bean 'org.springframework.transaction.annotation.ProxyTransactionManagementConfiguration' of type [org.springframework.transaction.annotation.ProxyTransactionManagementConfiguration$$EnhancerBySpringCGLIB$$14754de0] is not eligible for getting processed by all BeanPostProcessors (for example: not eligible for auto-proxying)
2021-08-17 17:45:17.398 [main] INFO  o.s.c.s.PostProcessorRegistrationDelegate$BeanPostProcessorChecker:330 - Bean 'spring.datasource.dynamic-com.baomidou.dynamic.datasource.spring.boot.autoconfigure.DynamicDataSourceProperties' of type [com.baomidou.dynamic.datasource.spring.boot.autoconfigure.DynamicDataSourceProperties] is not eligible for getting processed by all BeanPostProcessors (for example: not eligible for auto-proxying)
2021-08-17 17:45:17.404 [main] INFO  o.s.c.s.PostProcessorRegistrationDelegate$BeanPostProcessorChecker:330 - Bean 'com.baomidou.dynamic.datasource.spring.boot.autoconfigure.DynamicDataSourceAutoConfiguration' of type [com.baomidou.dynamic.datasource.spring.boot.autoconfigure.DynamicDataSourceAutoConfiguration$$EnhancerBySpringCGLIB$$7e03beb1] is not eligible for getting processed by all BeanPostProcessors (for example: not eligible for auto-proxying)
2021-08-17 17:45:17.414 [main] INFO  o.s.c.s.PostProcessorRegistrationDelegate$BeanPostProcessorChecker:330 - Bean 'dsProcessor' of type [com.baomidou.dynamic.datasource.processor.DsHeaderProcessor] is not eligible for getting processed by all BeanPostProcessors (for example: not eligible for auto-proxying)
2021-08-17 17:45:17.422 [main] INFO  o.s.c.s.PostProcessorRegistrationDelegate$BeanPostProcessorChecker:330 - Bean 'dynamicDatasourceAnnotationAdvisor' of type [com.baomidou.dynamic.datasource.aop.DynamicDataSourceAnnotationAdvisor] is not eligible for getting processed by all BeanPostProcessors (for example: not eligible for auto-proxying)
2021-08-17 17:45:17.449 [main] INFO  o.s.c.s.PostProcessorRegistrationDelegate$BeanPostProcessorChecker:330 - Bean 'spring.redis-org.springframework.boot.autoconfigure.data.redis.RedisProperties' of type [org.springframework.boot.autoconfigure.data.redis.RedisProperties] is not eligible for getting processed by all BeanPostProcessors (for example: not eligible for auto-proxying)
2021-08-17 17:45:17.463 [main] INFO  o.s.c.s.PostProcessorRegistrationDelegate$BeanPostProcessorChecker:330 - Bean 'org.springframework.boot.autoconfigure.data.redis.LettuceConnectionConfiguration' of type [org.springframework.boot.autoconfigure.data.redis.LettuceConnectionConfiguration$$EnhancerBySpringCGLIB$$298f0c2a] is not eligible for getting processed by all BeanPostProcessors (for example: not eligible for auto-proxying)
2021-08-17 17:45:17.627 [main] INFO  o.s.c.s.PostProcessorRegistrationDelegate$BeanPostProcessorChecker:330 - Bean 'lettuceClientResources' of type [io.lettuce.core.resource.DefaultClientResources] is not eligible for getting processed by all BeanPostProcessors (for example: not eligible for auto-proxying)
2021-08-17 17:45:17.718 [main] INFO  o.s.c.s.PostProcessorRegistrationDelegate$BeanPostProcessorChecker:330 - Bean 'redisConnectionFactory' of type [org.springframework.data.redis.connection.lettuce.LettuceConnectionFactory] is not eligible for getting processed by all BeanPostProcessors (for example: not eligible for auto-proxying)
2021-08-17 17:45:17.730 [main] INFO  o.s.c.s.PostProcessorRegistrationDelegate$BeanPostProcessorChecker:330 - Bean 'redisConfig' of type [org.jeecg.config.RedisConfig$$EnhancerBySpringCGLIB$$7f493ec0] is not eligible for getting processed by all BeanPostProcessors (for example: not eligible for auto-proxying)
2021-08-17 17:45:17.762 [main] INFO  o.s.c.s.PostProcessorRegistrationDelegate$BeanPostProcessorChecker:330 - Bean 'org.apache.shiro.spring.boot.autoconfigure.ShiroBeanAutoConfiguration' of type [org.apache.shiro.spring.boot.autoconfigure.ShiroBeanAutoConfiguration$$EnhancerBySpringCGLIB$$278e2b90] is not eligible for getting processed by all BeanPostProcessors (for example: not eligible for auto-proxying)
2021-08-17 17:45:17.767 [main] INFO  o.s.c.s.PostProcessorRegistrationDelegate$BeanPostProcessorChecker:330 - Bean 'eventBus' of type [org.apache.shiro.event.support.DefaultEventBus] is not eligible for getting processed by all BeanPostProcessors (for example: not eligible for auto-proxying)
2021-08-17 17:45:18.227 [main] INFO  o.s.boot.web.embedded.tomcat.TomcatWebServer:90 - Tomcat initialized with port(s): 8080 (http)
2021-08-17 17:45:18.248 [main] INFO  org.apache.coyote.http11.Http11NioProtocol:173 - Initializing ProtocolHandler ["http-nio-8080"]
2021-08-17 17:45:18.260 [main] INFO  org.apache.catalina.core.StandardService:173 - Starting service [Tomcat]
2021-08-17 17:45:18.261 [main] INFO  org.apache.catalina.core.StandardEngine:173 - Starting Servlet engine: [Apache Tomcat/9.0.16]
2021-08-17 17:45:18.269 [main] INFO  org.apache.catalina.core.AprLifecycleListener:173 - The APR based Apache Tomcat Native library which allows optimal performance in production environments was not found on the java.library.path: [/Users/felixy/Library/Java/Extensions:/Library/Java/Extensions:/Network/Library/Java/Extensions:/System/Library/Java/Extensions:/usr/lib/java:.]
2021-08-17 17:45:18.424 [main] INFO  o.a.c.c.ContainerBase.[Tomcat].[localhost].[/api]:173 - Initializing Spring embedded WebApplicationContext
2021-08-17 17:45:18.425 [main] INFO  org.springframework.web.context.ContextLoader:296 - Root WebApplicationContext: initialization completed in 4517 ms
2021-08-17 17:45:18.839 [main] INFO  c.b.dynamic.datasource.DynamicDataSourceCreator:113 - 动态数据源-检测到druid存在,如配置中未指定type,druid会默认配置
2021-08-17 17:45:19.999 [main] ERROR com.alibaba.druid.pool.DruidDataSource:936 - init datasource error, url: jdbc:mysql://127.0.0.1:3306/teachingopen?characterEncoding=UTF-8&useUnicode=true&useSSL=false&tinyInt1isBit=false
com.mysql.jdbc.exceptions.jdbc4.CommunicationsException: Communications link failure

The last packet sent successfully to the server was 0 milliseconds ago. The driver has not received any packets from the server.
	at java.base/jdk.internal.reflect.NativeConstructorAccessorImpl.newInstance0(Native Method)
	at java.base/jdk.internal.reflect.NativeConstructorAccessorImpl.newInstance(NativeConstructorAccessorImpl.java:78)
	at java.base/jdk.internal.reflect.DelegatingConstructorAccessorImpl.newInstance(DelegatingConstructorAccessorImpl.java:45)
	at java.base/java.lang.reflect.Constructor.newInstanceWithCaller(Constructor.java:499)
	at java.base/java.lang.reflect.Constructor.newInstance(Constructor.java:480)
	at com.mysql.jdbc.Util.handleNewInstance(Util.java:425)
	at com.mysql.jdbc.SQLError.createCommunicationsException(SQLError.java:990)
	at com.mysql.jdbc.MysqlIO.<init>(MysqlIO.java:342)
	at com.mysql.jdbc.ConnectionImpl.coreConnect(ConnectionImpl.java:2197)
	at com.mysql.jdbc.ConnectionImpl.connectOneTryOnly(ConnectionImpl.java:2230)
	at com.mysql.jdbc.ConnectionImpl.createNewIO(ConnectionImpl.java:2025)
	at com.mysql.jdbc.ConnectionImpl.<init>(ConnectionImpl.java:778)
	at com.mysql.jdbc.JDBC4Connection.<init>(JDBC4Connection.java:47)
	at java.base/jdk.internal.reflect.NativeConstructorAccessorImpl.newInstance0(Native Method)
	at java.base/jdk.internal.reflect.NativeConstructorAccessorImpl.newInstance(NativeConstructorAccessorImpl.java:78)
	at java.base/jdk.internal.reflect.DelegatingConstructorAccessorImpl.newInstance(DelegatingConstructorAccessorImpl.java:45)
	at java.base/java.lang.reflect.Constructor.newInstanceWithCaller(Constructor.java:499)
	at java.base/java.lang.reflect.Constructor.newInstance(Constructor.java:480)
	at com.mysql.jdbc.Util.handleNewInstance(Util.java:425)
	at com.mysql.jdbc.ConnectionImpl.getInstance(ConnectionImpl.java:386)
	at com.mysql.jdbc.NonRegisteringDriver.connect(NonRegisteringDriver.java:330)
	at com.alibaba.druid.filter.FilterChainImpl.connection_connect(FilterChainImpl.java:156)
	at com.alibaba.druid.filter.FilterAdapter.connection_connect(FilterAdapter.java:787)
	at com.alibaba.druid.filter.FilterEventAdapter.connection_connect(FilterEventAdapter.java:38)
	at com.alibaba.druid.filter.FilterChainImpl.connection_connect(FilterChainImpl.java:150)
	at com.alibaba.druid.filter.FilterAdapter.connection_connect(FilterAdapter.java:787)
	at com.alibaba.druid.filter.FilterChainImpl.connection_connect(FilterChainImpl.java:150)
	at com.alibaba.druid.filter.stat.StatFilter.connection_connect(StatFilter.java:218)
	at com.alibaba.druid.filter.FilterChainImpl.connection_connect(FilterChainImpl.java:150)
	at com.alibaba.druid.pool.DruidAbstractDataSource.createPhysicalConnection(DruidAbstractDataSource.java:1598)
	at com.alibaba.druid.pool.DruidAbstractDataSource.createPhysicalConnection(DruidAbstractDataSource.java:1662)
	at com.alibaba.druid.pool.DruidDataSource.init(DruidDataSource.java:932)
	at com.baomidou.dynamic.datasource.DynamicDataSourceCreator.createDruidDataSource(DynamicDataSourceCreator.java:242)
	at com.baomidou.dynamic.datasource.DynamicDataSourceCreator.createDataSource(DynamicDataSourceCreator.java:139)
	at com.baomidou.dynamic.datasource.provider.YmlDynamicDataSourceProvider.loadDataSources(YmlDynamicDataSourceProvider.java:59)
	at com.baomidou.dynamic.datasource.DynamicRoutingDataSource.afterPropertiesSet(DynamicRoutingDataSource.java:202)
	at org.springframework.beans.factory.support.AbstractAutowireCapableBeanFactory.invokeInitMethods(AbstractAutowireCapableBeanFactory.java:1821)
	at org.springframework.beans.factory.support.AbstractAutowireCapableBeanFactory.initializeBean(AbstractAutowireCapableBeanFactory.java:1758)
	at org.springframework.beans.factory.support.AbstractAutowireCapableBeanFactory.doCreateBean(AbstractAutowireCapableBeanFactory.java:593)
	at org.springframework.beans.factory.support.AbstractAutowireCapableBeanFactory.createBean(AbstractAutowireCapableBeanFactory.java:515)
	at org.springframework.beans.factory.support.AbstractBeanFactory.lambda$doGetBean$0(AbstractBeanFactory.java:320)
	at org.springframework.beans.factory.support.DefaultSingletonBeanRegistry.getSingleton(DefaultSingletonBeanRegistry.java:222)
	at org.springframework.beans.factory.support.AbstractBeanFactory.doGetBean(AbstractBeanFactory.java:318)
	at org.springframework.beans.factory.support.AbstractBeanFactory.getBean(AbstractBeanFactory.java:199)
	at org.springframework.beans.factory.config.DependencyDescriptor.resolveCandidate(DependencyDescriptor.java:277)
	at org.springframework.beans.factory.support.DefaultListableBeanFactory.addCandidateEntry(DefaultListableBeanFactory.java:1463)
	at org.springframework.beans.factory.support.DefaultListableBeanFactory.findAutowireCandidates(DefaultListableBeanFactory.java:1427)
	at org.springframework.beans.factory.support.DefaultListableBeanFactory.resolveMultipleBeans(DefaultListableBeanFactory.java:1346)
	at org.springframework.beans.factory.support.DefaultListableBeanFactory.doResolveDependency(DefaultListableBeanFactory.java:1205)
	at org.springframework.beans.factory.support.DefaultListableBeanFactory.resolveDependency(DefaultListableBeanFactory.java:1167)
	at org.springframework.beans.factory.support.ConstructorResolver.resolveAutowiredArgument(ConstructorResolver.java:857)
	at org.springframework.beans.factory.support.ConstructorResolver.createArgumentArray(ConstructorResolver.java:760)
	at org.springframework.beans.factory.support.ConstructorResolver.autowireConstructor(ConstructorResolver.java:218)
	at org.springframework.beans.factory.support.AbstractAutowireCapableBeanFactory.autowireConstructor(AbstractAutowireCapableBeanFactory.java:1325)
	at org.springframework.beans.factory.support.AbstractAutowireCapableBeanFactory.createBeanInstance(AbstractAutowireCapableBeanFactory.java:1171)
	at org.springframework.beans.factory.support.AbstractAutowireCapableBeanFactory.doCreateBean(AbstractAutowireCapableBeanFactory.java:555)
	at org.springframework.beans.factory.support.AbstractAutowireCapableBeanFactory.createBean(AbstractAutowireCapableBeanFactory.java:515)
	at org.springframework.beans.factory.support.AbstractBeanFactory.lambda$doGetBean$0(AbstractBeanFactory.java:320)
	at org.springframework.beans.factory.support.DefaultSingletonBeanRegistry.getSingleton(DefaultSingletonBeanRegistry.java:222)
	at org.springframework.beans.factory.support.AbstractBeanFactory.doGetBean(AbstractBeanFactory.java:318)
	at org.springframework.beans.factory.support.AbstractBeanFactory.getBean(AbstractBeanFactory.java:199)
	at org.springframework.beans.factory.support.ConstructorResolver.instantiateUsingFactoryMethod(ConstructorResolver.java:392)
	at org.springframework.beans.factory.support.AbstractAutowireCapableBeanFactory.instantiateUsingFactoryMethod(AbstractAutowireCapableBeanFactory.java:1305)
	at org.springframework.beans.factory.support.AbstractAutowireCapableBeanFactory.createBeanInstance(AbstractAutowireCapableBeanFactory.java:1144)
	at org.springframework.beans.factory.support.AbstractAutowireCapableBeanFactory.doCreateBean(AbstractAutowireCapableBeanFactory.java:555)
	at org.springframework.beans.factory.support.AbstractAutowireCapableBeanFactory.createBean(AbstractAutowireCapableBeanFactory.java:515)
	at org.springframework.beans.factory.support.AbstractBeanFactory.lambda$doGetBean$0(AbstractBeanFactory.java:320)
	at org.springframework.beans.factory.support.DefaultSingletonBeanRegistry.getSingleton(DefaultSingletonBeanRegistry.java:222)
	at org.springframework.beans.factory.support.AbstractBeanFactory.doGetBean(AbstractBeanFactory.java:318)
	at org.springframework.beans.factory.support.AbstractBeanFactory.getBean(AbstractBeanFactory.java:199)
	at org.springframework.beans.factory.support.DefaultListableBeanFactory.getBeansOfType(DefaultListableBeanFactory.java:602)
	at org.springframework.beans.factory.support.DefaultListableBeanFactory.getBeansOfType(DefaultListableBeanFactory.java:590)
	at org.springframework.context.support.AbstractApplicationContext.getBeansOfType(AbstractApplicationContext.java:1226)
	at org.springframework.boot.actuate.autoconfigure.health.HealthIndicatorRegistryBeans.get(HealthIndicatorRegistryBeans.java:42)
	at org.springframework.boot.actuate.autoconfigure.health.HealthIndicatorAutoConfiguration.healthIndicatorRegistry(HealthIndicatorAutoConfiguration.java:78)
	at org.springframework.boot.actuate.autoconfigure.health.HealthIndicatorAutoConfiguration$$EnhancerBySpringCGLIB$$1df769a0.CGLIB$healthIndicatorRegistry$2(<generated>)
	at org.springframework.boot.actuate.autoconfigure.health.HealthIndicatorAutoConfiguration$$EnhancerBySpringCGLIB$$1df769a0$$FastClassBySpringCGLIB$$8f4905b4.invoke(<generated>)
	at org.springframework.cglib.proxy.MethodProxy.invokeSuper(MethodProxy.java:244)
	at org.springframework.context.annotation.ConfigurationClassEnhancer$BeanMethodInterceptor.intercept(ConfigurationClassEnhancer.java:363)
	at org.springframework.boot.actuate.autoconfigure.health.HealthIndicatorAutoConfiguration$$EnhancerBySpringCGLIB$$1df769a0.healthIndicatorRegistry(<generated>)
	at java.base/jdk.internal.reflect.NativeMethodAccessorImpl.invoke0(Native Method)
	at java.base/jdk.internal.reflect.NativeMethodAccessorImpl.invoke(NativeMethodAccessorImpl.java:78)
	at java.base/jdk.internal.reflect.DelegatingMethodAccessorImpl.invoke(DelegatingMethodAccessorImpl.java:43)
	at java.base/java.lang.reflect.Method.invoke(Method.java:567)
	at org.springframework.beans.factory.support.SimpleInstantiationStrategy.instantiate(SimpleInstantiationStrategy.java:154)
	at org.springframework.beans.factory.support.ConstructorResolver.instantiate(ConstructorResolver.java:622)
	at org.springframework.beans.factory.support.ConstructorResolver.instantiateUsingFactoryMethod(ConstructorResolver.java:607)
	at org.springframework.beans.factory.support.AbstractAutowireCapableBeanFactory.instantiateUsingFactoryMethod(AbstractAutowireCapableBeanFactory.java:1305)
	at org.springframework.beans.factory.support.AbstractAutowireCapableBeanFactory.createBeanInstance(AbstractAutowireCapableBeanFactory.java:1144)
	at org.springframework.beans.factory.support.AbstractAutowireCapableBeanFactory.doCreateBean(AbstractAutowireCapableBeanFactory.java:555)
	at org.springframework.beans.factory.support.AbstractAutowireCapableBeanFactory.createBean(AbstractAutowireCapableBeanFactory.java:515)
	at org.springframework.beans.factory.support.AbstractBeanFactory.lambda$doGetBean$0(AbstractBeanFactory.java:320)
	at org.springframework.beans.factory.support.DefaultSingletonBeanRegistry.getSingleton(DefaultSingletonBeanRegistry.java:222)
	at org.springframework.beans.factory.support.AbstractBeanFactory.doGetBean(AbstractBeanFactory.java:318)
	at org.springframework.beans.factory.support.AbstractBeanFactory.getBean(AbstractBeanFactory.java:199)
	at org.springframework.beans.factory.config.DependencyDescriptor.resolveCandidate(DependencyDescriptor.java:277)
	at org.springframework.beans.factory.support.DefaultListableBeanFactory.doResolveDependency(DefaultListableBeanFactory.java:1247)
	at org.springframework.beans.factory.support.DefaultListableBeanFactory.resolveDependency(DefaultListableBeanFactory.java:1167)
	at org.springframework.beans.factory.support.ConstructorResolver.resolveAutowiredArgument(ConstructorResolver.java:857)
	at org.springframework.beans.factory.support.ConstructorResolver.createArgumentArray(ConstructorResolver.java:760)
	at org.springframework.beans.factory.support.ConstructorResolver.instantiateUsingFactoryMethod(ConstructorResolver.java:509)
	at org.springframework.beans.factory.support.AbstractAutowireCapableBeanFactory.instantiateUsingFactoryMethod(AbstractAutowireCapableBeanFactory.java:1305)
	at org.springframework.beans.factory.support.AbstractAutowireCapableBeanFactory.createBeanInstance(AbstractAutowireCapableBeanFactory.java:1144)
	at org.springframework.beans.factory.support.AbstractAutowireCapableBeanFactory.doCreateBean(AbstractAutowireCapableBeanFactory.java:555)
	at org.springframework.beans.factory.support.AbstractAutowireCapableBeanFactory.createBean(AbstractAutowireCapableBeanFactory.java:515)
	at org.springframework.beans.factory.support.AbstractBeanFactory.lambda$doGetBean$0(AbstractBeanFactory.java:320)
	at org.springframework.beans.factory.support.DefaultSingletonBeanRegistry.getSingleton(DefaultSingletonBeanRegistry.java:222)
	at org.springframework.beans.factory.support.AbstractBeanFactory.doGetBean(AbstractBeanFactory.java:318)
	at org.springframework.beans.factory.support.AbstractBeanFactory.getBean(AbstractBeanFactory.java:199)
	at org.springframework.context.support.AbstractApplicationContext.getBean(AbstractApplicationContext.java:1105)
	at org.springframework.boot.actuate.endpoint.annotation.EndpointDiscoverer.createEndpointBean(EndpointDiscoverer.java:149)
	at org.springframework.boot.actuate.endpoint.annotation.EndpointDiscoverer.createEndpointBeans(EndpointDiscoverer.java:136)
	at org.springframework.boot.actuate.endpoint.annotation.EndpointDiscoverer.discoverEndpoints(EndpointDiscoverer.java:125)
	at org.springframework.boot.actuate.endpoint.annotation.EndpointDiscoverer.getEndpoints(EndpointDiscoverer.java:119)
	at org.springframework.boot.actuate.autoconfigure.endpoint.web.ServletEndpointManagementContextConfiguration$WebMvcServletEndpointManagementContextConfiguration.servletEndpointRegistrar(ServletEndpointManagementContextConfiguration.java:76)
	at org.springframework.boot.actuate.autoconfigure.endpoint.web.ServletEndpointManagementContextConfiguration$WebMvcServletEndpointManagementContextConfiguration$$EnhancerBySpringCGLIB$$caa9a5bb.CGLIB$servletEndpointRegistrar$0(<generated>)
	at org.springframework.boot.actuate.autoconfigure.endpoint.web.ServletEndpointManagementContextConfiguration$WebMvcServletEndpointManagementContextConfiguration$$EnhancerBySpringCGLIB$$caa9a5bb$$FastClassBySpringCGLIB$$da39784d.invoke(<generated>)
	at org.springframework.cglib.proxy.MethodProxy.invokeSuper(MethodProxy.java:244)
	at org.springframework.context.annotation.ConfigurationClassEnhancer$BeanMethodInterceptor.intercept(ConfigurationClassEnhancer.java:363)
	at org.springframework.boot.actuate.autoconfigure.endpoint.web.ServletEndpointManagementContextConfiguration$WebMvcServletEndpointManagementContextConfiguration$$EnhancerBySpringCGLIB$$caa9a5bb.servletEndpointRegistrar(<generated>)
	at java.base/jdk.internal.reflect.NativeMethodAccessorImpl.invoke0(Native Method)
	at java.base/jdk.internal.reflect.NativeMethodAccessorImpl.invoke(NativeMethodAccessorImpl.java:78)
	at java.base/jdk.internal.reflect.DelegatingMethodAccessorImpl.invoke(DelegatingMethodAccessorImpl.java:43)
	at java.base/java.lang.reflect.Method.invoke(Method.java:567)
	at org.springframework.beans.factory.support.SimpleInstantiationStrategy.instantiate(SimpleInstantiationStrategy.java:154)
	at org.springframework.beans.factory.support.ConstructorResolver.instantiate(ConstructorResolver.java:622)
	at org.springframework.beans.factory.support.ConstructorResolver.instantiateUsingFactoryMethod(ConstructorResolver.java:607)
	at org.springframework.beans.factory.support.AbstractAutowireCapableBeanFactory.instantiateUsingFactoryMethod(AbstractAutowireCapableBeanFactory.java:1305)
	at org.springframework.beans.factory.support.AbstractAutowireCapableBeanFactory.createBeanInstance(AbstractAutowireCapableBeanFactory.java:1144)
	at org.springframework.beans.factory.support.AbstractAutowireCapableBeanFactory.doCreateBean(AbstractAutowireCapableBeanFactory.java:555)
	at org.springframework.beans.factory.support.AbstractAutowireCapableBeanFactory.createBean(AbstractAutowireCapableBeanFactory.java:515)
	at org.springframework.beans.factory.support.AbstractBeanFactory.lambda$doGetBean$0(AbstractBeanFactory.java:320)
	at org.springframework.beans.factory.support.DefaultSingletonBeanRegistry.getSingleton(DefaultSingletonBeanRegistry.java:222)
	at org.springframework.beans.factory.support.AbstractBeanFactory.doGetBean(AbstractBeanFactory.java:318)
	at org.springframework.beans.factory.support.AbstractBeanFactory.getBean(AbstractBeanFactory.java:204)
	at org.springframework.boot.web.servlet.ServletContextInitializerBeans.getOrderedBeansOfType(ServletContextInitializerBeans.java:235)
	at org.springframework.boot.web.servlet.ServletContextInitializerBeans.getOrderedBeansOfType(ServletContextInitializerBeans.java:226)
	at org.springframework.boot.web.servlet.ServletContextInitializerBeans.addServletContextInitializerBeans(ServletContextInitializerBeans.java:101)
	at org.springframework.boot.web.servlet.ServletContextInitializerBeans.<init>(ServletContextInitializerBeans.java:88)
	at org.springframework.boot.web.servlet.context.ServletWebServerApplicationContext.getServletContextInitializerBeans(ServletWebServerApplicationContext.java:261)
	at org.springframework.boot.web.servlet.context.ServletWebServerApplicationContext.selfInitialize(ServletWebServerApplicationContext.java:234)
	at org.springframework.boot.web.embedded.tomcat.TomcatStarter.onStartup(TomcatStarter.java:54)
	at org.apache.catalina.core.StandardContext.startInternal(StandardContext.java:5125)
	at org.apache.catalina.util.LifecycleBase.start(LifecycleBase.java:183)
	at org.apache.catalina.core.ContainerBase$StartChild.call(ContainerBase.java:1377)
	at org.apache.catalina.core.ContainerBase$StartChild.call(ContainerBase.java:1367)
	at java.base/java.util.concurrent.FutureTask.run(FutureTask.java:264)
	at org.apache.tomcat.util.threads.InlineExecutorService.execute(InlineExecutorService.java:75)
	at java.base/java.util.concurrent.AbstractExecutorService.submit(AbstractExecutorService.java:145)
	at org.apache.catalina.core.ContainerBase.startInternal(ContainerBase.java:902)
	at org.apache.catalina.core.StandardHost.startInternal(StandardHost.java:831)
	at org.apache.catalina.util.LifecycleBase.start(LifecycleBase.java:183)
	at org.apache.catalina.core.ContainerBase$StartChild.call(ContainerBase.java:1377)
	at org.apache.catalina.core.ContainerBase$StartChild.call(ContainerBase.java:1367)
	at java.base/java.util.concurrent.FutureTask.run(FutureTask.java:264)
	at org.apache.tomcat.util.threads.InlineExecutorService.execute(InlineExecutorService.java:75)
	at java.base/java.util.concurrent.AbstractExecutorService.submit(AbstractExecutorService.java:145)
	at org.apache.catalina.core.ContainerBase.startInternal(ContainerBase.java:902)
	at org.apache.catalina.core.StandardEngine.startInternal(StandardEngine.java:262)
	at org.apache.catalina.util.LifecycleBase.start(LifecycleBase.java:183)
	at org.apache.catalina.core.StandardService.startInternal(StandardService.java:423)
	at org.apache.catalina.util.LifecycleBase.start(LifecycleBase.java:183)
	at org.apache.catalina.core.StandardServer.startInternal(StandardServer.java:928)
	at org.apache.catalina.util.LifecycleBase.start(LifecycleBase.java:183)
	at org.apache.catalina.startup.Tomcat.start(Tomcat.java:455)
	at org.springframework.boot.web.embedded.tomcat.TomcatWebServer.initialize(TomcatWebServer.java:106)
	at org.springframework.boot.web.embedded.tomcat.TomcatWebServer.<init>(TomcatWebServer.java:86)
	at org.springframework.boot.web.embedded.tomcat.TomcatServletWebServerFactory.getTomcatWebServer(TomcatServletWebServerFactory.java:415)
	at org.springframework.boot.web.embedded.tomcat.TomcatServletWebServerFactory.getWebServer(TomcatServletWebServerFactory.java:174)
	at org.springframework.boot.web.servlet.context.ServletWebServerApplicationContext.createWebServer(ServletWebServerApplicationContext.java:181)
	at org.springframework.boot.web.servlet.context.ServletWebServerApplicationContext.onRefresh(ServletWebServerApplicationContext.java:154)
	at org.springframework.context.support.AbstractApplicationContext.refresh(AbstractApplicationContext.java:543)
	at org.springframework.boot.web.servlet.context.ServletWebServerApplicationContext.refresh(ServletWebServerApplicationContext.java:142)
	at org.springframework.boot.SpringApplication.refresh(SpringApplication.java:775)
	at org.springframework.boot.SpringApplication.refreshContext(SpringApplication.java:397)
	at org.springframework.boot.SpringApplication.run(SpringApplication.java:316)
	at org.springframework.boot.SpringApplication.run(SpringApplication.java:1260)
	at org.springframework.boot.SpringApplication.run(SpringApplication.java:1248)
	at org.jeecg.JeecgApplication.main(JeecgApplication.java:24)
Caused by: java.net.ConnectException: Connection refused
	at java.base/sun.nio.ch.Net.connect0(Native Method)
	at java.base/sun.nio.ch.Net.connect(Net.java:576)
	at java.base/sun.nio.ch.Net.connect(Net.java:565)
	at java.base/sun.nio.ch.NioSocketImpl.connect(NioSocketImpl.java:588)
	at java.base/java.net.SocksSocketImpl.connect(SocksSocketImpl.java:333)
	at java.base/java.net.Socket.connect(Socket.java:645)
	at com.mysql.jdbc.StandardSocketFactory.connect(StandardSocketFactory.java:211)
	at com.mysql.jdbc.MysqlIO.<init>(MysqlIO.java:301)
	... 171 common frames omitted
2021-08-17 17:45:20.254 [main] ERROR com.alibaba.druid.pool.DruidDataSource:978 - {dataSource-1} init error
com.mysql.jdbc.exceptions.jdbc4.CommunicationsException: Communications link failure

The last packet sent successfully to the server was 0 milliseconds ago. The driver has not received any packets from the server.
	at java.base/jdk.internal.reflect.NativeConstructorAccessorImpl.newInstance0(Native Method)
	at java.base/jdk.internal.reflect.NativeConstructorAccessorImpl.newInstance(NativeConstructorAccessorImpl.java:78)
	at java.base/jdk.internal.reflect.DelegatingConstructorAccessorImpl.newInstance(DelegatingConstructorAccessorImpl.java:45)
	at java.base/java.lang.reflect.Constructor.newInstanceWithCaller(Constructor.java:499)
	at java.base/java.lang.reflect.Constructor.newInstance(Constructor.java:480)
	at com.mysql.jdbc.Util.handleNewInstance(Util.java:425)
	at com.mysql.jdbc.SQLError.createCommunicationsException(SQLError.java:990)
	at com.mysql.jdbc.MysqlIO.<init>(MysqlIO.java:342)
	at com.mysql.jdbc.ConnectionImpl.coreConnect(ConnectionImpl.java:2197)
	at com.mysql.jdbc.ConnectionImpl.connectOneTryOnly(ConnectionImpl.java:2230)
	at com.mysql.jdbc.ConnectionImpl.createNewIO(ConnectionImpl.java:2025)
	at com.mysql.jdbc.ConnectionImpl.<init>(ConnectionImpl.java:778)
	at com.mysql.jdbc.JDBC4Connection.<init>(JDBC4Connection.java:47)
	at java.base/jdk.internal.reflect.NativeConstructorAccessorImpl.newInstance0(Native Method)
	at java.base/jdk.internal.reflect.NativeConstructorAccessorImpl.newInstance(NativeConstructorAccessorImpl.java:78)
	at java.base/jdk.internal.reflect.DelegatingConstructorAccessorImpl.newInstance(DelegatingConstructorAccessorImpl.java:45)
	at java.base/java.lang.reflect.Constructor.newInstanceWithCaller(Constructor.java:499)
	at java.base/java.lang.reflect.Constructor.newInstance(Constructor.java:480)
	at com.mysql.jdbc.Util.handleNewInstance(Util.java:425)
	at com.mysql.jdbc.ConnectionImpl.getInstance(ConnectionImpl.java:386)
	at com.mysql.jdbc.NonRegisteringDriver.connect(NonRegisteringDriver.java:330)
	at com.alibaba.druid.filter.FilterChainImpl.connection_connect(FilterChainImpl.java:156)
	at com.alibaba.druid.filter.FilterAdapter.connection_connect(FilterAdapter.java:787)
	at com.alibaba.druid.filter.FilterEventAdapter.connection_connect(FilterEventAdapter.java:38)
	at com.alibaba.druid.filter.FilterChainImpl.connection_connect(FilterChainImpl.java:150)
	at com.alibaba.druid.filter.FilterAdapter.connection_connect(FilterAdapter.java:787)
	at com.alibaba.druid.filter.FilterChainImpl.connection_connect(FilterChainImpl.java:150)
	at com.alibaba.druid.filter.stat.StatFilter.connection_connect(StatFilter.java:218)
	at com.alibaba.druid.filter.FilterChainImpl.connection_connect(FilterChainImpl.java:150)
	at com.alibaba.druid.pool.DruidAbstractDataSource.createPhysicalConnection(DruidAbstractDataSource.java:1598)
	at com.alibaba.druid.pool.DruidAbstractDataSource.createPhysicalConnection(DruidAbstractDataSource.java:1662)
	at com.alibaba.druid.pool.DruidDataSource.init(DruidDataSource.java:932)
	at com.baomidou.dynamic.datasource.DynamicDataSourceCreator.createDruidDataSource(DynamicDataSourceCreator.java:242)
	at com.baomidou.dynamic.datasource.DynamicDataSourceCreator.createDataSource(DynamicDataSourceCreator.java:139)
	at com.baomidou.dynamic.datasource.provider.YmlDynamicDataSourceProvider.loadDataSources(YmlDynamicDataSourceProvider.java:59)
	at com.baomidou.dynamic.datasource.DynamicRoutingDataSource.afterPropertiesSet(DynamicRoutingDataSource.java:202)
	at org.springframework.beans.factory.support.AbstractAutowireCapableBeanFactory.invokeInitMethods(AbstractAutowireCapableBeanFactory.java:1821)
	at org.springframework.beans.factory.support.AbstractAutowireCapableBeanFactory.initializeBean(AbstractAutowireCapableBeanFactory.java:1758)
	at org.springframework.beans.factory.support.AbstractAutowireCapableBeanFactory.doCreateBean(AbstractAutowireCapableBeanFactory.java:593)
	at org.springframework.beans.factory.support.AbstractAutowireCapableBeanFactory.createBean(AbstractAutowireCapableBeanFactory.java:515)
	at org.springframework.beans.factory.support.AbstractBeanFactory.lambda$doGetBean$0(AbstractBeanFactory.java:320)
	at org.springframework.beans.factory.support.DefaultSingletonBeanRegistry.getSingleton(DefaultSingletonBeanRegistry.java:222)
	at org.springframework.beans.factory.support.AbstractBeanFactory.doGetBean(AbstractBeanFactory.java:318)
	at org.springframework.beans.factory.support.AbstractBeanFactory.getBean(AbstractBeanFactory.java:199)
	at org.springframework.beans.factory.config.DependencyDescriptor.resolveCandidate(DependencyDescriptor.java:277)
	at org.springframework.beans.factory.support.DefaultListableBeanFactory.addCandidateEntry(DefaultListableBeanFactory.java:1463)
	at org.springframework.beans.factory.support.DefaultListableBeanFactory.findAutowireCandidates(DefaultListableBeanFactory.java:1427)
	at org.springframework.beans.factory.support.DefaultListableBeanFactory.resolveMultipleBeans(DefaultListableBeanFactory.java:1346)
	at org.springframework.beans.factory.support.DefaultListableBeanFactory.doResolveDependency(DefaultListableBeanFactory.java:1205)
	at org.springframework.beans.factory.support.DefaultListableBeanFactory.resolveDependency(DefaultListableBeanFactory.java:1167)
	at org.springframework.beans.factory.support.ConstructorResolver.resolveAutowiredArgument(ConstructorResolver.java:857)
	at org.springframework.beans.factory.support.ConstructorResolver.createArgumentArray(ConstructorResolver.java:760)
	at org.springframework.beans.factory.support.ConstructorResolver.autowireConstructor(ConstructorResolver.java:218)
	at org.springframework.beans.factory.support.AbstractAutowireCapableBeanFactory.autowireConstructor(AbstractAutowireCapableBeanFactory.java:1325)
	at org.springframework.beans.factory.support.AbstractAutowireCapableBeanFactory.createBeanInstance(AbstractAutowireCapableBeanFactory.java:1171)
	at org.springframework.beans.factory.support.AbstractAutowireCapableBeanFactory.doCreateBean(AbstractAutowireCapableBeanFactory.java:555)
	at org.springframework.beans.factory.support.AbstractAutowireCapableBeanFactory.createBean(AbstractAutowireCapableBeanFactory.java:515)
	at org.springframework.beans.factory.support.AbstractBeanFactory.lambda$doGetBean$0(AbstractBeanFactory.java:320)
	at org.springframework.beans.factory.support.DefaultSingletonBeanRegistry.getSingleton(DefaultSingletonBeanRegistry.java:222)
	at org.springframework.beans.factory.support.AbstractBeanFactory.doGetBean(AbstractBeanFactory.java:318)
	at org.springframework.beans.factory.support.AbstractBeanFactory.getBean(AbstractBeanFactory.java:199)
	at org.springframework.beans.factory.support.ConstructorResolver.instantiateUsingFactoryMethod(ConstructorResolver.java:392)
	at org.springframework.beans.factory.support.AbstractAutowireCapableBeanFactory.instantiateUsingFactoryMethod(AbstractAutowireCapableBeanFactory.java:1305)
	at org.springframework.beans.factory.support.AbstractAutowireCapableBeanFactory.createBeanInstance(AbstractAutowireCapableBeanFactory.java:1144)
	at org.springframework.beans.factory.support.AbstractAutowireCapableBeanFactory.doCreateBean(AbstractAutowireCapableBeanFactory.java:555)
	at org.springframework.beans.factory.support.AbstractAutowireCapableBeanFactory.createBean(AbstractAutowireCapableBeanFactory.java:515)
	at org.springframework.beans.factory.support.AbstractBeanFactory.lambda$doGetBean$0(AbstractBeanFactory.java:320)
	at org.springframework.beans.factory.support.DefaultSingletonBeanRegistry.getSingleton(DefaultSingletonBeanRegistry.java:222)
	at org.springframework.beans.factory.support.AbstractBeanFactory.doGetBean(AbstractBeanFactory.java:318)
	at org.springframework.beans.factory.support.AbstractBeanFactory.getBean(AbstractBeanFactory.java:199)
	at org.springframework.beans.factory.support.DefaultListableBeanFactory.getBeansOfType(DefaultListableBeanFactory.java:602)
	at org.springframework.beans.factory.support.DefaultListableBeanFactory.getBeansOfType(DefaultListableBeanFactory.java:590)
	at org.springframework.context.support.AbstractApplicationContext.getBeansOfType(AbstractApplicationContext.java:1226)
	at org.springframework.boot.actuate.autoconfigure.health.HealthIndicatorRegistryBeans.get(HealthIndicatorRegistryBeans.java:42)
	at org.springframework.boot.actuate.autoconfigure.health.HealthIndicatorAutoConfiguration.healthIndicatorRegistry(HealthIndicatorAutoConfiguration.java:78)
	at org.springframework.boot.actuate.autoconfigure.health.HealthIndicatorAutoConfiguration$$EnhancerBySpringCGLIB$$1df769a0.CGLIB$healthIndicatorRegistry$2(<generated>)
	at org.springframework.boot.actuate.autoconfigure.health.HealthIndicatorAutoConfiguration$$EnhancerBySpringCGLIB$$1df769a0$$FastClassBySpringCGLIB$$8f4905b4.invoke(<generated>)
	at org.springframework.cglib.proxy.MethodProxy.invokeSuper(MethodProxy.java:244)
	at org.springframework.context.annotation.ConfigurationClassEnhancer$BeanMethodInterceptor.intercept(ConfigurationClassEnhancer.java:363)
	at org.springframework.boot.actuate.autoconfigure.health.HealthIndicatorAutoConfiguration$$EnhancerBySpringCGLIB$$1df769a0.healthIndicatorRegistry(<generated>)
	at java.base/jdk.internal.reflect.NativeMethodAccessorImpl.invoke0(Native Method)
	at java.base/jdk.internal.reflect.NativeMethodAccessorImpl.invoke(NativeMethodAccessorImpl.java:78)
	at java.base/jdk.internal.reflect.DelegatingMethodAccessorImpl.invoke(DelegatingMethodAccessorImpl.java:43)
	at java.base/java.lang.reflect.Method.invoke(Method.java:567)
	at org.springframework.beans.factory.support.SimpleInstantiationStrategy.instantiate(SimpleInstantiationStrategy.java:154)
	at org.springframework.beans.factory.support.ConstructorResolver.instantiate(ConstructorResolver.java:622)
	at org.springframework.beans.factory.support.ConstructorResolver.instantiateUsingFactoryMethod(ConstructorResolver.java:607)
	at org.springframework.beans.factory.support.AbstractAutowireCapableBeanFactory.instantiateUsingFactoryMethod(AbstractAutowireCapableBeanFactory.java:1305)
	at org.springframework.beans.factory.support.AbstractAutowireCapableBeanFactory.createBeanInstance(AbstractAutowireCapableBeanFactory.java:1144)
	at org.springframework.beans.factory.support.AbstractAutowireCapableBeanFactory.doCreateBean(AbstractAutowireCapableBeanFactory.java:555)
	at org.springframework.beans.factory.support.AbstractAutowireCapableBeanFactory.createBean(AbstractAutowireCapableBeanFactory.java:515)
	at org.springframework.beans.factory.support.AbstractBeanFactory.lambda$doGetBean$0(AbstractBeanFactory.java:320)
	at org.springframework.beans.factory.support.DefaultSingletonBeanRegistry.getSingleton(DefaultSingletonBeanRegistry.java:222)
	at org.springframework.beans.factory.support.AbstractBeanFactory.doGetBean(AbstractBeanFactory.java:318)
	at org.springframework.beans.factory.support.AbstractBeanFactory.getBean(AbstractBeanFactory.java:199)
	at org.springframework.beans.factory.config.DependencyDescriptor.resolveCandidate(DependencyDescriptor.java:277)
	at org.springframework.beans.factory.support.DefaultListableBeanFactory.doResolveDependency(DefaultListableBeanFactory.java:1247)
	at org.springframework.beans.factory.support.DefaultListableBeanFactory.resolveDependency(DefaultListableBeanFactory.java:1167)
	at org.springframework.beans.factory.support.ConstructorResolver.resolveAutowiredArgument(ConstructorResolver.java:857)
	at org.springframework.beans.factory.support.ConstructorResolver.createArgumentArray(ConstructorResolver.java:760)
	at org.springframework.beans.factory.support.ConstructorResolver.instantiateUsingFactoryMethod(ConstructorResolver.java:509)
	at org.springframework.beans.factory.support.AbstractAutowireCapableBeanFactory.instantiateUsingFactoryMethod(AbstractAutowireCapableBeanFactory.java:1305)
	at org.springframework.beans.factory.support.AbstractAutowireCapableBeanFactory.createBeanInstance(AbstractAutowireCapableBeanFactory.java:1144)
	at org.springframework.beans.factory.support.AbstractAutowireCapableBeanFactory.doCreateBean(AbstractAutowireCapableBeanFactory.java:555)
	at org.springframework.beans.factory.support.AbstractAutowireCapableBeanFactory.createBean(AbstractAutowireCapableBeanFactory.java:515)
	at org.springframework.beans.factory.support.AbstractBeanFactory.lambda$doGetBean$0(AbstractBeanFactory.java:320)
	at org.springframework.beans.factory.support.DefaultSingletonBeanRegistry.getSingleton(DefaultSingletonBeanRegistry.java:222)
	at org.springframework.beans.factory.support.AbstractBeanFactory.doGetBean(AbstractBeanFactory.java:318)
	at org.springframework.beans.factory.support.AbstractBeanFactory.getBean(AbstractBeanFactory.java:199)
	at org.springframework.context.support.AbstractApplicationContext.getBean(AbstractApplicationContext.java:1105)
	at org.springframework.boot.actuate.endpoint.annotation.EndpointDiscoverer.createEndpointBean(EndpointDiscoverer.java:149)
	at org.springframework.boot.actuate.endpoint.annotation.EndpointDiscoverer.createEndpointBeans(EndpointDiscoverer.java:136)
	at org.springframework.boot.actuate.endpoint.annotation.EndpointDiscoverer.discoverEndpoints(EndpointDiscoverer.java:125)
	at org.springframework.boot.actuate.endpoint.annotation.EndpointDiscoverer.getEndpoints(EndpointDiscoverer.java:119)
	at org.springframework.boot.actuate.autoconfigure.endpoint.web.ServletEndpointManagementContextConfiguration$WebMvcServletEndpointManagementContextConfiguration.servletEndpointRegistrar(ServletEndpointManagementContextConfiguration.java:76)
	at org.springframework.boot.actuate.autoconfigure.endpoint.web.ServletEndpointManagementContextConfiguration$WebMvcServletEndpointManagementContextConfiguration$$EnhancerBySpringCGLIB$$caa9a5bb.CGLIB$servletEndpointRegistrar$0(<generated>)
	at org.springframework.boot.actuate.autoconfigure.endpoint.web.ServletEndpointManagementContextConfiguration$WebMvcServletEndpointManagementContextConfiguration$$EnhancerBySpringCGLIB$$caa9a5bb$$FastClassBySpringCGLIB$$da39784d.invoke(<generated>)
	at org.springframework.cglib.proxy.MethodProxy.invokeSuper(MethodProxy.java:244)
	at org.springframework.context.annotation.ConfigurationClassEnhancer$BeanMethodInterceptor.intercept(ConfigurationClassEnhancer.java:363)
	at org.springframework.boot.actuate.autoconfigure.endpoint.web.ServletEndpointManagementContextConfiguration$WebMvcServletEndpointManagementContextConfiguration$$EnhancerBySpringCGLIB$$caa9a5bb.servletEndpointRegistrar(<generated>)
	at java.base/jdk.internal.reflect.NativeMethodAccessorImpl.invoke0(Native Method)
	at java.base/jdk.internal.reflect.NativeMethodAccessorImpl.invoke(NativeMethodAccessorImpl.java:78)
	at java.base/jdk.internal.reflect.DelegatingMethodAccessorImpl.invoke(DelegatingMethodAccessorImpl.java:43)
	at java.base/java.lang.reflect.Method.invoke(Method.java:567)
	at org.springframework.beans.factory.support.SimpleInstantiationStrategy.instantiate(SimpleInstantiationStrategy.java:154)
	at org.springframework.beans.factory.support.ConstructorResolver.instantiate(ConstructorResolver.java:622)
	at org.springframework.beans.factory.support.ConstructorResolver.instantiateUsingFactoryMethod(ConstructorResolver.java:607)
	at org.springframework.beans.factory.support.AbstractAutowireCapableBeanFactory.instantiateUsingFactoryMethod(AbstractAutowireCapableBeanFactory.java:1305)
	at org.springframework.beans.factory.support.AbstractAutowireCapableBeanFactory.createBeanInstance(AbstractAutowireCapableBeanFactory.java:1144)
	at org.springframework.beans.factory.support.AbstractAutowireCapableBeanFactory.doCreateBean(AbstractAutowireCapableBeanFactory.java:555)
	at org.springframework.beans.factory.support.AbstractAutowireCapableBeanFactory.createBean(AbstractAutowireCapableBeanFactory.java:515)
	at org.springframework.beans.factory.support.AbstractBeanFactory.lambda$doGetBean$0(AbstractBeanFactory.java:320)
	at org.springframework.beans.factory.support.DefaultSingletonBeanRegistry.getSingleton(DefaultSingletonBeanRegistry.java:222)
	at org.springframework.beans.factory.support.AbstractBeanFactory.doGetBean(AbstractBeanFactory.java:318)
	at org.springframework.beans.factory.support.AbstractBeanFactory.getBean(AbstractBeanFactory.java:204)
	at org.springframework.boot.web.servlet.ServletContextInitializerBeans.getOrderedBeansOfType(ServletContextInitializerBeans.java:235)
	at org.springframework.boot.web.servlet.ServletContextInitializerBeans.getOrderedBeansOfType(ServletContextInitializerBeans.java:226)
	at org.springframework.boot.web.servlet.ServletContextInitializerBeans.addServletContextInitializerBeans(ServletContextInitializerBeans.java:101)
	at org.springframework.boot.web.servlet.ServletContextInitializerBeans.<init>(ServletContextInitializerBeans.java:88)
	at org.springframework.boot.web.servlet.context.ServletWebServerApplicationContext.getServletContextInitializerBeans(ServletWebServerApplicationContext.java:261)
	at org.springframework.boot.web.servlet.context.ServletWebServerApplicationContext.selfInitialize(ServletWebServerApplicationContext.java:234)
	at org.springframework.boot.web.embedded.tomcat.TomcatStarter.onStartup(TomcatStarter.java:54)
	at org.apache.catalina.core.StandardContext.startInternal(StandardContext.java:5125)
	at org.apache.catalina.util.LifecycleBase.start(LifecycleBase.java:183)
	at org.apache.catalina.core.ContainerBase$StartChild.call(ContainerBase.java:1377)
	at org.apache.catalina.core.ContainerBase$StartChild.call(ContainerBase.java:1367)
	at java.base/java.util.concurrent.FutureTask.run(FutureTask.java:264)
	at org.apache.tomcat.util.threads.InlineExecutorService.execute(InlineExecutorService.java:75)
	at java.base/java.util.concurrent.AbstractExecutorService.submit(AbstractExecutorService.java:145)
	at org.apache.catalina.core.ContainerBase.startInternal(ContainerBase.java:902)
	at org.apache.catalina.core.StandardHost.startInternal(StandardHost.java:831)
	at org.apache.catalina.util.LifecycleBase.start(LifecycleBase.java:183)
	at org.apache.catalina.core.ContainerBase$StartChild.call(ContainerBase.java:1377)
	at org.apache.catalina.core.ContainerBase$StartChild.call(ContainerBase.java:1367)
	at java.base/java.util.concurrent.FutureTask.run(FutureTask.java:264)
	at org.apache.tomcat.util.threads.InlineExecutorService.execute(InlineExecutorService.java:75)
	at java.base/java.util.concurrent.AbstractExecutorService.submit(AbstractExecutorService.java:145)
	at org.apache.catalina.core.ContainerBase.startInternal(ContainerBase.java:902)
	at org.apache.catalina.core.StandardEngine.startInternal(StandardEngine.java:262)
	at org.apache.catalina.util.LifecycleBase.start(LifecycleBase.java:183)
	at org.apache.catalina.core.StandardService.startInternal(StandardService.java:423)
	at org.apache.catalina.util.LifecycleBase.start(LifecycleBase.java:183)
	at org.apache.catalina.core.StandardServer.startInternal(StandardServer.java:928)
	at org.apache.catalina.util.LifecycleBase.start(LifecycleBase.java:183)
	at org.apache.catalina.startup.Tomcat.start(Tomcat.java:455)
	at org.springframework.boot.web.embedded.tomcat.TomcatWebServer.initialize(TomcatWebServer.java:106)
	at org.springframework.boot.web.embedded.tomcat.TomcatWebServer.<init>(TomcatWebServer.java:86)
	at org.springframework.boot.web.embedded.tomcat.TomcatServletWebServerFactory.getTomcatWebServer(TomcatServletWebServerFactory.java:415)
	at org.springframework.boot.web.embedded.tomcat.TomcatServletWebServerFactory.getWebServer(TomcatServletWebServerFactory.java:174)
	at org.springframework.boot.web.servlet.context.ServletWebServerApplicationContext.createWebServer(ServletWebServerApplicationContext.java:181)
	at org.springframework.boot.web.servlet.context.ServletWebServerApplicationContext.onRefresh(ServletWebServerApplicationContext.java:154)
	at org.springframework.context.support.AbstractApplicationContext.refresh(AbstractApplicationContext.java:543)
	at org.springframework.boot.web.servlet.context.ServletWebServerApplicationContext.refresh(ServletWebServerApplicationContext.java:142)
	at org.springframework.boot.SpringApplication.refresh(SpringApplication.java:775)
	at org.springframework.boot.SpringApplication.refreshContext(SpringApplication.java:397)
	at org.springframework.boot.SpringApplication.run(SpringApplication.java:316)
	at org.springframework.boot.SpringApplication.run(SpringApplication.java:1260)
	at org.springframework.boot.SpringApplication.run(SpringApplication.java:1248)
	at org.jeecg.JeecgApplication.main(JeecgApplication.java:24)
Caused by: java.net.ConnectException: Connection refused
	at java.base/sun.nio.ch.Net.connect0(Native Method)
	at java.base/sun.nio.ch.Net.connect(Net.java:576)
	at java.base/sun.nio.ch.Net.connect(Net.java:565)
	at java.base/sun.nio.ch.NioSocketImpl.connect(NioSocketImpl.java:588)
	at java.base/java.net.SocksSocketImpl.connect(SocksSocketImpl.java:333)
	at java.base/java.net.Socket.connect(Socket.java:645)
	at com.mysql.jdbc.StandardSocketFactory.connect(StandardSocketFactory.java:211)
	at com.mysql.jdbc.MysqlIO.<init>(MysqlIO.java:301)
	... 171 common frames omitted
2021-08-17 17:45:20.567 [main] INFO  com.alibaba.druid.pool.DruidDataSource:1003 - {dataSource-1,master} inited
2021-08-17 17:45:20.568 [main] ERROR c.b.dynamic.datasource.DynamicDataSourceCreator:244 - druid数据源启动失败
com.mysql.jdbc.exceptions.jdbc4.CommunicationsException: Communications link failure

The last packet sent successfully to the server was 0 milliseconds ago. The driver has not received any packets from the server.
	at java.base/jdk.internal.reflect.NativeConstructorAccessorImpl.newInstance0(Native Method)
	at java.base/jdk.internal.reflect.NativeConstructorAccessorImpl.newInstance(NativeConstructorAccessorImpl.java:78)
	at java.base/jdk.internal.reflect.DelegatingConstructorAccessorImpl.newInstance(DelegatingConstructorAccessorImpl.java:45)
	at java.base/java.lang.reflect.Constructor.newInstanceWithCaller(Constructor.java:499)
	at java.base/java.lang.reflect.Constructor.newInstance(Constructor.java:480)
	at com.mysql.jdbc.Util.handleNewInstance(Util.java:425)
	at com.mysql.jdbc.SQLError.createCommunicationsException(SQLError.java:990)
	at com.mysql.jdbc.MysqlIO.<init>(MysqlIO.java:342)
	at com.mysql.jdbc.ConnectionImpl.coreConnect(ConnectionImpl.java:2197)
	at com.mysql.jdbc.ConnectionImpl.connectOneTryOnly(ConnectionImpl.java:2230)
	at com.mysql.jdbc.ConnectionImpl.createNewIO(ConnectionImpl.java:2025)
	at com.mysql.jdbc.ConnectionImpl.<init>(ConnectionImpl.java:778)
	at com.mysql.jdbc.JDBC4Connection.<init>(JDBC4Connection.java:47)
	at java.base/jdk.internal.reflect.NativeConstructorAccessorImpl.newInstance0(Native Method)
	at java.base/jdk.internal.reflect.NativeConstructorAccessorImpl.newInstance(NativeConstructorAccessorImpl.java:78)
	at java.base/jdk.internal.reflect.DelegatingConstructorAccessorImpl.newInstance(DelegatingConstructorAccessorImpl.java:45)
	at java.base/java.lang.reflect.Constructor.newInstanceWithCaller(Constructor.java:499)
	at java.base/java.lang.reflect.Constructor.newInstance(Constructor.java:480)
	at com.mysql.jdbc.Util.handleNewInstance(Util.java:425)
	at com.mysql.jdbc.ConnectionImpl.getInstance(ConnectionImpl.java:386)
	at com.mysql.jdbc.NonRegisteringDriver.connect(NonRegisteringDriver.java:330)
	at com.alibaba.druid.filter.FilterChainImpl.connection_connect(FilterChainImpl.java:156)
	at com.alibaba.druid.filter.FilterAdapter.connection_connect(FilterAdapter.java:787)
	at com.alibaba.druid.filter.FilterEventAdapter.connection_connect(FilterEventAdapter.java:38)
	at com.alibaba.druid.filter.FilterChainImpl.connection_connect(FilterChainImpl.java:150)
	at com.alibaba.druid.filter.FilterAdapter.connection_connect(FilterAdapter.java:787)
	at com.alibaba.druid.filter.FilterChainImpl.connection_connect(FilterChainImpl.java:150)
	at com.alibaba.druid.filter.stat.StatFilter.connection_connect(StatFilter.java:218)
	at com.alibaba.druid.filter.FilterChainImpl.connection_connect(FilterChainImpl.java:150)
	at com.alibaba.druid.pool.DruidAbstractDataSource.createPhysicalConnection(DruidAbstractDataSource.java:1598)
	at com.alibaba.druid.pool.DruidAbstractDataSource.createPhysicalConnection(DruidAbstractDataSource.java:1662)
	at com.alibaba.druid.pool.DruidDataSource.init(DruidDataSource.java:932)
	at com.baomidou.dynamic.datasource.DynamicDataSourceCreator.createDruidDataSource(DynamicDataSourceCreator.java:242)
	at com.baomidou.dynamic.datasource.DynamicDataSourceCreator.createDataSource(DynamicDataSourceCreator.java:139)
	at com.baomidou.dynamic.datasource.provider.YmlDynamicDataSourceProvider.loadDataSources(YmlDynamicDataSourceProvider.java:59)
	at com.baomidou.dynamic.datasource.DynamicRoutingDataSource.afterPropertiesSet(DynamicRoutingDataSource.java:202)
	at org.springframework.beans.factory.support.AbstractAutowireCapableBeanFactory.invokeInitMethods(AbstractAutowireCapableBeanFactory.java:1821)
	at org.springframework.beans.factory.support.AbstractAutowireCapableBeanFactory.initializeBean(AbstractAutowireCapableBeanFactory.java:1758)
	at org.springframework.beans.factory.support.AbstractAutowireCapableBeanFactory.doCreateBean(AbstractAutowireCapableBeanFactory.java:593)
	at org.springframework.beans.factory.support.AbstractAutowireCapableBeanFactory.createBean(AbstractAutowireCapableBeanFactory.java:515)
	at org.springframework.beans.factory.support.AbstractBeanFactory.lambda$doGetBean$0(AbstractBeanFactory.java:320)
	at org.springframework.beans.factory.support.DefaultSingletonBeanRegistry.getSingleton(DefaultSingletonBeanRegistry.java:222)
	at org.springframework.beans.factory.support.AbstractBeanFactory.doGetBean(AbstractBeanFactory.java:318)
	at org.springframework.beans.factory.support.AbstractBeanFactory.getBean(AbstractBeanFactory.java:199)
	at org.springframework.beans.factory.config.DependencyDescriptor.resolveCandidate(DependencyDescriptor.java:277)
	at org.springframework.beans.factory.support.DefaultListableBeanFactory.addCandidateEntry(DefaultListableBeanFactory.java:1463)
	at org.springframework.beans.factory.support.DefaultListableBeanFactory.findAutowireCandidates(DefaultListableBeanFactory.java:1427)
	at org.springframework.beans.factory.support.DefaultListableBeanFactory.resolveMultipleBeans(DefaultListableBeanFactory.java:1346)
	at org.springframework.beans.factory.support.DefaultListableBeanFactory.doResolveDependency(DefaultListableBeanFactory.java:1205)
	at org.springframework.beans.factory.support.DefaultListableBeanFactory.resolveDependency(DefaultListableBeanFactory.java:1167)
	at org.springframework.beans.factory.support.ConstructorResolver.resolveAutowiredArgument(ConstructorResolver.java:857)
	at org.springframework.beans.factory.support.ConstructorResolver.createArgumentArray(ConstructorResolver.java:760)
	at org.springframework.beans.factory.support.ConstructorResolver.autowireConstructor(ConstructorResolver.java:218)
	at org.springframework.beans.factory.support.AbstractAutowireCapableBeanFactory.autowireConstructor(AbstractAutowireCapableBeanFactory.java:1325)
	at org.springframework.beans.factory.support.AbstractAutowireCapableBeanFactory.createBeanInstance(AbstractAutowireCapableBeanFactory.java:1171)
	at org.springframework.beans.factory.support.AbstractAutowireCapableBeanFactory.doCreateBean(AbstractAutowireCapableBeanFactory.java:555)
	at org.springframework.beans.factory.support.AbstractAutowireCapableBeanFactory.createBean(AbstractAutowireCapableBeanFactory.java:515)
	at org.springframework.beans.factory.support.AbstractBeanFactory.lambda$doGetBean$0(AbstractBeanFactory.java:320)
	at org.springframework.beans.factory.support.DefaultSingletonBeanRegistry.getSingleton(DefaultSingletonBeanRegistry.java:222)
	at org.springframework.beans.factory.support.AbstractBeanFactory.doGetBean(AbstractBeanFactory.java:318)
	at org.springframework.beans.factory.support.AbstractBeanFactory.getBean(AbstractBeanFactory.java:199)
	at org.springframework.beans.factory.support.ConstructorResolver.instantiateUsingFactoryMethod(ConstructorResolver.java:392)
	at org.springframework.beans.factory.support.AbstractAutowireCapableBeanFactory.instantiateUsingFactoryMethod(AbstractAutowireCapableBeanFactory.java:1305)
	at org.springframework.beans.factory.support.AbstractAutowireCapableBeanFactory.createBeanInstance(AbstractAutowireCapableBeanFactory.java:1144)
	at org.springframework.beans.factory.support.AbstractAutowireCapableBeanFactory.doCreateBean(AbstractAutowireCapableBeanFactory.java:555)
	at org.springframework.beans.factory.support.AbstractAutowireCapableBeanFactory.createBean(AbstractAutowireCapableBeanFactory.java:515)
	at org.springframework.beans.factory.support.AbstractBeanFactory.lambda$doGetBean$0(AbstractBeanFactory.java:320)
	at org.springframework.beans.factory.support.DefaultSingletonBeanRegistry.getSingleton(DefaultSingletonBeanRegistry.java:222)
	at org.springframework.beans.factory.support.AbstractBeanFactory.doGetBean(AbstractBeanFactory.java:318)
	at org.springframework.beans.factory.support.AbstractBeanFactory.getBean(AbstractBeanFactory.java:199)
	at org.springframework.beans.factory.support.DefaultListableBeanFactory.getBeansOfType(DefaultListableBeanFactory.java:602)
	at org.springframework.beans.factory.support.DefaultListableBeanFactory.getBeansOfType(DefaultListableBeanFactory.java:590)
	at org.springframework.context.support.AbstractApplicationContext.getBeansOfType(AbstractApplicationContext.java:1226)
	at org.springframework.boot.actuate.autoconfigure.health.HealthIndicatorRegistryBeans.get(HealthIndicatorRegistryBeans.java:42)
	at org.springframework.boot.actuate.autoconfigure.health.HealthIndicatorAutoConfiguration.healthIndicatorRegistry(HealthIndicatorAutoConfiguration.java:78)
	at org.springframework.boot.actuate.autoconfigure.health.HealthIndicatorAutoConfiguration$$EnhancerBySpringCGLIB$$1df769a0.CGLIB$healthIndicatorRegistry$2(<generated>)
	at org.springframework.boot.actuate.autoconfigure.health.HealthIndicatorAutoConfiguration$$EnhancerBySpringCGLIB$$1df769a0$$FastClassBySpringCGLIB$$8f4905b4.invoke(<generated>)
	at org.springframework.cglib.proxy.MethodProxy.invokeSuper(MethodProxy.java:244)
	at org.springframework.context.annotation.ConfigurationClassEnhancer$BeanMethodInterceptor.intercept(ConfigurationClassEnhancer.java:363)
	at org.springframework.boot.actuate.autoconfigure.health.HealthIndicatorAutoConfiguration$$EnhancerBySpringCGLIB$$1df769a0.healthIndicatorRegistry(<generated>)
	at java.base/jdk.internal.reflect.NativeMethodAccessorImpl.invoke0(Native Method)
	at java.base/jdk.internal.reflect.NativeMethodAccessorImpl.invoke(NativeMethodAccessorImpl.java:78)
	at java.base/jdk.internal.reflect.DelegatingMethodAccessorImpl.invoke(DelegatingMethodAccessorImpl.java:43)
	at java.base/java.lang.reflect.Method.invoke(Method.java:567)
	at org.springframework.beans.factory.support.SimpleInstantiationStrategy.instantiate(SimpleInstantiationStrategy.java:154)
	at org.springframework.beans.factory.support.ConstructorResolver.instantiate(ConstructorResolver.java:622)
	at org.springframework.beans.factory.support.ConstructorResolver.instantiateUsingFactoryMethod(ConstructorResolver.java:607)
	at org.springframework.beans.factory.support.AbstractAutowireCapableBeanFactory.instantiateUsingFactoryMethod(AbstractAutowireCapableBeanFactory.java:1305)
	at org.springframework.beans.factory.support.AbstractAutowireCapableBeanFactory.createBeanInstance(AbstractAutowireCapableBeanFactory.java:1144)
	at org.springframework.beans.factory.support.AbstractAutowireCapableBeanFactory.doCreateBean(AbstractAutowireCapableBeanFactory.java:555)
	at org.springframework.beans.factory.support.AbstractAutowireCapableBeanFactory.createBean(AbstractAutowireCapableBeanFactory.java:515)
	at org.springframework.beans.factory.support.AbstractBeanFactory.lambda$doGetBean$0(AbstractBeanFactory.java:320)
	at org.springframework.beans.factory.support.DefaultSingletonBeanRegistry.getSingleton(DefaultSingletonBeanRegistry.java:222)
	at org.springframework.beans.factory.support.AbstractBeanFactory.doGetBean(AbstractBeanFactory.java:318)
	at org.springframework.beans.factory.support.AbstractBeanFactory.getBean(AbstractBeanFactory.java:199)
	at org.springframework.beans.factory.config.DependencyDescriptor.resolveCandidate(DependencyDescriptor.java:277)
	at org.springframework.beans.factory.support.DefaultListableBeanFactory.doResolveDependency(DefaultListableBeanFactory.java:1247)
	at org.springframework.beans.factory.support.DefaultListableBeanFactory.resolveDependency(DefaultListableBeanFactory.java:1167)
	at org.springframework.beans.factory.support.ConstructorResolver.resolveAutowiredArgument(ConstructorResolver.java:857)
	at org.springframework.beans.factory.support.ConstructorResolver.createArgumentArray(ConstructorResolver.java:760)
	at org.springframework.beans.factory.support.ConstructorResolver.instantiateUsingFactoryMethod(ConstructorResolver.java:509)
	at org.springframework.beans.factory.support.AbstractAutowireCapableBeanFactory.instantiateUsingFactoryMethod(AbstractAutowireCapableBeanFactory.java:1305)
	at org.springframework.beans.factory.support.AbstractAutowireCapableBeanFactory.createBeanInstance(AbstractAutowireCapableBeanFactory.java:1144)
	at org.springframework.beans.factory.support.AbstractAutowireCapableBeanFactory.doCreateBean(AbstractAutowireCapableBeanFactory.java:555)
	at org.springframework.beans.factory.support.AbstractAutowireCapableBeanFactory.createBean(AbstractAutowireCapableBeanFactory.java:515)
	at org.springframework.beans.factory.support.AbstractBeanFactory.lambda$doGetBean$0(AbstractBeanFactory.java:320)
	at org.springframework.beans.factory.support.DefaultSingletonBeanRegistry.getSingleton(DefaultSingletonBeanRegistry.java:222)
	at org.springframework.beans.factory.support.AbstractBeanFactory.doGetBean(AbstractBeanFactory.java:318)
	at org.springframework.beans.factory.support.AbstractBeanFactory.getBean(AbstractBeanFactory.java:199)
	at org.springframework.context.support.AbstractApplicationContext.getBean(AbstractApplicationContext.java:1105)
	at org.springframework.boot.actuate.endpoint.annotation.EndpointDiscoverer.createEndpointBean(EndpointDiscoverer.java:149)
	at org.springframework.boot.actuate.endpoint.annotation.EndpointDiscoverer.createEndpointBeans(EndpointDiscoverer.java:136)
	at org.springframework.boot.actuate.endpoint.annotation.EndpointDiscoverer.discoverEndpoints(EndpointDiscoverer.java:125)
	at org.springframework.boot.actuate.endpoint.annotation.EndpointDiscoverer.getEndpoints(EndpointDiscoverer.java:119)
	at org.springframework.boot.actuate.autoconfigure.endpoint.web.ServletEndpointManagementContextConfiguration$WebMvcServletEndpointManagementContextConfiguration.servletEndpointRegistrar(ServletEndpointManagementContextConfiguration.java:76)
	at org.springframework.boot.actuate.autoconfigure.endpoint.web.ServletEndpointManagementContextConfiguration$WebMvcServletEndpointManagementContextConfiguration$$EnhancerBySpringCGLIB$$caa9a5bb.CGLIB$servletEndpointRegistrar$0(<generated>)
	at org.springframework.boot.actuate.autoconfigure.endpoint.web.ServletEndpointManagementContextConfiguration$WebMvcServletEndpointManagementContextConfiguration$$EnhancerBySpringCGLIB$$caa9a5bb$$FastClassBySpringCGLIB$$da39784d.invoke(<generated>)
	at org.springframework.cglib.proxy.MethodProxy.invokeSuper(MethodProxy.java:244)
	at org.springframework.context.annotation.ConfigurationClassEnhancer$BeanMethodInterceptor.intercept(ConfigurationClassEnhancer.java:363)
	at org.springframework.boot.actuate.autoconfigure.endpoint.web.ServletEndpointManagementContextConfiguration$WebMvcServletEndpointManagementContextConfiguration$$EnhancerBySpringCGLIB$$caa9a5bb.servletEndpointRegistrar(<generated>)
	at java.base/jdk.internal.reflect.NativeMethodAccessorImpl.invoke0(Native Method)
	at java.base/jdk.internal.reflect.NativeMethodAccessorImpl.invoke(NativeMethodAccessorImpl.java:78)
	at java.base/jdk.internal.reflect.DelegatingMethodAccessorImpl.invoke(DelegatingMethodAccessorImpl.java:43)
	at java.base/java.lang.reflect.Method.invoke(Method.java:567)
	at org.springframework.beans.factory.support.SimpleInstantiationStrategy.instantiate(SimpleInstantiationStrategy.java:154)
	at org.springframework.beans.factory.support.ConstructorResolver.instantiate(ConstructorResolver.java:622)
	at org.springframework.beans.factory.support.ConstructorResolver.instantiateUsingFactoryMethod(ConstructorResolver.java:607)
	at org.springframework.beans.factory.support.AbstractAutowireCapableBeanFactory.instantiateUsingFactoryMethod(AbstractAutowireCapableBeanFactory.java:1305)
	at org.springframework.beans.factory.support.AbstractAutowireCapableBeanFactory.createBeanInstance(AbstractAutowireCapableBeanFactory.java:1144)
	at org.springframework.beans.factory.support.AbstractAutowireCapableBeanFactory.doCreateBean(AbstractAutowireCapableBeanFactory.java:555)
	at org.springframework.beans.factory.support.AbstractAutowireCapableBeanFactory.createBean(AbstractAutowireCapableBeanFactory.java:515)
	at org.springframework.beans.factory.support.AbstractBeanFactory.lambda$doGetBean$0(AbstractBeanFactory.java:320)
	at org.springframework.beans.factory.support.DefaultSingletonBeanRegistry.getSingleton(DefaultSingletonBeanRegistry.java:222)
	at org.springframework.beans.factory.support.AbstractBeanFactory.doGetBean(AbstractBeanFactory.java:318)
	at org.springframework.beans.factory.support.AbstractBeanFactory.getBean(AbstractBeanFactory.java:204)
	at org.springframework.boot.web.servlet.ServletContextInitializerBeans.getOrderedBeansOfType(ServletContextInitializerBeans.java:235)
	at org.springframework.boot.web.servlet.ServletContextInitializerBeans.getOrderedBeansOfType(ServletContextInitializerBeans.java:226)
	at org.springframework.boot.web.servlet.ServletContextInitializerBeans.addServletContextInitializerBeans(ServletContextInitializerBeans.java:101)
	at org.springframework.boot.web.servlet.ServletContextInitializerBeans.<init>(ServletContextInitializerBeans.java:88)
	at org.springframework.boot.web.servlet.context.ServletWebServerApplicationContext.getServletContextInitializerBeans(ServletWebServerApplicationContext.java:261)
	at org.springframework.boot.web.servlet.context.ServletWebServerApplicationContext.selfInitialize(ServletWebServerApplicationContext.java:234)
	at org.springframework.boot.web.embedded.tomcat.TomcatStarter.onStartup(TomcatStarter.java:54)
	at org.apache.catalina.core.StandardContext.startInternal(StandardContext.java:5125)
	at org.apache.catalina.util.LifecycleBase.start(LifecycleBase.java:183)
	at org.apache.catalina.core.ContainerBase$StartChild.call(ContainerBase.java:1377)
	at org.apache.catalina.core.ContainerBase$StartChild.call(ContainerBase.java:1367)
	at java.base/java.util.concurrent.FutureTask.run(FutureTask.java:264)
	at org.apache.tomcat.util.threads.InlineExecutorService.execute(InlineExecutorService.java:75)
	at java.base/java.util.concurrent.AbstractExecutorService.submit(AbstractExecutorService.java:145)
	at org.apache.catalina.core.ContainerBase.startInternal(ContainerBase.java:902)
	at org.apache.catalina.core.StandardHost.startInternal(StandardHost.java:831)
	at org.apache.catalina.util.LifecycleBase.start(LifecycleBase.java:183)
	at org.apache.catalina.core.ContainerBase$StartChild.call(ContainerBase.java:1377)
	at org.apache.catalina.core.ContainerBase$StartChild.call(ContainerBase.java:1367)
	at java.base/java.util.concurrent.FutureTask.run(FutureTask.java:264)
	at org.apache.tomcat.util.threads.InlineExecutorService.execute(InlineExecutorService.java:75)
	at java.base/java.util.concurrent.AbstractExecutorService.submit(AbstractExecutorService.java:145)
	at org.apache.catalina.core.ContainerBase.startInternal(ContainerBase.java:902)
	at org.apache.catalina.core.StandardEngine.startInternal(StandardEngine.java:262)
	at org.apache.catalina.util.LifecycleBase.start(LifecycleBase.java:183)
	at org.apache.catalina.core.StandardService.startInternal(StandardService.java:423)
	at org.apache.catalina.util.LifecycleBase.start(LifecycleBase.java:183)
	at org.apache.catalina.core.StandardServer.startInternal(StandardServer.java:928)
	at org.apache.catalina.util.LifecycleBase.start(LifecycleBase.java:183)
	at org.apache.catalina.startup.Tomcat.start(Tomcat.java:455)
	at org.springframework.boot.web.embedded.tomcat.TomcatWebServer.initialize(TomcatWebServer.java:106)
	at org.springframework.boot.web.embedded.tomcat.TomcatWebServer.<init>(TomcatWebServer.java:86)
	at org.springframework.boot.web.embedded.tomcat.TomcatServletWebServerFactory.getTomcatWebServer(TomcatServletWebServerFactory.java:415)
	at org.springframework.boot.web.embedded.tomcat.TomcatServletWebServerFactory.getWebServer(TomcatServletWebServerFactory.java:174)
	at org.springframework.boot.web.servlet.context.ServletWebServerApplicationContext.createWebServer(ServletWebServerApplicationContext.java:181)
	at org.springframework.boot.web.servlet.context.ServletWebServerApplicationContext.onRefresh(ServletWebServerApplicationContext.java:154)
	at org.springframework.context.support.AbstractApplicationContext.refresh(AbstractApplicationContext.java:543)
	at org.springframework.boot.web.servlet.context.ServletWebServerApplicationContext.refresh(ServletWebServerApplicationContext.java:142)
	at org.springframework.boot.SpringApplication.refresh(SpringApplication.java:775)
	at org.springframework.boot.SpringApplication.refreshContext(SpringApplication.java:397)
	at org.springframework.boot.SpringApplication.run(SpringApplication.java:316)
	at org.springframework.boot.SpringApplication.run(SpringApplication.java:1260)
	at org.springframework.boot.SpringApplication.run(SpringApplication.java:1248)
	at org.jeecg.JeecgApplication.main(JeecgApplication.java:24)
Caused by: java.net.ConnectException: Connection refused
	at java.base/sun.nio.ch.Net.connect0(Native Method)
	at java.base/sun.nio.ch.Net.connect(Net.java:576)
	at java.base/sun.nio.ch.Net.connect(Net.java:565)
	at java.base/sun.nio.ch.NioSocketImpl.connect(NioSocketImpl.java:588)
	at java.base/java.net.SocksSocketImpl.connect(SocksSocketImpl.java:333)
	at java.base/java.net.Socket.connect(Socket.java:645)
	at com.mysql.jdbc.StandardSocketFactory.connect(StandardSocketFactory.java:211)
	at com.mysql.jdbc.MysqlIO.<init>(MysqlIO.java:301)
	... 171 common frames omitted
2021-08-17 17:45:20.850 [main] INFO  c.b.dynamic.datasource.DynamicRoutingDataSource:203 - 初始共加载 1 个数据源
2021-08-17 17:45:20.851 [main] INFO  c.b.dynamic.datasource.DynamicRoutingDataSource:142 - 动态数据源-加载 master 成功
2021-08-17 17:45:20.852 [main] INFO  c.b.dynamic.datasource.DynamicRoutingDataSource:212 - 当前的默认数据源是单数据源，数据源名为 master
2021-08-17 17:45:21.570 [Druid-ConnectionPool-Create-395229891] ERROR com.alibaba.druid.pool.DruidDataSource:2699 - create connection SQLException, url: jdbc:mysql://127.0.0.1:3306/teachingopen?characterEncoding=UTF-8&useUnicode=true&useSSL=false&tinyInt1isBit=false, errorCode 0, state 08S01
com.mysql.jdbc.exceptions.jdbc4.CommunicationsException: Communications link failure

The last packet sent successfully to the server was 0 milliseconds ago. The driver has not received any packets from the server.
	at java.base/jdk.internal.reflect.NativeConstructorAccessorImpl.newInstance0(Native Method)
	at java.base/jdk.internal.reflect.NativeConstructorAccessorImpl.newInstance(NativeConstructorAccessorImpl.java:78)
	at java.base/jdk.internal.reflect.DelegatingConstructorAccessorImpl.newInstance(DelegatingConstructorAccessorImpl.java:45)
	at java.base/java.lang.reflect.Constructor.newInstanceWithCaller(Constructor.java:499)
	at java.base/java.lang.reflect.Constructor.newInstance(Constructor.java:480)
	at com.mysql.jdbc.Util.handleNewInstance(Util.java:425)
	at com.mysql.jdbc.SQLError.createCommunicationsException(SQLError.java:990)
	at com.mysql.jdbc.MysqlIO.<init>(MysqlIO.java:342)
	at com.mysql.jdbc.ConnectionImpl.coreConnect(ConnectionImpl.java:2197)
	at com.mysql.jdbc.ConnectionImpl.connectOneTryOnly(ConnectionImpl.java:2230)
	at com.mysql.jdbc.ConnectionImpl.createNewIO(ConnectionImpl.java:2025)
	at com.mysql.jdbc.ConnectionImpl.<init>(ConnectionImpl.java:778)
	at com.mysql.jdbc.JDBC4Connection.<init>(JDBC4Connection.java:47)
	at java.base/jdk.internal.reflect.NativeConstructorAccessorImpl.newInstance0(Native Method)
	at java.base/jdk.internal.reflect.NativeConstructorAccessorImpl.newInstance(NativeConstructorAccessorImpl.java:78)
	at java.base/jdk.internal.reflect.DelegatingConstructorAccessorImpl.newInstance(DelegatingConstructorAccessorImpl.java:45)
	at java.base/java.lang.reflect.Constructor.newInstanceWithCaller(Constructor.java:499)
	at java.base/java.lang.reflect.Constructor.newInstance(Constructor.java:480)
	at com.mysql.jdbc.Util.handleNewInstance(Util.java:425)
	at com.mysql.jdbc.ConnectionImpl.getInstance(ConnectionImpl.java:386)
	at com.mysql.jdbc.NonRegisteringDriver.connect(NonRegisteringDriver.java:330)
	at com.alibaba.druid.filter.FilterChainImpl.connection_connect(FilterChainImpl.java:156)
	at com.alibaba.druid.filter.FilterAdapter.connection_connect(FilterAdapter.java:787)
	at com.alibaba.druid.filter.FilterEventAdapter.connection_connect(FilterEventAdapter.java:38)
	at com.alibaba.druid.filter.FilterChainImpl.connection_connect(FilterChainImpl.java:150)
	at com.alibaba.druid.filter.FilterAdapter.connection_connect(FilterAdapter.java:787)
	at com.alibaba.druid.filter.FilterChainImpl.connection_connect(FilterChainImpl.java:150)
	at com.alibaba.druid.filter.stat.StatFilter.connection_connect(StatFilter.java:218)
	at com.alibaba.druid.filter.FilterChainImpl.connection_connect(FilterChainImpl.java:150)
	at com.alibaba.druid.pool.DruidAbstractDataSource.createPhysicalConnection(DruidAbstractDataSource.java:1598)
	at com.alibaba.druid.pool.DruidAbstractDataSource.createPhysicalConnection(DruidAbstractDataSource.java:1662)
	at com.alibaba.druid.pool.DruidDataSource$CreateConnectionThread.run(DruidDataSource.java:2697)
Caused by: java.net.ConnectException: Connection refused
	at java.base/sun.nio.ch.Net.connect0(Native Method)
	at java.base/sun.nio.ch.Net.connect(Net.java:576)
	at java.base/sun.nio.ch.Net.connect(Net.java:565)
	at java.base/sun.nio.ch.NioSocketImpl.connect(NioSocketImpl.java:588)
	at java.base/java.net.SocksSocketImpl.connect(SocksSocketImpl.java:333)
	at java.base/java.net.Socket.connect(Socket.java:645)
	at com.mysql.jdbc.StandardSocketFactory.connect(StandardSocketFactory.java:211)
	at com.mysql.jdbc.MysqlIO.<init>(MysqlIO.java:301)
	... 24 common frames omitted
2021-08-17 17:45:22.618 [Druid-ConnectionPool-Create-395229891] ERROR com.alibaba.druid.pool.DruidDataSource:2699 - create connection SQLException, url: jdbc:mysql://127.0.0.1:3306/teachingopen?characterEncoding=UTF-8&useUnicode=true&useSSL=false&tinyInt1isBit=false, errorCode 0, state 08S01
com.mysql.jdbc.exceptions.jdbc4.CommunicationsException: Communications link failure

The last packet sent successfully to the server was 0 milliseconds ago. The driver has not received any packets from the server.
	at java.base/jdk.internal.reflect.NativeConstructorAccessorImpl.newInstance0(Native Method)
	at java.base/jdk.internal.reflect.NativeConstructorAccessorImpl.newInstance(NativeConstructorAccessorImpl.java:78)
	at java.base/jdk.internal.reflect.DelegatingConstructorAccessorImpl.newInstance(DelegatingConstructorAccessorImpl.java:45)
	at java.base/java.lang.reflect.Constructor.newInstanceWithCaller(Constructor.java:499)
	at java.base/java.lang.reflect.Constructor.newInstance(Constructor.java:480)
	at com.mysql.jdbc.Util.handleNewInstance(Util.java:425)
	at com.mysql.jdbc.SQLError.createCommunicationsException(SQLError.java:990)
	at com.mysql.jdbc.MysqlIO.<init>(MysqlIO.java:342)
	at com.mysql.jdbc.ConnectionImpl.coreConnect(ConnectionImpl.java:2197)
	at com.mysql.jdbc.ConnectionImpl.connectOneTryOnly(ConnectionImpl.java:2230)
	at com.mysql.jdbc.ConnectionImpl.createNewIO(ConnectionImpl.java:2025)
	at com.mysql.jdbc.ConnectionImpl.<init>(ConnectionImpl.java:778)
	at com.mysql.jdbc.JDBC4Connection.<init>(JDBC4Connection.java:47)
	at java.base/jdk.internal.reflect.NativeConstructorAccessorImpl.newInstance0(Native Method)
	at java.base/jdk.internal.reflect.NativeConstructorAccessorImpl.newInstance(NativeConstructorAccessorImpl.java:78)
	at java.base/jdk.internal.reflect.DelegatingConstructorAccessorImpl.newInstance(DelegatingConstructorAccessorImpl.java:45)
	at java.base/java.lang.reflect.Constructor.newInstanceWithCaller(Constructor.java:499)
	at java.base/java.lang.reflect.Constructor.newInstance(Constructor.java:480)
	at com.mysql.jdbc.Util.handleNewInstance(Util.java:425)
	at com.mysql.jdbc.ConnectionImpl.getInstance(ConnectionImpl.java:386)
	at com.mysql.jdbc.NonRegisteringDriver.connect(NonRegisteringDriver.java:330)
	at com.alibaba.druid.filter.FilterChainImpl.connection_connect(FilterChainImpl.java:156)
	at com.alibaba.druid.filter.FilterAdapter.connection_connect(FilterAdapter.java:787)
	at com.alibaba.druid.filter.FilterEventAdapter.connection_connect(FilterEventAdapter.java:38)
	at com.alibaba.druid.filter.FilterChainImpl.connection_connect(FilterChainImpl.java:150)
	at com.alibaba.druid.filter.FilterAdapter.connection_connect(FilterAdapter.java:787)
	at com.alibaba.druid.filter.FilterChainImpl.connection_connect(FilterChainImpl.java:150)
	at com.alibaba.druid.filter.stat.StatFilter.connection_connect(StatFilter.java:218)
	at com.alibaba.druid.filter.FilterChainImpl.connection_connect(FilterChainImpl.java:150)
	at com.alibaba.druid.pool.DruidAbstractDataSource.createPhysicalConnection(DruidAbstractDataSource.java:1598)
	at com.alibaba.druid.pool.DruidAbstractDataSource.createPhysicalConnection(DruidAbstractDataSource.java:1662)
	at com.alibaba.druid.pool.DruidDataSource$CreateConnectionThread.run(DruidDataSource.java:2697)
Caused by: java.net.ConnectException: Connection refused
	at java.base/sun.nio.ch.Net.connect0(Native Method)
	at java.base/sun.nio.ch.Net.connect(Net.java:576)
	at java.base/sun.nio.ch.Net.connect(Net.java:565)
	at java.base/sun.nio.ch.NioSocketImpl.connect(NioSocketImpl.java:588)
	at java.base/java.net.SocksSocketImpl.connect(SocksSocketImpl.java:333)
	at java.base/java.net.Socket.connect(Socket.java:645)
	at com.mysql.jdbc.StandardSocketFactory.connect(StandardSocketFactory.java:211)
	at com.mysql.jdbc.MysqlIO.<init>(MysqlIO.java:301)
	... 24 common frames omitted
2021-08-17 17:45:22.661 [Druid-ConnectionPool-Create-395229891] INFO  com.alibaba.druid.pool.DruidAbstractDataSource:1743 - {dataSource-1} failContinuous is true
2021-08-17 17:45:24.170 [Druid-ConnectionPool-Create-395229891] ERROR com.alibaba.druid.pool.DruidDataSource:2699 - create connection SQLException, url: jdbc:mysql://127.0.0.1:3306/teachingopen?characterEncoding=UTF-8&useUnicode=true&useSSL=false&tinyInt1isBit=false, errorCode 0, state 08S01
com.mysql.jdbc.exceptions.jdbc4.CommunicationsException: Communications link failure

The last packet sent successfully to the server was 0 milliseconds ago. The driver has not received any packets from the server.
	at java.base/jdk.internal.reflect.NativeConstructorAccessorImpl.newInstance0(Native Method)
	at java.base/jdk.internal.reflect.NativeConstructorAccessorImpl.newInstance(NativeConstructorAccessorImpl.java:78)
	at java.base/jdk.internal.reflect.DelegatingConstructorAccessorImpl.newInstance(DelegatingConstructorAccessorImpl.java:45)
	at java.base/java.lang.reflect.Constructor.newInstanceWithCaller(Constructor.java:499)
	at java.base/java.lang.reflect.Constructor.newInstance(Constructor.java:480)
	at com.mysql.jdbc.Util.handleNewInstance(Util.java:425)
	at com.mysql.jdbc.SQLError.createCommunicationsException(SQLError.java:990)
	at com.mysql.jdbc.MysqlIO.<init>(MysqlIO.java:342)
	at com.mysql.jdbc.ConnectionImpl.coreConnect(ConnectionImpl.java:2197)
	at com.mysql.jdbc.ConnectionImpl.connectOneTryOnly(ConnectionImpl.java:2230)
	at com.mysql.jdbc.ConnectionImpl.createNewIO(ConnectionImpl.java:2025)
	at com.mysql.jdbc.ConnectionImpl.<init>(ConnectionImpl.java:778)
	at com.mysql.jdbc.JDBC4Connection.<init>(JDBC4Connection.java:47)
	at java.base/jdk.internal.reflect.NativeConstructorAccessorImpl.newInstance0(Native Method)
	at java.base/jdk.internal.reflect.NativeConstructorAccessorImpl.newInstance(NativeConstructorAccessorImpl.java:78)
	at java.base/jdk.internal.reflect.DelegatingConstructorAccessorImpl.newInstance(DelegatingConstructorAccessorImpl.java:45)
	at java.base/java.lang.reflect.Constructor.newInstanceWithCaller(Constructor.java:499)
	at java.base/java.lang.reflect.Constructor.newInstance(Constructor.java:480)
	at com.mysql.jdbc.Util.handleNewInstance(Util.java:425)
	at com.mysql.jdbc.ConnectionImpl.getInstance(ConnectionImpl.java:386)
	at com.mysql.jdbc.NonRegisteringDriver.connect(NonRegisteringDriver.java:330)
	at com.alibaba.druid.filter.FilterChainImpl.connection_connect(FilterChainImpl.java:156)
	at com.alibaba.druid.filter.FilterAdapter.connection_connect(FilterAdapter.java:787)
	at com.alibaba.druid.filter.FilterEventAdapter.connection_connect(FilterEventAdapter.java:38)
	at com.alibaba.druid.filter.FilterChainImpl.connection_connect(FilterChainImpl.java:150)
	at com.alibaba.druid.filter.FilterAdapter.connection_connect(FilterAdapter.java:787)
	at com.alibaba.druid.filter.FilterChainImpl.connection_connect(FilterChainImpl.java:150)
	at com.alibaba.druid.filter.stat.StatFilter.connection_connect(StatFilter.java:218)
	at com.alibaba.druid.filter.FilterChainImpl.connection_connect(FilterChainImpl.java:150)
	at com.alibaba.druid.pool.DruidAbstractDataSource.createPhysicalConnection(DruidAbstractDataSource.java:1598)
	at com.alibaba.druid.pool.DruidAbstractDataSource.createPhysicalConnection(DruidAbstractDataSource.java:1662)
	at com.alibaba.druid.pool.DruidDataSource$CreateConnectionThread.run(DruidDataSource.java:2697)
Caused by: java.net.ConnectException: Connection refused
	at java.base/sun.nio.ch.Net.connect0(Native Method)
	at java.base/sun.nio.ch.Net.connect(Net.java:576)
	at java.base/sun.nio.ch.Net.connect(Net.java:565)
	at java.base/sun.nio.ch.NioSocketImpl.connect(NioSocketImpl.java:588)
	at java.base/java.net.SocksSocketImpl.connect(SocksSocketImpl.java:333)
	at java.base/java.net.Socket.connect(Socket.java:645)
	at com.mysql.jdbc.StandardSocketFactory.connect(StandardSocketFactory.java:211)
	at com.mysql.jdbc.MysqlIO.<init>(MysqlIO.java:301)
	... 24 common frames omitted
2021-08-17 17:45:25.721 [Druid-ConnectionPool-Create-395229891] ERROR com.alibaba.druid.pool.DruidDataSource:2699 - create connection SQLException, url: jdbc:mysql://127.0.0.1:3306/teachingopen?characterEncoding=UTF-8&useUnicode=true&useSSL=false&tinyInt1isBit=false, errorCode 0, state 08S01
com.mysql.jdbc.exceptions.jdbc4.CommunicationsException: Communications link failure

The last packet sent successfully to the server was 0 milliseconds ago. The driver has not received any packets from the server.
	at java.base/jdk.internal.reflect.NativeConstructorAccessorImpl.newInstance0(Native Method)
	at java.base/jdk.internal.reflect.NativeConstructorAccessorImpl.newInstance(NativeConstructorAccessorImpl.java:78)
	at java.base/jdk.internal.reflect.DelegatingConstructorAccessorImpl.newInstance(DelegatingConstructorAccessorImpl.java:45)
	at java.base/java.lang.reflect.Constructor.newInstanceWithCaller(Constructor.java:499)
	at java.base/java.lang.reflect.Constructor.newInstance(Constructor.java:480)
	at com.mysql.jdbc.Util.handleNewInstance(Util.java:425)
	at com.mysql.jdbc.SQLError.createCommunicationsException(SQLError.java:990)
	at com.mysql.jdbc.MysqlIO.<init>(MysqlIO.java:342)
	at com.mysql.jdbc.ConnectionImpl.coreConnect(ConnectionImpl.java:2197)
	at com.mysql.jdbc.ConnectionImpl.connectOneTryOnly(ConnectionImpl.java:2230)
	at com.mysql.jdbc.ConnectionImpl.createNewIO(ConnectionImpl.java:2025)
	at com.mysql.jdbc.ConnectionImpl.<init>(ConnectionImpl.java:778)
	at com.mysql.jdbc.JDBC4Connection.<init>(JDBC4Connection.java:47)
	at java.base/jdk.internal.reflect.NativeConstructorAccessorImpl.newInstance0(Native Method)
	at java.base/jdk.internal.reflect.NativeConstructorAccessorImpl.newInstance(NativeConstructorAccessorImpl.java:78)
	at java.base/jdk.internal.reflect.DelegatingConstructorAccessorImpl.newInstance(DelegatingConstructorAccessorImpl.java:45)
	at java.base/java.lang.reflect.Constructor.newInstanceWithCaller(Constructor.java:499)
	at java.base/java.lang.reflect.Constructor.newInstance(Constructor.java:480)
	at com.mysql.jdbc.Util.handleNewInstance(Util.java:425)
	at com.mysql.jdbc.ConnectionImpl.getInstance(ConnectionImpl.java:386)
	at com.mysql.jdbc.NonRegisteringDriver.connect(NonRegisteringDriver.java:330)
	at com.alibaba.druid.filter.FilterChainImpl.connection_connect(FilterChainImpl.java:156)
	at com.alibaba.druid.filter.FilterAdapter.connection_connect(FilterAdapter.java:787)
	at com.alibaba.druid.filter.FilterEventAdapter.connection_connect(FilterEventAdapter.java:38)
	at com.alibaba.druid.filter.FilterChainImpl.connection_connect(FilterChainImpl.java:150)
	at com.alibaba.druid.filter.FilterAdapter.connection_connect(FilterAdapter.java:787)
	at com.alibaba.druid.filter.FilterChainImpl.connection_connect(FilterChainImpl.java:150)
	at com.alibaba.druid.filter.stat.StatFilter.connection_connect(StatFilter.java:218)
	at com.alibaba.druid.filter.FilterChainImpl.connection_connect(FilterChainImpl.java:150)
	at com.alibaba.druid.pool.DruidAbstractDataSource.createPhysicalConnection(DruidAbstractDataSource.java:1598)
	at com.alibaba.druid.pool.DruidAbstractDataSource.createPhysicalConnection(DruidAbstractDataSource.java:1662)
	at com.alibaba.druid.pool.DruidDataSource$CreateConnectionThread.run(DruidDataSource.java:2697)
Caused by: java.net.ConnectException: Connection refused
	at java.base/sun.nio.ch.Net.connect0(Native Method)
	at java.base/sun.nio.ch.Net.connect(Net.java:576)
	at java.base/sun.nio.ch.Net.connect(Net.java:565)
	at java.base/sun.nio.ch.NioSocketImpl.connect(NioSocketImpl.java:588)
	at java.base/java.net.SocksSocketImpl.connect(SocksSocketImpl.java:333)
	at java.base/java.net.Socket.connect(Socket.java:645)
	at com.mysql.jdbc.StandardSocketFactory.connect(StandardSocketFactory.java:211)
	at com.mysql.jdbc.MysqlIO.<init>(MysqlIO.java:301)
	... 24 common frames omitted
2021-08-17 17:45:27.276 [Druid-ConnectionPool-Create-395229891] ERROR com.alibaba.druid.pool.DruidDataSource:2699 - create connection SQLException, url: jdbc:mysql://127.0.0.1:3306/teachingopen?characterEncoding=UTF-8&useUnicode=true&useSSL=false&tinyInt1isBit=false, errorCode 0, state 08S01
com.mysql.jdbc.exceptions.jdbc4.CommunicationsException: Communications link failure

The last packet sent successfully to the server was 0 milliseconds ago. The driver has not received any packets from the server.
	at java.base/jdk.internal.reflect.NativeConstructorAccessorImpl.newInstance0(Native Method)
	at java.base/jdk.internal.reflect.NativeConstructorAccessorImpl.newInstance(NativeConstructorAccessorImpl.java:78)
	at java.base/jdk.internal.reflect.DelegatingConstructorAccessorImpl.newInstance(DelegatingConstructorAccessorImpl.java:45)
	at java.base/java.lang.reflect.Constructor.newInstanceWithCaller(Constructor.java:499)
	at java.base/java.lang.reflect.Constructor.newInstance(Constructor.java:480)
	at com.mysql.jdbc.Util.handleNewInstance(Util.java:425)
	at com.mysql.jdbc.SQLError.createCommunicationsException(SQLError.java:990)
	at com.mysql.jdbc.MysqlIO.<init>(MysqlIO.java:342)
	at com.mysql.jdbc.ConnectionImpl.coreConnect(ConnectionImpl.java:2197)
	at com.mysql.jdbc.ConnectionImpl.connectOneTryOnly(ConnectionImpl.java:2230)
	at com.mysql.jdbc.ConnectionImpl.createNewIO(ConnectionImpl.java:2025)
	at com.mysql.jdbc.ConnectionImpl.<init>(ConnectionImpl.java:778)
	at com.mysql.jdbc.JDBC4Connection.<init>(JDBC4Connection.java:47)
	at java.base/jdk.internal.reflect.NativeConstructorAccessorImpl.newInstance0(Native Method)
	at java.base/jdk.internal.reflect.NativeConstructorAccessorImpl.newInstance(NativeConstructorAccessorImpl.java:78)
	at java.base/jdk.internal.reflect.DelegatingConstructorAccessorImpl.newInstance(DelegatingConstructorAccessorImpl.java:45)
	at java.base/java.lang.reflect.Constructor.newInstanceWithCaller(Constructor.java:499)
	at java.base/java.lang.reflect.Constructor.newInstance(Constructor.java:480)
	at com.mysql.jdbc.Util.handleNewInstance(Util.java:425)
	at com.mysql.jdbc.ConnectionImpl.getInstance(ConnectionImpl.java:386)
	at com.mysql.jdbc.NonRegisteringDriver.connect(NonRegisteringDriver.java:330)
	at com.alibaba.druid.filter.FilterChainImpl.connection_connect(FilterChainImpl.java:156)
	at com.alibaba.druid.filter.FilterAdapter.connection_connect(FilterAdapter.java:787)
	at com.alibaba.druid.filter.FilterEventAdapter.connection_connect(FilterEventAdapter.java:38)
	at com.alibaba.druid.filter.FilterChainImpl.connection_connect(FilterChainImpl.java:150)
	at com.alibaba.druid.filter.FilterAdapter.connection_connect(FilterAdapter.java:787)
	at com.alibaba.druid.filter.FilterChainImpl.connection_connect(FilterChainImpl.java:150)
	at com.alibaba.druid.filter.stat.StatFilter.connection_connect(StatFilter.java:218)
	at com.alibaba.druid.filter.FilterChainImpl.connection_connect(FilterChainImpl.java:150)
	at com.alibaba.druid.pool.DruidAbstractDataSource.createPhysicalConnection(DruidAbstractDataSource.java:1598)
	at com.alibaba.druid.pool.DruidAbstractDataSource.createPhysicalConnection(DruidAbstractDataSource.java:1662)
	at com.alibaba.druid.pool.DruidDataSource$CreateConnectionThread.run(DruidDataSource.java:2697)
Caused by: java.net.ConnectException: Connection refused
	at java.base/sun.nio.ch.Net.connect0(Native Method)
	at java.base/sun.nio.ch.Net.connect(Net.java:576)
	at java.base/sun.nio.ch.Net.connect(Net.java:565)
	at java.base/sun.nio.ch.NioSocketImpl.connect(NioSocketImpl.java:588)
	at java.base/java.net.SocksSocketImpl.connect(SocksSocketImpl.java:333)
	at java.base/java.net.Socket.connect(Socket.java:645)
	at com.mysql.jdbc.StandardSocketFactory.connect(StandardSocketFactory.java:211)
	at com.mysql.jdbc.MysqlIO.<init>(MysqlIO.java:301)
	... 24 common frames omitted
2021-08-17 17:45:28.831 [Druid-ConnectionPool-Create-395229891] ERROR com.alibaba.druid.pool.DruidDataSource:2699 - create connection SQLException, url: jdbc:mysql://127.0.0.1:3306/teachingopen?characterEncoding=UTF-8&useUnicode=true&useSSL=false&tinyInt1isBit=false, errorCode 0, state 08S01
com.mysql.jdbc.exceptions.jdbc4.CommunicationsException: Communications link failure

The last packet sent successfully to the server was 0 milliseconds ago. The driver has not received any packets from the server.
	at java.base/jdk.internal.reflect.NativeConstructorAccessorImpl.newInstance0(Native Method)
	at java.base/jdk.internal.reflect.NativeConstructorAccessorImpl.newInstance(NativeConstructorAccessorImpl.java:78)
	at java.base/jdk.internal.reflect.DelegatingConstructorAccessorImpl.newInstance(DelegatingConstructorAccessorImpl.java:45)
	at java.base/java.lang.reflect.Constructor.newInstanceWithCaller(Constructor.java:499)
	at java.base/java.lang.reflect.Constructor.newInstance(Constructor.java:480)
	at com.mysql.jdbc.Util.handleNewInstance(Util.java:425)
	at com.mysql.jdbc.SQLError.createCommunicationsException(SQLError.java:990)
	at com.mysql.jdbc.MysqlIO.<init>(MysqlIO.java:342)
	at com.mysql.jdbc.ConnectionImpl.coreConnect(ConnectionImpl.java:2197)
	at com.mysql.jdbc.ConnectionImpl.connectOneTryOnly(ConnectionImpl.java:2230)
	at com.mysql.jdbc.ConnectionImpl.createNewIO(ConnectionImpl.java:2025)
	at com.mysql.jdbc.ConnectionImpl.<init>(ConnectionImpl.java:778)
	at com.mysql.jdbc.JDBC4Connection.<init>(JDBC4Connection.java:47)
	at java.base/jdk.internal.reflect.NativeConstructorAccessorImpl.newInstance0(Native Method)
	at java.base/jdk.internal.reflect.NativeConstructorAccessorImpl.newInstance(NativeConstructorAccessorImpl.java:78)
	at java.base/jdk.internal.reflect.DelegatingConstructorAccessorImpl.newInstance(DelegatingConstructorAccessorImpl.java:45)
	at java.base/java.lang.reflect.Constructor.newInstanceWithCaller(Constructor.java:499)
	at java.base/java.lang.reflect.Constructor.newInstance(Constructor.java:480)
	at com.mysql.jdbc.Util.handleNewInstance(Util.java:425)
	at com.mysql.jdbc.ConnectionImpl.getInstance(ConnectionImpl.java:386)
	at com.mysql.jdbc.NonRegisteringDriver.connect(NonRegisteringDriver.java:330)
	at com.alibaba.druid.filter.FilterChainImpl.connection_connect(FilterChainImpl.java:156)
	at com.alibaba.druid.filter.FilterAdapter.connection_connect(FilterAdapter.java:787)
	at com.alibaba.druid.filter.FilterEventAdapter.connection_connect(FilterEventAdapter.java:38)
	at com.alibaba.druid.filter.FilterChainImpl.connection_connect(FilterChainImpl.java:150)
	at com.alibaba.druid.filter.FilterAdapter.connection_connect(FilterAdapter.java:787)
	at com.alibaba.druid.filter.FilterChainImpl.connection_connect(FilterChainImpl.java:150)
	at com.alibaba.druid.filter.stat.StatFilter.connection_connect(StatFilter.java:218)
	at com.alibaba.druid.filter.FilterChainImpl.connection_connect(FilterChainImpl.java:150)
	at com.alibaba.druid.pool.DruidAbstractDataSource.createPhysicalConnection(DruidAbstractDataSource.java:1598)
	at com.alibaba.druid.pool.DruidAbstractDataSource.createPhysicalConnection(DruidAbstractDataSource.java:1662)
	at com.alibaba.druid.pool.DruidDataSource$CreateConnectionThread.run(DruidDataSource.java:2697)
Caused by: java.net.ConnectException: Connection refused
	at java.base/sun.nio.ch.Net.connect0(Native Method)
	at java.base/sun.nio.ch.Net.connect(Net.java:576)
	at java.base/sun.nio.ch.Net.connect(Net.java:565)
	at java.base/sun.nio.ch.NioSocketImpl.connect(NioSocketImpl.java:588)
	at java.base/java.net.SocksSocketImpl.connect(SocksSocketImpl.java:333)
	at java.base/java.net.Socket.connect(Socket.java:645)
	at com.mysql.jdbc.StandardSocketFactory.connect(StandardSocketFactory.java:211)
	at com.mysql.jdbc.MysqlIO.<init>(MysqlIO.java:301)
	... 24 common frames omitted
2021-08-17 17:45:30.384 [Druid-ConnectionPool-Create-395229891] ERROR com.alibaba.druid.pool.DruidDataSource:2699 - create connection SQLException, url: jdbc:mysql://127.0.0.1:3306/teachingopen?characterEncoding=UTF-8&useUnicode=true&useSSL=false&tinyInt1isBit=false, errorCode 0, state 08S01
com.mysql.jdbc.exceptions.jdbc4.CommunicationsException: Communications link failure

The last packet sent successfully to the server was 0 milliseconds ago. The driver has not received any packets from the server.
	at java.base/jdk.internal.reflect.NativeConstructorAccessorImpl.newInstance0(Native Method)
	at java.base/jdk.internal.reflect.NativeConstructorAccessorImpl.newInstance(NativeConstructorAccessorImpl.java:78)
	at java.base/jdk.internal.reflect.DelegatingConstructorAccessorImpl.newInstance(DelegatingConstructorAccessorImpl.java:45)
	at java.base/java.lang.reflect.Constructor.newInstanceWithCaller(Constructor.java:499)
	at java.base/java.lang.reflect.Constructor.newInstance(Constructor.java:480)
	at com.mysql.jdbc.Util.handleNewInstance(Util.java:425)
	at com.mysql.jdbc.SQLError.createCommunicationsException(SQLError.java:990)
	at com.mysql.jdbc.MysqlIO.<init>(MysqlIO.java:342)
	at com.mysql.jdbc.ConnectionImpl.coreConnect(ConnectionImpl.java:2197)
	at com.mysql.jdbc.ConnectionImpl.connectOneTryOnly(ConnectionImpl.java:2230)
	at com.mysql.jdbc.ConnectionImpl.createNewIO(ConnectionImpl.java:2025)
	at com.mysql.jdbc.ConnectionImpl.<init>(ConnectionImpl.java:778)
	at com.mysql.jdbc.JDBC4Connection.<init>(JDBC4Connection.java:47)
	at java.base/jdk.internal.reflect.NativeConstructorAccessorImpl.newInstance0(Native Method)
	at java.base/jdk.internal.reflect.NativeConstructorAccessorImpl.newInstance(NativeConstructorAccessorImpl.java:78)
	at java.base/jdk.internal.reflect.DelegatingConstructorAccessorImpl.newInstance(DelegatingConstructorAccessorImpl.java:45)
	at java.base/java.lang.reflect.Constructor.newInstanceWithCaller(Constructor.java:499)
	at java.base/java.lang.reflect.Constructor.newInstance(Constructor.java:480)
	at com.mysql.jdbc.Util.handleNewInstance(Util.java:425)
	at com.mysql.jdbc.ConnectionImpl.getInstance(ConnectionImpl.java:386)
	at com.mysql.jdbc.NonRegisteringDriver.connect(NonRegisteringDriver.java:330)
	at com.alibaba.druid.filter.FilterChainImpl.connection_connect(FilterChainImpl.java:156)
	at com.alibaba.druid.filter.FilterAdapter.connection_connect(FilterAdapter.java:787)
	at com.alibaba.druid.filter.FilterEventAdapter.connection_connect(FilterEventAdapter.java:38)
	at com.alibaba.druid.filter.FilterChainImpl.connection_connect(FilterChainImpl.java:150)
	at com.alibaba.druid.filter.FilterAdapter.connection_connect(FilterAdapter.java:787)
	at com.alibaba.druid.filter.FilterChainImpl.connection_connect(FilterChainImpl.java:150)
	at com.alibaba.druid.filter.stat.StatFilter.connection_connect(StatFilter.java:218)
	at com.alibaba.druid.filter.FilterChainImpl.connection_connect(FilterChainImpl.java:150)
	at com.alibaba.druid.pool.DruidAbstractDataSource.createPhysicalConnection(DruidAbstractDataSource.java:1598)
	at com.alibaba.druid.pool.DruidAbstractDataSource.createPhysicalConnection(DruidAbstractDataSource.java:1662)
	at com.alibaba.druid.pool.DruidDataSource$CreateConnectionThread.run(DruidDataSource.java:2697)
Caused by: java.net.ConnectException: Connection refused
	at java.base/sun.nio.ch.Net.connect0(Native Method)
	at java.base/sun.nio.ch.Net.connect(Net.java:576)
	at java.base/sun.nio.ch.Net.connect(Net.java:565)
	at java.base/sun.nio.ch.NioSocketImpl.connect(NioSocketImpl.java:588)
	at java.base/java.net.SocksSocketImpl.connect(SocksSocketImpl.java:333)
	at java.base/java.net.Socket.connect(Socket.java:645)
	at com.mysql.jdbc.StandardSocketFactory.connect(StandardSocketFactory.java:211)
	at com.mysql.jdbc.MysqlIO.<init>(MysqlIO.java:301)
	... 24 common frames omitted
2021-08-17 17:45:31.934 [Druid-ConnectionPool-Create-395229891] ERROR com.alibaba.druid.pool.DruidDataSource:2699 - create connection SQLException, url: jdbc:mysql://127.0.0.1:3306/teachingopen?characterEncoding=UTF-8&useUnicode=true&useSSL=false&tinyInt1isBit=false, errorCode 0, state 08S01
com.mysql.jdbc.exceptions.jdbc4.CommunicationsException: Communications link failure

The last packet sent successfully to the server was 0 milliseconds ago. The driver has not received any packets from the server.
	at java.base/jdk.internal.reflect.NativeConstructorAccessorImpl.newInstance0(Native Method)
	at java.base/jdk.internal.reflect.NativeConstructorAccessorImpl.newInstance(NativeConstructorAccessorImpl.java:78)
	at java.base/jdk.internal.reflect.DelegatingConstructorAccessorImpl.newInstance(DelegatingConstructorAccessorImpl.java:45)
	at java.base/java.lang.reflect.Constructor.newInstanceWithCaller(Constructor.java:499)
	at java.base/java.lang.reflect.Constructor.newInstance(Constructor.java:480)
	at com.mysql.jdbc.Util.handleNewInstance(Util.java:425)
	at com.mysql.jdbc.SQLError.createCommunicationsException(SQLError.java:990)
	at com.mysql.jdbc.MysqlIO.<init>(MysqlIO.java:342)
	at com.mysql.jdbc.ConnectionImpl.coreConnect(ConnectionImpl.java:2197)
	at com.mysql.jdbc.ConnectionImpl.connectOneTryOnly(ConnectionImpl.java:2230)
	at com.mysql.jdbc.ConnectionImpl.createNewIO(ConnectionImpl.java:2025)
	at com.mysql.jdbc.ConnectionImpl.<init>(ConnectionImpl.java:778)
	at com.mysql.jdbc.JDBC4Connection.<init>(JDBC4Connection.java:47)
	at java.base/jdk.internal.reflect.NativeConstructorAccessorImpl.newInstance0(Native Method)
	at java.base/jdk.internal.reflect.NativeConstructorAccessorImpl.newInstance(NativeConstructorAccessorImpl.java:78)
	at java.base/jdk.internal.reflect.DelegatingConstructorAccessorImpl.newInstance(DelegatingConstructorAccessorImpl.java:45)
	at java.base/java.lang.reflect.Constructor.newInstanceWithCaller(Constructor.java:499)
	at java.base/java.lang.reflect.Constructor.newInstance(Constructor.java:480)
	at com.mysql.jdbc.Util.handleNewInstance(Util.java:425)
	at com.mysql.jdbc.ConnectionImpl.getInstance(ConnectionImpl.java:386)
	at com.mysql.jdbc.NonRegisteringDriver.connect(NonRegisteringDriver.java:330)
	at com.alibaba.druid.filter.FilterChainImpl.connection_connect(FilterChainImpl.java:156)
	at com.alibaba.druid.filter.FilterAdapter.connection_connect(FilterAdapter.java:787)
	at com.alibaba.druid.filter.FilterEventAdapter.connection_connect(FilterEventAdapter.java:38)
	at com.alibaba.druid.filter.FilterChainImpl.connection_connect(FilterChainImpl.java:150)
	at com.alibaba.druid.filter.FilterAdapter.connection_connect(FilterAdapter.java:787)
	at com.alibaba.druid.filter.FilterChainImpl.connection_connect(FilterChainImpl.java:150)
	at com.alibaba.druid.filter.stat.StatFilter.connection_connect(StatFilter.java:218)
	at com.alibaba.druid.filter.FilterChainImpl.connection_connect(FilterChainImpl.java:150)
	at com.alibaba.druid.pool.DruidAbstractDataSource.createPhysicalConnection(DruidAbstractDataSource.java:1598)
	at com.alibaba.druid.pool.DruidAbstractDataSource.createPhysicalConnection(DruidAbstractDataSource.java:1662)
	at com.alibaba.druid.pool.DruidDataSource$CreateConnectionThread.run(DruidDataSource.java:2697)
Caused by: java.net.ConnectException: Connection refused
	at java.base/sun.nio.ch.Net.connect0(Native Method)
	at java.base/sun.nio.ch.Net.connect(Net.java:576)
	at java.base/sun.nio.ch.Net.connect(Net.java:565)
	at java.base/sun.nio.ch.NioSocketImpl.connect(NioSocketImpl.java:588)
	at java.base/java.net.SocksSocketImpl.connect(SocksSocketImpl.java:333)
	at java.base/java.net.Socket.connect(Socket.java:645)
	at com.mysql.jdbc.StandardSocketFactory.connect(StandardSocketFactory.java:211)
	at com.mysql.jdbc.MysqlIO.<init>(MysqlIO.java:301)
	... 24 common frames omitted
2021-08-17 17:45:33.484 [Druid-ConnectionPool-Create-395229891] ERROR com.alibaba.druid.pool.DruidDataSource:2699 - create connection SQLException, url: jdbc:mysql://127.0.0.1:3306/teachingopen?characterEncoding=UTF-8&useUnicode=true&useSSL=false&tinyInt1isBit=false, errorCode 0, state 08S01
com.mysql.jdbc.exceptions.jdbc4.CommunicationsException: Communications link failure

The last packet sent successfully to the server was 0 milliseconds ago. The driver has not received any packets from the server.
	at java.base/jdk.internal.reflect.NativeConstructorAccessorImpl.newInstance0(Native Method)
	at java.base/jdk.internal.reflect.NativeConstructorAccessorImpl.newInstance(NativeConstructorAccessorImpl.java:78)
	at java.base/jdk.internal.reflect.DelegatingConstructorAccessorImpl.newInstance(DelegatingConstructorAccessorImpl.java:45)
	at java.base/java.lang.reflect.Constructor.newInstanceWithCaller(Constructor.java:499)
	at java.base/java.lang.reflect.Constructor.newInstance(Constructor.java:480)
	at com.mysql.jdbc.Util.handleNewInstance(Util.java:425)
	at com.mysql.jdbc.SQLError.createCommunicationsException(SQLError.java:990)
	at com.mysql.jdbc.MysqlIO.<init>(MysqlIO.java:342)
	at com.mysql.jdbc.ConnectionImpl.coreConnect(ConnectionImpl.java:2197)
	at com.mysql.jdbc.ConnectionImpl.connectOneTryOnly(ConnectionImpl.java:2230)
	at com.mysql.jdbc.ConnectionImpl.createNewIO(ConnectionImpl.java:2025)
	at com.mysql.jdbc.ConnectionImpl.<init>(ConnectionImpl.java:778)
	at com.mysql.jdbc.JDBC4Connection.<init>(JDBC4Connection.java:47)
	at java.base/jdk.internal.reflect.NativeConstructorAccessorImpl.newInstance0(Native Method)
	at java.base/jdk.internal.reflect.NativeConstructorAccessorImpl.newInstance(NativeConstructorAccessorImpl.java:78)
	at java.base/jdk.internal.reflect.DelegatingConstructorAccessorImpl.newInstance(DelegatingConstructorAccessorImpl.java:45)
	at java.base/java.lang.reflect.Constructor.newInstanceWithCaller(Constructor.java:499)
	at java.base/java.lang.reflect.Constructor.newInstance(Constructor.java:480)
	at com.mysql.jdbc.Util.handleNewInstance(Util.java:425)
	at com.mysql.jdbc.ConnectionImpl.getInstance(ConnectionImpl.java:386)
	at com.mysql.jdbc.NonRegisteringDriver.connect(NonRegisteringDriver.java:330)
	at com.alibaba.druid.filter.FilterChainImpl.connection_connect(FilterChainImpl.java:156)
	at com.alibaba.druid.filter.FilterAdapter.connection_connect(FilterAdapter.java:787)
	at com.alibaba.druid.filter.FilterEventAdapter.connection_connect(FilterEventAdapter.java:38)
	at com.alibaba.druid.filter.FilterChainImpl.connection_connect(FilterChainImpl.java:150)
	at com.alibaba.druid.filter.FilterAdapter.connection_connect(FilterAdapter.java:787)
	at com.alibaba.druid.filter.FilterChainImpl.connection_connect(FilterChainImpl.java:150)
	at com.alibaba.druid.filter.stat.StatFilter.connection_connect(StatFilter.java:218)
	at com.alibaba.druid.filter.FilterChainImpl.connection_connect(FilterChainImpl.java:150)
	at com.alibaba.druid.pool.DruidAbstractDataSource.createPhysicalConnection(DruidAbstractDataSource.java:1598)
	at com.alibaba.druid.pool.DruidAbstractDataSource.createPhysicalConnection(DruidAbstractDataSource.java:1662)
	at com.alibaba.druid.pool.DruidDataSource$CreateConnectionThread.run(DruidDataSource.java:2697)
Caused by: java.net.ConnectException: Connection refused
	at java.base/sun.nio.ch.Net.connect0(Native Method)
	at java.base/sun.nio.ch.Net.connect(Net.java:576)
	at java.base/sun.nio.ch.Net.connect(Net.java:565)
	at java.base/sun.nio.ch.NioSocketImpl.connect(NioSocketImpl.java:588)
	at java.base/java.net.SocksSocketImpl.connect(SocksSocketImpl.java:333)
	at java.base/java.net.Socket.connect(Socket.java:645)
	at com.mysql.jdbc.StandardSocketFactory.connect(StandardSocketFactory.java:211)
	at com.mysql.jdbc.MysqlIO.<init>(MysqlIO.java:301)
	... 24 common frames omitted
2021-08-17 17:45:35.041 [Druid-ConnectionPool-Create-395229891] ERROR com.alibaba.druid.pool.DruidDataSource:2699 - create connection SQLException, url: jdbc:mysql://127.0.0.1:3306/teachingopen?characterEncoding=UTF-8&useUnicode=true&useSSL=false&tinyInt1isBit=false, errorCode 0, state 08S01
com.mysql.jdbc.exceptions.jdbc4.CommunicationsException: Communications link failure

The last packet sent successfully to the server was 0 milliseconds ago. The driver has not received any packets from the server.
	at java.base/jdk.internal.reflect.NativeConstructorAccessorImpl.newInstance0(Native Method)
	at java.base/jdk.internal.reflect.NativeConstructorAccessorImpl.newInstance(NativeConstructorAccessorImpl.java:78)
	at java.base/jdk.internal.reflect.DelegatingConstructorAccessorImpl.newInstance(DelegatingConstructorAccessorImpl.java:45)
	at java.base/java.lang.reflect.Constructor.newInstanceWithCaller(Constructor.java:499)
	at java.base/java.lang.reflect.Constructor.newInstance(Constructor.java:480)
	at com.mysql.jdbc.Util.handleNewInstance(Util.java:425)
	at com.mysql.jdbc.SQLError.createCommunicationsException(SQLError.java:990)
	at com.mysql.jdbc.MysqlIO.<init>(MysqlIO.java:342)
	at com.mysql.jdbc.ConnectionImpl.coreConnect(ConnectionImpl.java:2197)
	at com.mysql.jdbc.ConnectionImpl.connectOneTryOnly(ConnectionImpl.java:2230)
	at com.mysql.jdbc.ConnectionImpl.createNewIO(ConnectionImpl.java:2025)
	at com.mysql.jdbc.ConnectionImpl.<init>(ConnectionImpl.java:778)
	at com.mysql.jdbc.JDBC4Connection.<init>(JDBC4Connection.java:47)
	at java.base/jdk.internal.reflect.NativeConstructorAccessorImpl.newInstance0(Native Method)
	at java.base/jdk.internal.reflect.NativeConstructorAccessorImpl.newInstance(NativeConstructorAccessorImpl.java:78)
	at java.base/jdk.internal.reflect.DelegatingConstructorAccessorImpl.newInstance(DelegatingConstructorAccessorImpl.java:45)
	at java.base/java.lang.reflect.Constructor.newInstanceWithCaller(Constructor.java:499)
	at java.base/java.lang.reflect.Constructor.newInstance(Constructor.java:480)
	at com.mysql.jdbc.Util.handleNewInstance(Util.java:425)
	at com.mysql.jdbc.ConnectionImpl.getInstance(ConnectionImpl.java:386)
	at com.mysql.jdbc.NonRegisteringDriver.connect(NonRegisteringDriver.java:330)
	at com.alibaba.druid.filter.FilterChainImpl.connection_connect(FilterChainImpl.java:156)
	at com.alibaba.druid.filter.FilterAdapter.connection_connect(FilterAdapter.java:787)
	at com.alibaba.druid.filter.FilterEventAdapter.connection_connect(FilterEventAdapter.java:38)
	at com.alibaba.druid.filter.FilterChainImpl.connection_connect(FilterChainImpl.java:150)
	at com.alibaba.druid.filter.FilterAdapter.connection_connect(FilterAdapter.java:787)
	at com.alibaba.druid.filter.FilterChainImpl.connection_connect(FilterChainImpl.java:150)
	at com.alibaba.druid.filter.stat.StatFilter.connection_connect(StatFilter.java:218)
	at com.alibaba.druid.filter.FilterChainImpl.connection_connect(FilterChainImpl.java:150)
	at com.alibaba.druid.pool.DruidAbstractDataSource.createPhysicalConnection(DruidAbstractDataSource.java:1598)
	at com.alibaba.druid.pool.DruidAbstractDataSource.createPhysicalConnection(DruidAbstractDataSource.java:1662)
	at com.alibaba.druid.pool.DruidDataSource$CreateConnectionThread.run(DruidDataSource.java:2697)
Caused by: java.net.ConnectException: Connection refused
	at java.base/sun.nio.ch.Net.connect0(Native Method)
	at java.base/sun.nio.ch.Net.connect(Net.java:576)
	at java.base/sun.nio.ch.Net.connect(Net.java:565)
	at java.base/sun.nio.ch.NioSocketImpl.connect(NioSocketImpl.java:588)
	at java.base/java.net.SocksSocketImpl.connect(SocksSocketImpl.java:333)
	at java.base/java.net.Socket.connect(Socket.java:645)
	at com.mysql.jdbc.StandardSocketFactory.connect(StandardSocketFactory.java:211)
	at com.mysql.jdbc.MysqlIO.<init>(MysqlIO.java:301)
	... 24 common frames omitted
2021-08-17 17:45:36.593 [Druid-ConnectionPool-Create-395229891] ERROR com.alibaba.druid.pool.DruidDataSource:2699 - create connection SQLException, url: jdbc:mysql://127.0.0.1:3306/teachingopen?characterEncoding=UTF-8&useUnicode=true&useSSL=false&tinyInt1isBit=false, errorCode 0, state 08S01
com.mysql.jdbc.exceptions.jdbc4.CommunicationsException: Communications link failure

The last packet sent successfully to the server was 0 milliseconds ago. The driver has not received any packets from the server.
	at java.base/jdk.internal.reflect.NativeConstructorAccessorImpl.newInstance0(Native Method)
	at java.base/jdk.internal.reflect.NativeConstructorAccessorImpl.newInstance(NativeConstructorAccessorImpl.java:78)
	at java.base/jdk.internal.reflect.DelegatingConstructorAccessorImpl.newInstance(DelegatingConstructorAccessorImpl.java:45)
	at java.base/java.lang.reflect.Constructor.newInstanceWithCaller(Constructor.java:499)
	at java.base/java.lang.reflect.Constructor.newInstance(Constructor.java:480)
	at com.mysql.jdbc.Util.handleNewInstance(Util.java:425)
	at com.mysql.jdbc.SQLError.createCommunicationsException(SQLError.java:990)
	at com.mysql.jdbc.MysqlIO.<init>(MysqlIO.java:342)
	at com.mysql.jdbc.ConnectionImpl.coreConnect(ConnectionImpl.java:2197)
	at com.mysql.jdbc.ConnectionImpl.connectOneTryOnly(ConnectionImpl.java:2230)
	at com.mysql.jdbc.ConnectionImpl.createNewIO(ConnectionImpl.java:2025)
	at com.mysql.jdbc.ConnectionImpl.<init>(ConnectionImpl.java:778)
	at com.mysql.jdbc.JDBC4Connection.<init>(JDBC4Connection.java:47)
	at java.base/jdk.internal.reflect.NativeConstructorAccessorImpl.newInstance0(Native Method)
	at java.base/jdk.internal.reflect.NativeConstructorAccessorImpl.newInstance(NativeConstructorAccessorImpl.java:78)
	at java.base/jdk.internal.reflect.DelegatingConstructorAccessorImpl.newInstance(DelegatingConstructorAccessorImpl.java:45)
	at java.base/java.lang.reflect.Constructor.newInstanceWithCaller(Constructor.java:499)
	at java.base/java.lang.reflect.Constructor.newInstance(Constructor.java:480)
	at com.mysql.jdbc.Util.handleNewInstance(Util.java:425)
	at com.mysql.jdbc.ConnectionImpl.getInstance(ConnectionImpl.java:386)
	at com.mysql.jdbc.NonRegisteringDriver.connect(NonRegisteringDriver.java:330)
	at com.alibaba.druid.filter.FilterChainImpl.connection_connect(FilterChainImpl.java:156)
	at com.alibaba.druid.filter.FilterAdapter.connection_connect(FilterAdapter.java:787)
	at com.alibaba.druid.filter.FilterEventAdapter.connection_connect(FilterEventAdapter.java:38)
	at com.alibaba.druid.filter.FilterChainImpl.connection_connect(FilterChainImpl.java:150)
	at com.alibaba.druid.filter.FilterAdapter.connection_connect(FilterAdapter.java:787)
	at com.alibaba.druid.filter.FilterChainImpl.connection_connect(FilterChainImpl.java:150)
	at com.alibaba.druid.filter.stat.StatFilter.connection_connect(StatFilter.java:218)
	at com.alibaba.druid.filter.FilterChainImpl.connection_connect(FilterChainImpl.java:150)
	at com.alibaba.druid.pool.DruidAbstractDataSource.createPhysicalConnection(DruidAbstractDataSource.java:1598)
	at com.alibaba.druid.pool.DruidAbstractDataSource.createPhysicalConnection(DruidAbstractDataSource.java:1662)
	at com.alibaba.druid.pool.DruidDataSource$CreateConnectionThread.run(DruidDataSource.java:2697)
Caused by: java.net.ConnectException: Connection refused
	at java.base/sun.nio.ch.Net.connect0(Native Method)
	at java.base/sun.nio.ch.Net.connect(Net.java:576)
	at java.base/sun.nio.ch.Net.connect(Net.java:565)
	at java.base/sun.nio.ch.NioSocketImpl.connect(NioSocketImpl.java:588)
	at java.base/java.net.SocksSocketImpl.connect(SocksSocketImpl.java:333)
	at java.base/java.net.Socket.connect(Socket.java:645)
	at com.mysql.jdbc.StandardSocketFactory.connect(StandardSocketFactory.java:211)
	at com.mysql.jdbc.MysqlIO.<init>(MysqlIO.java:301)
	... 24 common frames omitted
2021-08-17 17:45:38.144 [Druid-ConnectionPool-Create-395229891] ERROR com.alibaba.druid.pool.DruidDataSource:2699 - create connection SQLException, url: jdbc:mysql://127.0.0.1:3306/teachingopen?characterEncoding=UTF-8&useUnicode=true&useSSL=false&tinyInt1isBit=false, errorCode 0, state 08S01
com.mysql.jdbc.exceptions.jdbc4.CommunicationsException: Communications link failure

The last packet sent successfully to the server was 0 milliseconds ago. The driver has not received any packets from the server.
	at java.base/jdk.internal.reflect.NativeConstructorAccessorImpl.newInstance0(Native Method)
	at java.base/jdk.internal.reflect.NativeConstructorAccessorImpl.newInstance(NativeConstructorAccessorImpl.java:78)
	at java.base/jdk.internal.reflect.DelegatingConstructorAccessorImpl.newInstance(DelegatingConstructorAccessorImpl.java:45)
	at java.base/java.lang.reflect.Constructor.newInstanceWithCaller(Constructor.java:499)
	at java.base/java.lang.reflect.Constructor.newInstance(Constructor.java:480)
	at com.mysql.jdbc.Util.handleNewInstance(Util.java:425)
	at com.mysql.jdbc.SQLError.createCommunicationsException(SQLError.java:990)
	at com.mysql.jdbc.MysqlIO.<init>(MysqlIO.java:342)
	at com.mysql.jdbc.ConnectionImpl.coreConnect(ConnectionImpl.java:2197)
	at com.mysql.jdbc.ConnectionImpl.connectOneTryOnly(ConnectionImpl.java:2230)
	at com.mysql.jdbc.ConnectionImpl.createNewIO(ConnectionImpl.java:2025)
	at com.mysql.jdbc.ConnectionImpl.<init>(ConnectionImpl.java:778)
	at com.mysql.jdbc.JDBC4Connection.<init>(JDBC4Connection.java:47)
	at java.base/jdk.internal.reflect.NativeConstructorAccessorImpl.newInstance0(Native Method)
	at java.base/jdk.internal.reflect.NativeConstructorAccessorImpl.newInstance(NativeConstructorAccessorImpl.java:78)
	at java.base/jdk.internal.reflect.DelegatingConstructorAccessorImpl.newInstance(DelegatingConstructorAccessorImpl.java:45)
	at java.base/java.lang.reflect.Constructor.newInstanceWithCaller(Constructor.java:499)
	at java.base/java.lang.reflect.Constructor.newInstance(Constructor.java:480)
	at com.mysql.jdbc.Util.handleNewInstance(Util.java:425)
	at com.mysql.jdbc.ConnectionImpl.getInstance(ConnectionImpl.java:386)
	at com.mysql.jdbc.NonRegisteringDriver.connect(NonRegisteringDriver.java:330)
	at com.alibaba.druid.filter.FilterChainImpl.connection_connect(FilterChainImpl.java:156)
	at com.alibaba.druid.filter.FilterAdapter.connection_connect(FilterAdapter.java:787)
	at com.alibaba.druid.filter.FilterEventAdapter.connection_connect(FilterEventAdapter.java:38)
	at com.alibaba.druid.filter.FilterChainImpl.connection_connect(FilterChainImpl.java:150)
	at com.alibaba.druid.filter.FilterAdapter.connection_connect(FilterAdapter.java:787)
	at com.alibaba.druid.filter.FilterChainImpl.connection_connect(FilterChainImpl.java:150)
	at com.alibaba.druid.filter.stat.StatFilter.connection_connect(StatFilter.java:218)
	at com.alibaba.druid.filter.FilterChainImpl.connection_connect(FilterChainImpl.java:150)
	at com.alibaba.druid.pool.DruidAbstractDataSource.createPhysicalConnection(DruidAbstractDataSource.java:1598)
	at com.alibaba.druid.pool.DruidAbstractDataSource.createPhysicalConnection(DruidAbstractDataSource.java:1662)
	at com.alibaba.druid.pool.DruidDataSource$CreateConnectionThread.run(DruidDataSource.java:2697)
Caused by: java.net.ConnectException: Connection refused
	at java.base/sun.nio.ch.Net.connect0(Native Method)
	at java.base/sun.nio.ch.Net.connect(Net.java:576)
	at java.base/sun.nio.ch.Net.connect(Net.java:565)
	at java.base/sun.nio.ch.NioSocketImpl.connect(NioSocketImpl.java:588)
	at java.base/java.net.SocksSocketImpl.connect(SocksSocketImpl.java:333)
	at java.base/java.net.Socket.connect(Socket.java:645)
	at com.mysql.jdbc.StandardSocketFactory.connect(StandardSocketFactory.java:211)
	at com.mysql.jdbc.MysqlIO.<init>(MysqlIO.java:301)
	... 24 common frames omitted
2021-08-17 17:45:39.696 [Druid-ConnectionPool-Create-395229891] ERROR com.alibaba.druid.pool.DruidDataSource:2699 - create connection SQLException, url: jdbc:mysql://127.0.0.1:3306/teachingopen?characterEncoding=UTF-8&useUnicode=true&useSSL=false&tinyInt1isBit=false, errorCode 0, state 08S01
com.mysql.jdbc.exceptions.jdbc4.CommunicationsException: Communications link failure

The last packet sent successfully to the server was 0 milliseconds ago. The driver has not received any packets from the server.
	at java.base/jdk.internal.reflect.NativeConstructorAccessorImpl.newInstance0(Native Method)
	at java.base/jdk.internal.reflect.NativeConstructorAccessorImpl.newInstance(NativeConstructorAccessorImpl.java:78)
	at java.base/jdk.internal.reflect.DelegatingConstructorAccessorImpl.newInstance(DelegatingConstructorAccessorImpl.java:45)
	at java.base/java.lang.reflect.Constructor.newInstanceWithCaller(Constructor.java:499)
	at java.base/java.lang.reflect.Constructor.newInstance(Constructor.java:480)
	at com.mysql.jdbc.Util.handleNewInstance(Util.java:425)
	at com.mysql.jdbc.SQLError.createCommunicationsException(SQLError.java:990)
	at com.mysql.jdbc.MysqlIO.<init>(MysqlIO.java:342)
	at com.mysql.jdbc.ConnectionImpl.coreConnect(ConnectionImpl.java:2197)
	at com.mysql.jdbc.ConnectionImpl.connectOneTryOnly(ConnectionImpl.java:2230)
	at com.mysql.jdbc.ConnectionImpl.createNewIO(ConnectionImpl.java:2025)
	at com.mysql.jdbc.ConnectionImpl.<init>(ConnectionImpl.java:778)
	at com.mysql.jdbc.JDBC4Connection.<init>(JDBC4Connection.java:47)
	at java.base/jdk.internal.reflect.NativeConstructorAccessorImpl.newInstance0(Native Method)
	at java.base/jdk.internal.reflect.NativeConstructorAccessorImpl.newInstance(NativeConstructorAccessorImpl.java:78)
	at java.base/jdk.internal.reflect.DelegatingConstructorAccessorImpl.newInstance(DelegatingConstructorAccessorImpl.java:45)
	at java.base/java.lang.reflect.Constructor.newInstanceWithCaller(Constructor.java:499)
	at java.base/java.lang.reflect.Constructor.newInstance(Constructor.java:480)
	at com.mysql.jdbc.Util.handleNewInstance(Util.java:425)
	at com.mysql.jdbc.ConnectionImpl.getInstance(ConnectionImpl.java:386)
	at com.mysql.jdbc.NonRegisteringDriver.connect(NonRegisteringDriver.java:330)
	at com.alibaba.druid.filter.FilterChainImpl.connection_connect(FilterChainImpl.java:156)
	at com.alibaba.druid.filter.FilterAdapter.connection_connect(FilterAdapter.java:787)
	at com.alibaba.druid.filter.FilterEventAdapter.connection_connect(FilterEventAdapter.java:38)
	at com.alibaba.druid.filter.FilterChainImpl.connection_connect(FilterChainImpl.java:150)
	at com.alibaba.druid.filter.FilterAdapter.connection_connect(FilterAdapter.java:787)
	at com.alibaba.druid.filter.FilterChainImpl.connection_connect(FilterChainImpl.java:150)
	at com.alibaba.druid.filter.stat.StatFilter.connection_connect(StatFilter.java:218)
	at com.alibaba.druid.filter.FilterChainImpl.connection_connect(FilterChainImpl.java:150)
	at com.alibaba.druid.pool.DruidAbstractDataSource.createPhysicalConnection(DruidAbstractDataSource.java:1598)
	at com.alibaba.druid.pool.DruidAbstractDataSource.createPhysicalConnection(DruidAbstractDataSource.java:1662)
	at com.alibaba.druid.pool.DruidDataSource$CreateConnectionThread.run(DruidDataSource.java:2697)
Caused by: java.net.ConnectException: Connection refused
	at java.base/sun.nio.ch.Net.connect0(Native Method)
	at java.base/sun.nio.ch.Net.connect(Net.java:576)
	at java.base/sun.nio.ch.Net.connect(Net.java:565)
	at java.base/sun.nio.ch.NioSocketImpl.connect(NioSocketImpl.java:588)
	at java.base/java.net.SocksSocketImpl.connect(SocksSocketImpl.java:333)
	at java.base/java.net.Socket.connect(Socket.java:645)
	at com.mysql.jdbc.StandardSocketFactory.connect(StandardSocketFactory.java:211)
	at com.mysql.jdbc.MysqlIO.<init>(MysqlIO.java:301)
	... 24 common frames omitted
2021-08-17 17:45:41.249 [Druid-ConnectionPool-Create-395229891] ERROR com.alibaba.druid.pool.DruidDataSource:2699 - create connection SQLException, url: jdbc:mysql://127.0.0.1:3306/teachingopen?characterEncoding=UTF-8&useUnicode=true&useSSL=false&tinyInt1isBit=false, errorCode 0, state 08S01
com.mysql.jdbc.exceptions.jdbc4.CommunicationsException: Communications link failure

The last packet sent successfully to the server was 0 milliseconds ago. The driver has not received any packets from the server.
	at java.base/jdk.internal.reflect.NativeConstructorAccessorImpl.newInstance0(Native Method)
	at java.base/jdk.internal.reflect.NativeConstructorAccessorImpl.newInstance(NativeConstructorAccessorImpl.java:78)
	at java.base/jdk.internal.reflect.DelegatingConstructorAccessorImpl.newInstance(DelegatingConstructorAccessorImpl.java:45)
	at java.base/java.lang.reflect.Constructor.newInstanceWithCaller(Constructor.java:499)
	at java.base/java.lang.reflect.Constructor.newInstance(Constructor.java:480)
	at com.mysql.jdbc.Util.handleNewInstance(Util.java:425)
	at com.mysql.jdbc.SQLError.createCommunicationsException(SQLError.java:990)
	at com.mysql.jdbc.MysqlIO.<init>(MysqlIO.java:342)
	at com.mysql.jdbc.ConnectionImpl.coreConnect(ConnectionImpl.java:2197)
	at com.mysql.jdbc.ConnectionImpl.connectOneTryOnly(ConnectionImpl.java:2230)
	at com.mysql.jdbc.ConnectionImpl.createNewIO(ConnectionImpl.java:2025)
	at com.mysql.jdbc.ConnectionImpl.<init>(ConnectionImpl.java:778)
	at com.mysql.jdbc.JDBC4Connection.<init>(JDBC4Connection.java:47)
	at java.base/jdk.internal.reflect.NativeConstructorAccessorImpl.newInstance0(Native Method)
	at java.base/jdk.internal.reflect.NativeConstructorAccessorImpl.newInstance(NativeConstructorAccessorImpl.java:78)
	at java.base/jdk.internal.reflect.DelegatingConstructorAccessorImpl.newInstance(DelegatingConstructorAccessorImpl.java:45)
	at java.base/java.lang.reflect.Constructor.newInstanceWithCaller(Constructor.java:499)
	at java.base/java.lang.reflect.Constructor.newInstance(Constructor.java:480)
	at com.mysql.jdbc.Util.handleNewInstance(Util.java:425)
	at com.mysql.jdbc.ConnectionImpl.getInstance(ConnectionImpl.java:386)
	at com.mysql.jdbc.NonRegisteringDriver.connect(NonRegisteringDriver.java:330)
	at com.alibaba.druid.filter.FilterChainImpl.connection_connect(FilterChainImpl.java:156)
	at com.alibaba.druid.filter.FilterAdapter.connection_connect(FilterAdapter.java:787)
	at com.alibaba.druid.filter.FilterEventAdapter.connection_connect(FilterEventAdapter.java:38)
	at com.alibaba.druid.filter.FilterChainImpl.connection_connect(FilterChainImpl.java:150)
	at com.alibaba.druid.filter.FilterAdapter.connection_connect(FilterAdapter.java:787)
	at com.alibaba.druid.filter.FilterChainImpl.connection_connect(FilterChainImpl.java:150)
	at com.alibaba.druid.filter.stat.StatFilter.connection_connect(StatFilter.java:218)
	at com.alibaba.druid.filter.FilterChainImpl.connection_connect(FilterChainImpl.java:150)
	at com.alibaba.druid.pool.DruidAbstractDataSource.createPhysicalConnection(DruidAbstractDataSource.java:1598)
	at com.alibaba.druid.pool.DruidAbstractDataSource.createPhysicalConnection(DruidAbstractDataSource.java:1662)
	at com.alibaba.druid.pool.DruidDataSource$CreateConnectionThread.run(DruidDataSource.java:2697)
Caused by: java.net.ConnectException: Connection refused
	at java.base/sun.nio.ch.Net.connect0(Native Method)
	at java.base/sun.nio.ch.Net.connect(Net.java:576)
	at java.base/sun.nio.ch.Net.connect(Net.java:565)
	at java.base/sun.nio.ch.NioSocketImpl.connect(NioSocketImpl.java:588)
	at java.base/java.net.SocksSocketImpl.connect(SocksSocketImpl.java:333)
	at java.base/java.net.Socket.connect(Socket.java:645)
	at com.mysql.jdbc.StandardSocketFactory.connect(StandardSocketFactory.java:211)
	at com.mysql.jdbc.MysqlIO.<init>(MysqlIO.java:301)
	... 24 common frames omitted
2021-08-17 17:45:42.806 [Druid-ConnectionPool-Create-395229891] ERROR com.alibaba.druid.pool.DruidDataSource:2699 - create connection SQLException, url: jdbc:mysql://127.0.0.1:3306/teachingopen?characterEncoding=UTF-8&useUnicode=true&useSSL=false&tinyInt1isBit=false, errorCode 0, state 08S01
com.mysql.jdbc.exceptions.jdbc4.CommunicationsException: Communications link failure

The last packet sent successfully to the server was 0 milliseconds ago. The driver has not received any packets from the server.
	at java.base/jdk.internal.reflect.NativeConstructorAccessorImpl.newInstance0(Native Method)
	at java.base/jdk.internal.reflect.NativeConstructorAccessorImpl.newInstance(NativeConstructorAccessorImpl.java:78)
	at java.base/jdk.internal.reflect.DelegatingConstructorAccessorImpl.newInstance(DelegatingConstructorAccessorImpl.java:45)
	at java.base/java.lang.reflect.Constructor.newInstanceWithCaller(Constructor.java:499)
	at java.base/java.lang.reflect.Constructor.newInstance(Constructor.java:480)
	at com.mysql.jdbc.Util.handleNewInstance(Util.java:425)
	at com.mysql.jdbc.SQLError.createCommunicationsException(SQLError.java:990)
	at com.mysql.jdbc.MysqlIO.<init>(MysqlIO.java:342)
	at com.mysql.jdbc.ConnectionImpl.coreConnect(ConnectionImpl.java:2197)
	at com.mysql.jdbc.ConnectionImpl.connectOneTryOnly(ConnectionImpl.java:2230)
	at com.mysql.jdbc.ConnectionImpl.createNewIO(ConnectionImpl.java:2025)
	at com.mysql.jdbc.ConnectionImpl.<init>(ConnectionImpl.java:778)
	at com.mysql.jdbc.JDBC4Connection.<init>(JDBC4Connection.java:47)
	at java.base/jdk.internal.reflect.NativeConstructorAccessorImpl.newInstance0(Native Method)
	at java.base/jdk.internal.reflect.NativeConstructorAccessorImpl.newInstance(NativeConstructorAccessorImpl.java:78)
	at java.base/jdk.internal.reflect.DelegatingConstructorAccessorImpl.newInstance(DelegatingConstructorAccessorImpl.java:45)
	at java.base/java.lang.reflect.Constructor.newInstanceWithCaller(Constructor.java:499)
	at java.base/java.lang.reflect.Constructor.newInstance(Constructor.java:480)
	at com.mysql.jdbc.Util.handleNewInstance(Util.java:425)
	at com.mysql.jdbc.ConnectionImpl.getInstance(ConnectionImpl.java:386)
	at com.mysql.jdbc.NonRegisteringDriver.connect(NonRegisteringDriver.java:330)
	at com.alibaba.druid.filter.FilterChainImpl.connection_connect(FilterChainImpl.java:156)
	at com.alibaba.druid.filter.FilterAdapter.connection_connect(FilterAdapter.java:787)
	at com.alibaba.druid.filter.FilterEventAdapter.connection_connect(FilterEventAdapter.java:38)
	at com.alibaba.druid.filter.FilterChainImpl.connection_connect(FilterChainImpl.java:150)
	at com.alibaba.druid.filter.FilterAdapter.connection_connect(FilterAdapter.java:787)
	at com.alibaba.druid.filter.FilterChainImpl.connection_connect(FilterChainImpl.java:150)
	at com.alibaba.druid.filter.stat.StatFilter.connection_connect(StatFilter.java:218)
	at com.alibaba.druid.filter.FilterChainImpl.connection_connect(FilterChainImpl.java:150)
	at com.alibaba.druid.pool.DruidAbstractDataSource.createPhysicalConnection(DruidAbstractDataSource.java:1598)
	at com.alibaba.druid.pool.DruidAbstractDataSource.createPhysicalConnection(DruidAbstractDataSource.java:1662)
	at com.alibaba.druid.pool.DruidDataSource$CreateConnectionThread.run(DruidDataSource.java:2697)
Caused by: java.net.ConnectException: Connection refused
	at java.base/sun.nio.ch.Net.connect0(Native Method)
	at java.base/sun.nio.ch.Net.connect(Net.java:576)
	at java.base/sun.nio.ch.Net.connect(Net.java:565)
	at java.base/sun.nio.ch.NioSocketImpl.connect(NioSocketImpl.java:588)
	at java.base/java.net.SocksSocketImpl.connect(SocksSocketImpl.java:333)
	at java.base/java.net.Socket.connect(Socket.java:645)
	at com.mysql.jdbc.StandardSocketFactory.connect(StandardSocketFactory.java:211)
	at com.mysql.jdbc.MysqlIO.<init>(MysqlIO.java:301)
	... 24 common frames omitted
2021-08-17 17:45:44.360 [Druid-ConnectionPool-Create-395229891] ERROR com.alibaba.druid.pool.DruidDataSource:2699 - create connection SQLException, url: jdbc:mysql://127.0.0.1:3306/teachingopen?characterEncoding=UTF-8&useUnicode=true&useSSL=false&tinyInt1isBit=false, errorCode 0, state 08S01
com.mysql.jdbc.exceptions.jdbc4.CommunicationsException: Communications link failure

The last packet sent successfully to the server was 0 milliseconds ago. The driver has not received any packets from the server.
	at jdk.internal.reflect.GeneratedConstructorAccessor70.newInstance(Unknown Source)
	at java.base/jdk.internal.reflect.DelegatingConstructorAccessorImpl.newInstance(DelegatingConstructorAccessorImpl.java:45)
	at java.base/java.lang.reflect.Constructor.newInstanceWithCaller(Constructor.java:499)
	at java.base/java.lang.reflect.Constructor.newInstance(Constructor.java:480)
	at com.mysql.jdbc.Util.handleNewInstance(Util.java:425)
	at com.mysql.jdbc.SQLError.createCommunicationsException(SQLError.java:990)
	at com.mysql.jdbc.MysqlIO.<init>(MysqlIO.java:342)
	at com.mysql.jdbc.ConnectionImpl.coreConnect(ConnectionImpl.java:2197)
	at com.mysql.jdbc.ConnectionImpl.connectOneTryOnly(ConnectionImpl.java:2230)
	at com.mysql.jdbc.ConnectionImpl.createNewIO(ConnectionImpl.java:2025)
	at com.mysql.jdbc.ConnectionImpl.<init>(ConnectionImpl.java:778)
	at com.mysql.jdbc.JDBC4Connection.<init>(JDBC4Connection.java:47)
	at jdk.internal.reflect.GeneratedConstructorAccessor67.newInstance(Unknown Source)
	at java.base/jdk.internal.reflect.DelegatingConstructorAccessorImpl.newInstance(DelegatingConstructorAccessorImpl.java:45)
	at java.base/java.lang.reflect.Constructor.newInstanceWithCaller(Constructor.java:499)
	at java.base/java.lang.reflect.Constructor.newInstance(Constructor.java:480)
	at com.mysql.jdbc.Util.handleNewInstance(Util.java:425)
	at com.mysql.jdbc.ConnectionImpl.getInstance(ConnectionImpl.java:386)
	at com.mysql.jdbc.NonRegisteringDriver.connect(NonRegisteringDriver.java:330)
	at com.alibaba.druid.filter.FilterChainImpl.connection_connect(FilterChainImpl.java:156)
	at com.alibaba.druid.filter.FilterAdapter.connection_connect(FilterAdapter.java:787)
	at com.alibaba.druid.filter.FilterEventAdapter.connection_connect(FilterEventAdapter.java:38)
	at com.alibaba.druid.filter.FilterChainImpl.connection_connect(FilterChainImpl.java:150)
	at com.alibaba.druid.filter.FilterAdapter.connection_connect(FilterAdapter.java:787)
	at com.alibaba.druid.filter.FilterChainImpl.connection_connect(FilterChainImpl.java:150)
	at com.alibaba.druid.filter.stat.StatFilter.connection_connect(StatFilter.java:218)
	at com.alibaba.druid.filter.FilterChainImpl.connection_connect(FilterChainImpl.java:150)
	at com.alibaba.druid.pool.DruidAbstractDataSource.createPhysicalConnection(DruidAbstractDataSource.java:1598)
	at com.alibaba.druid.pool.DruidAbstractDataSource.createPhysicalConnection(DruidAbstractDataSource.java:1662)
	at com.alibaba.druid.pool.DruidDataSource$CreateConnectionThread.run(DruidDataSource.java:2697)
Caused by: java.net.ConnectException: Connection refused
	at java.base/sun.nio.ch.Net.connect0(Native Method)
	at java.base/sun.nio.ch.Net.connect(Net.java:576)
	at java.base/sun.nio.ch.Net.connect(Net.java:565)
	at java.base/sun.nio.ch.NioSocketImpl.connect(NioSocketImpl.java:588)
	at java.base/java.net.SocksSocketImpl.connect(SocksSocketImpl.java:333)
	at java.base/java.net.Socket.connect(Socket.java:645)
	at com.mysql.jdbc.StandardSocketFactory.connect(StandardSocketFactory.java:211)
	at com.mysql.jdbc.MysqlIO.<init>(MysqlIO.java:301)
	... 23 common frames omitted
2021-08-17 17:45:45.909 [Druid-ConnectionPool-Create-395229891] ERROR com.alibaba.druid.pool.DruidDataSource:2699 - create connection SQLException, url: jdbc:mysql://127.0.0.1:3306/teachingopen?characterEncoding=UTF-8&useUnicode=true&useSSL=false&tinyInt1isBit=false, errorCode 0, state 08S01
com.mysql.jdbc.exceptions.jdbc4.CommunicationsException: Communications link failure

The last packet sent successfully to the server was 0 milliseconds ago. The driver has not received any packets from the server.
	at jdk.internal.reflect.GeneratedConstructorAccessor70.newInstance(Unknown Source)
	at java.base/jdk.internal.reflect.DelegatingConstructorAccessorImpl.newInstance(DelegatingConstructorAccessorImpl.java:45)
	at java.base/java.lang.reflect.Constructor.newInstanceWithCaller(Constructor.java:499)
	at java.base/java.lang.reflect.Constructor.newInstance(Constructor.java:480)
	at com.mysql.jdbc.Util.handleNewInstance(Util.java:425)
	at com.mysql.jdbc.SQLError.createCommunicationsException(SQLError.java:990)
	at com.mysql.jdbc.MysqlIO.<init>(MysqlIO.java:342)
	at com.mysql.jdbc.ConnectionImpl.coreConnect(ConnectionImpl.java:2197)
	at com.mysql.jdbc.ConnectionImpl.connectOneTryOnly(ConnectionImpl.java:2230)
	at com.mysql.jdbc.ConnectionImpl.createNewIO(ConnectionImpl.java:2025)
	at com.mysql.jdbc.ConnectionImpl.<init>(ConnectionImpl.java:778)
	at com.mysql.jdbc.JDBC4Connection.<init>(JDBC4Connection.java:47)
	at jdk.internal.reflect.GeneratedConstructorAccessor67.newInstance(Unknown Source)
	at java.base/jdk.internal.reflect.DelegatingConstructorAccessorImpl.newInstance(DelegatingConstructorAccessorImpl.java:45)
	at java.base/java.lang.reflect.Constructor.newInstanceWithCaller(Constructor.java:499)
	at java.base/java.lang.reflect.Constructor.newInstance(Constructor.java:480)
	at com.mysql.jdbc.Util.handleNewInstance(Util.java:425)
	at com.mysql.jdbc.ConnectionImpl.getInstance(ConnectionImpl.java:386)
	at com.mysql.jdbc.NonRegisteringDriver.connect(NonRegisteringDriver.java:330)
	at com.alibaba.druid.filter.FilterChainImpl.connection_connect(FilterChainImpl.java:156)
	at com.alibaba.druid.filter.FilterAdapter.connection_connect(FilterAdapter.java:787)
	at com.alibaba.druid.filter.FilterEventAdapter.connection_connect(FilterEventAdapter.java:38)
	at com.alibaba.druid.filter.FilterChainImpl.connection_connect(FilterChainImpl.java:150)
	at com.alibaba.druid.filter.FilterAdapter.connection_connect(FilterAdapter.java:787)
	at com.alibaba.druid.filter.FilterChainImpl.connection_connect(FilterChainImpl.java:150)
	at com.alibaba.druid.filter.stat.StatFilter.connection_connect(StatFilter.java:218)
	at com.alibaba.druid.filter.FilterChainImpl.connection_connect(FilterChainImpl.java:150)
	at com.alibaba.druid.pool.DruidAbstractDataSource.createPhysicalConnection(DruidAbstractDataSource.java:1598)
	at com.alibaba.druid.pool.DruidAbstractDataSource.createPhysicalConnection(DruidAbstractDataSource.java:1662)
	at com.alibaba.druid.pool.DruidDataSource$CreateConnectionThread.run(DruidDataSource.java:2697)
Caused by: java.net.ConnectException: Connection refused
	at java.base/sun.nio.ch.Net.connect0(Native Method)
	at java.base/sun.nio.ch.Net.connect(Net.java:576)
	at java.base/sun.nio.ch.Net.connect(Net.java:565)
	at java.base/sun.nio.ch.NioSocketImpl.connect(NioSocketImpl.java:588)
	at java.base/java.net.SocksSocketImpl.connect(SocksSocketImpl.java:333)
	at java.base/java.net.Socket.connect(Socket.java:645)
	at com.mysql.jdbc.StandardSocketFactory.connect(StandardSocketFactory.java:211)
	at com.mysql.jdbc.MysqlIO.<init>(MysqlIO.java:301)
	... 23 common frames omitted
2021-08-17 17:45:47.459 [Druid-ConnectionPool-Create-395229891] ERROR com.alibaba.druid.pool.DruidDataSource:2699 - create connection SQLException, url: jdbc:mysql://127.0.0.1:3306/teachingopen?characterEncoding=UTF-8&useUnicode=true&useSSL=false&tinyInt1isBit=false, errorCode 0, state 08S01
com.mysql.jdbc.exceptions.jdbc4.CommunicationsException: Communications link failure

The last packet sent successfully to the server was 0 milliseconds ago. The driver has not received any packets from the server.
	at jdk.internal.reflect.GeneratedConstructorAccessor70.newInstance(Unknown Source)
	at java.base/jdk.internal.reflect.DelegatingConstructorAccessorImpl.newInstance(DelegatingConstructorAccessorImpl.java:45)
	at java.base/java.lang.reflect.Constructor.newInstanceWithCaller(Constructor.java:499)
	at java.base/java.lang.reflect.Constructor.newInstance(Constructor.java:480)
	at com.mysql.jdbc.Util.handleNewInstance(Util.java:425)
	at com.mysql.jdbc.SQLError.createCommunicationsException(SQLError.java:990)
	at com.mysql.jdbc.MysqlIO.<init>(MysqlIO.java:342)
	at com.mysql.jdbc.ConnectionImpl.coreConnect(ConnectionImpl.java:2197)
	at com.mysql.jdbc.ConnectionImpl.connectOneTryOnly(ConnectionImpl.java:2230)
	at com.mysql.jdbc.ConnectionImpl.createNewIO(ConnectionImpl.java:2025)
	at com.mysql.jdbc.ConnectionImpl.<init>(ConnectionImpl.java:778)
	at com.mysql.jdbc.JDBC4Connection.<init>(JDBC4Connection.java:47)
	at jdk.internal.reflect.GeneratedConstructorAccessor67.newInstance(Unknown Source)
	at java.base/jdk.internal.reflect.DelegatingConstructorAccessorImpl.newInstance(DelegatingConstructorAccessorImpl.java:45)
	at java.base/java.lang.reflect.Constructor.newInstanceWithCaller(Constructor.java:499)
	at java.base/java.lang.reflect.Constructor.newInstance(Constructor.java:480)
	at com.mysql.jdbc.Util.handleNewInstance(Util.java:425)
	at com.mysql.jdbc.ConnectionImpl.getInstance(ConnectionImpl.java:386)
	at com.mysql.jdbc.NonRegisteringDriver.connect(NonRegisteringDriver.java:330)
	at com.alibaba.druid.filter.FilterChainImpl.connection_connect(FilterChainImpl.java:156)
	at com.alibaba.druid.filter.FilterAdapter.connection_connect(FilterAdapter.java:787)
	at com.alibaba.druid.filter.FilterEventAdapter.connection_connect(FilterEventAdapter.java:38)
	at com.alibaba.druid.filter.FilterChainImpl.connection_connect(FilterChainImpl.java:150)
	at com.alibaba.druid.filter.FilterAdapter.connection_connect(FilterAdapter.java:787)
	at com.alibaba.druid.filter.FilterChainImpl.connection_connect(FilterChainImpl.java:150)
	at com.alibaba.druid.filter.stat.StatFilter.connection_connect(StatFilter.java:218)
	at com.alibaba.druid.filter.FilterChainImpl.connection_connect(FilterChainImpl.java:150)
	at com.alibaba.druid.pool.DruidAbstractDataSource.createPhysicalConnection(DruidAbstractDataSource.java:1598)
	at com.alibaba.druid.pool.DruidAbstractDataSource.createPhysicalConnection(DruidAbstractDataSource.java:1662)
	at com.alibaba.druid.pool.DruidDataSource$CreateConnectionThread.run(DruidDataSource.java:2697)
Caused by: java.net.ConnectException: Connection refused
	at java.base/sun.nio.ch.Net.connect0(Native Method)
	at java.base/sun.nio.ch.Net.connect(Net.java:576)
	at java.base/sun.nio.ch.Net.connect(Net.java:565)
	at java.base/sun.nio.ch.NioSocketImpl.connect(NioSocketImpl.java:588)
	at java.base/java.net.SocksSocketImpl.connect(SocksSocketImpl.java:333)
	at java.base/java.net.Socket.connect(Socket.java:645)
	at com.mysql.jdbc.StandardSocketFactory.connect(StandardSocketFactory.java:211)
	at com.mysql.jdbc.MysqlIO.<init>(MysqlIO.java:301)
	... 23 common frames omitted
2021-08-17 17:45:49.009 [Druid-ConnectionPool-Create-395229891] ERROR com.alibaba.druid.pool.DruidDataSource:2699 - create connection SQLException, url: jdbc:mysql://127.0.0.1:3306/teachingopen?characterEncoding=UTF-8&useUnicode=true&useSSL=false&tinyInt1isBit=false, errorCode 0, state 08S01
com.mysql.jdbc.exceptions.jdbc4.CommunicationsException: Communications link failure

The last packet sent successfully to the server was 0 milliseconds ago. The driver has not received any packets from the server.
	at jdk.internal.reflect.GeneratedConstructorAccessor70.newInstance(Unknown Source)
	at java.base/jdk.internal.reflect.DelegatingConstructorAccessorImpl.newInstance(DelegatingConstructorAccessorImpl.java:45)
	at java.base/java.lang.reflect.Constructor.newInstanceWithCaller(Constructor.java:499)
	at java.base/java.lang.reflect.Constructor.newInstance(Constructor.java:480)
	at com.mysql.jdbc.Util.handleNewInstance(Util.java:425)
	at com.mysql.jdbc.SQLError.createCommunicationsException(SQLError.java:990)
	at com.mysql.jdbc.MysqlIO.<init>(MysqlIO.java:342)
	at com.mysql.jdbc.ConnectionImpl.coreConnect(ConnectionImpl.java:2197)
	at com.mysql.jdbc.ConnectionImpl.connectOneTryOnly(ConnectionImpl.java:2230)
	at com.mysql.jdbc.ConnectionImpl.createNewIO(ConnectionImpl.java:2025)
	at com.mysql.jdbc.ConnectionImpl.<init>(ConnectionImpl.java:778)
	at com.mysql.jdbc.JDBC4Connection.<init>(JDBC4Connection.java:47)
	at jdk.internal.reflect.GeneratedConstructorAccessor67.newInstance(Unknown Source)
	at java.base/jdk.internal.reflect.DelegatingConstructorAccessorImpl.newInstance(DelegatingConstructorAccessorImpl.java:45)
	at java.base/java.lang.reflect.Constructor.newInstanceWithCaller(Constructor.java:499)
	at java.base/java.lang.reflect.Constructor.newInstance(Constructor.java:480)
	at com.mysql.jdbc.Util.handleNewInstance(Util.java:425)
	at com.mysql.jdbc.ConnectionImpl.getInstance(ConnectionImpl.java:386)
	at com.mysql.jdbc.NonRegisteringDriver.connect(NonRegisteringDriver.java:330)
	at com.alibaba.druid.filter.FilterChainImpl.connection_connect(FilterChainImpl.java:156)
	at com.alibaba.druid.filter.FilterAdapter.connection_connect(FilterAdapter.java:787)
	at com.alibaba.druid.filter.FilterEventAdapter.connection_connect(FilterEventAdapter.java:38)
	at com.alibaba.druid.filter.FilterChainImpl.connection_connect(FilterChainImpl.java:150)
	at com.alibaba.druid.filter.FilterAdapter.connection_connect(FilterAdapter.java:787)
	at com.alibaba.druid.filter.FilterChainImpl.connection_connect(FilterChainImpl.java:150)
	at com.alibaba.druid.filter.stat.StatFilter.connection_connect(StatFilter.java:218)
	at com.alibaba.druid.filter.FilterChainImpl.connection_connect(FilterChainImpl.java:150)
	at com.alibaba.druid.pool.DruidAbstractDataSource.createPhysicalConnection(DruidAbstractDataSource.java:1598)
	at com.alibaba.druid.pool.DruidAbstractDataSource.createPhysicalConnection(DruidAbstractDataSource.java:1662)
	at com.alibaba.druid.pool.DruidDataSource$CreateConnectionThread.run(DruidDataSource.java:2697)
Caused by: java.net.ConnectException: Connection refused
	at java.base/sun.nio.ch.Net.connect0(Native Method)
	at java.base/sun.nio.ch.Net.connect(Net.java:576)
	at java.base/sun.nio.ch.Net.connect(Net.java:565)
	at java.base/sun.nio.ch.NioSocketImpl.connect(NioSocketImpl.java:588)
	at java.base/java.net.SocksSocketImpl.connect(SocksSocketImpl.java:333)
	at java.base/java.net.Socket.connect(Socket.java:645)
	at com.mysql.jdbc.StandardSocketFactory.connect(StandardSocketFactory.java:211)
	at com.mysql.jdbc.MysqlIO.<init>(MysqlIO.java:301)
	... 23 common frames omitted
2021-08-17 17:45:50.561 [Druid-ConnectionPool-Create-395229891] ERROR com.alibaba.druid.pool.DruidDataSource:2699 - create connection SQLException, url: jdbc:mysql://127.0.0.1:3306/teachingopen?characterEncoding=UTF-8&useUnicode=true&useSSL=false&tinyInt1isBit=false, errorCode 0, state 08S01
com.mysql.jdbc.exceptions.jdbc4.CommunicationsException: Communications link failure

The last packet sent successfully to the server was 0 milliseconds ago. The driver has not received any packets from the server.
	at jdk.internal.reflect.GeneratedConstructorAccessor70.newInstance(Unknown Source)
	at java.base/jdk.internal.reflect.DelegatingConstructorAccessorImpl.newInstance(DelegatingConstructorAccessorImpl.java:45)
	at java.base/java.lang.reflect.Constructor.newInstanceWithCaller(Constructor.java:499)
	at java.base/java.lang.reflect.Constructor.newInstance(Constructor.java:480)
	at com.mysql.jdbc.Util.handleNewInstance(Util.java:425)
	at com.mysql.jdbc.SQLError.createCommunicationsException(SQLError.java:990)
	at com.mysql.jdbc.MysqlIO.<init>(MysqlIO.java:342)
	at com.mysql.jdbc.ConnectionImpl.coreConnect(ConnectionImpl.java:2197)
	at com.mysql.jdbc.ConnectionImpl.connectOneTryOnly(ConnectionImpl.java:2230)
	at com.mysql.jdbc.ConnectionImpl.createNewIO(ConnectionImpl.java:2025)
	at com.mysql.jdbc.ConnectionImpl.<init>(ConnectionImpl.java:778)
	at com.mysql.jdbc.JDBC4Connection.<init>(JDBC4Connection.java:47)
	at jdk.internal.reflect.GeneratedConstructorAccessor67.newInstance(Unknown Source)
	at java.base/jdk.internal.reflect.DelegatingConstructorAccessorImpl.newInstance(DelegatingConstructorAccessorImpl.java:45)
	at java.base/java.lang.reflect.Constructor.newInstanceWithCaller(Constructor.java:499)
	at java.base/java.lang.reflect.Constructor.newInstance(Constructor.java:480)
	at com.mysql.jdbc.Util.handleNewInstance(Util.java:425)
	at com.mysql.jdbc.ConnectionImpl.getInstance(ConnectionImpl.java:386)
	at com.mysql.jdbc.NonRegisteringDriver.connect(NonRegisteringDriver.java:330)
	at com.alibaba.druid.filter.FilterChainImpl.connection_connect(FilterChainImpl.java:156)
	at com.alibaba.druid.filter.FilterAdapter.connection_connect(FilterAdapter.java:787)
	at com.alibaba.druid.filter.FilterEventAdapter.connection_connect(FilterEventAdapter.java:38)
	at com.alibaba.druid.filter.FilterChainImpl.connection_connect(FilterChainImpl.java:150)
	at com.alibaba.druid.filter.FilterAdapter.connection_connect(FilterAdapter.java:787)
	at com.alibaba.druid.filter.FilterChainImpl.connection_connect(FilterChainImpl.java:150)
	at com.alibaba.druid.filter.stat.StatFilter.connection_connect(StatFilter.java:218)
	at com.alibaba.druid.filter.FilterChainImpl.connection_connect(FilterChainImpl.java:150)
	at com.alibaba.druid.pool.DruidAbstractDataSource.createPhysicalConnection(DruidAbstractDataSource.java:1598)
	at com.alibaba.druid.pool.DruidAbstractDataSource.createPhysicalConnection(DruidAbstractDataSource.java:1662)
	at com.alibaba.druid.pool.DruidDataSource$CreateConnectionThread.run(DruidDataSource.java:2697)
Caused by: java.net.ConnectException: Connection refused
	at java.base/sun.nio.ch.Net.connect0(Native Method)
	at java.base/sun.nio.ch.Net.connect(Net.java:576)
	at java.base/sun.nio.ch.Net.connect(Net.java:565)
	at java.base/sun.nio.ch.NioSocketImpl.connect(NioSocketImpl.java:588)
	at java.base/java.net.SocksSocketImpl.connect(SocksSocketImpl.java:333)
	at java.base/java.net.Socket.connect(Socket.java:645)
	at com.mysql.jdbc.StandardSocketFactory.connect(StandardSocketFactory.java:211)
	at com.mysql.jdbc.MysqlIO.<init>(MysqlIO.java:301)
	... 23 common frames omitted
2021-08-17 17:45:52.110 [Druid-ConnectionPool-Create-395229891] ERROR com.alibaba.druid.pool.DruidDataSource:2699 - create connection SQLException, url: jdbc:mysql://127.0.0.1:3306/teachingopen?characterEncoding=UTF-8&useUnicode=true&useSSL=false&tinyInt1isBit=false, errorCode 0, state 08S01
com.mysql.jdbc.exceptions.jdbc4.CommunicationsException: Communications link failure

The last packet sent successfully to the server was 0 milliseconds ago. The driver has not received any packets from the server.
	at jdk.internal.reflect.GeneratedConstructorAccessor70.newInstance(Unknown Source)
	at java.base/jdk.internal.reflect.DelegatingConstructorAccessorImpl.newInstance(DelegatingConstructorAccessorImpl.java:45)
	at java.base/java.lang.reflect.Constructor.newInstanceWithCaller(Constructor.java:499)
	at java.base/java.lang.reflect.Constructor.newInstance(Constructor.java:480)
	at com.mysql.jdbc.Util.handleNewInstance(Util.java:425)
	at com.mysql.jdbc.SQLError.createCommunicationsException(SQLError.java:990)
	at com.mysql.jdbc.MysqlIO.<init>(MysqlIO.java:342)
	at com.mysql.jdbc.ConnectionImpl.coreConnect(ConnectionImpl.java:2197)
	at com.mysql.jdbc.ConnectionImpl.connectOneTryOnly(ConnectionImpl.java:2230)
	at com.mysql.jdbc.ConnectionImpl.createNewIO(ConnectionImpl.java:2025)
	at com.mysql.jdbc.ConnectionImpl.<init>(ConnectionImpl.java:778)
	at com.mysql.jdbc.JDBC4Connection.<init>(JDBC4Connection.java:47)
	at jdk.internal.reflect.GeneratedConstructorAccessor67.newInstance(Unknown Source)
	at java.base/jdk.internal.reflect.DelegatingConstructorAccessorImpl.newInstance(DelegatingConstructorAccessorImpl.java:45)
	at java.base/java.lang.reflect.Constructor.newInstanceWithCaller(Constructor.java:499)
	at java.base/java.lang.reflect.Constructor.newInstance(Constructor.java:480)
	at com.mysql.jdbc.Util.handleNewInstance(Util.java:425)
	at com.mysql.jdbc.ConnectionImpl.getInstance(ConnectionImpl.java:386)
	at com.mysql.jdbc.NonRegisteringDriver.connect(NonRegisteringDriver.java:330)
	at com.alibaba.druid.filter.FilterChainImpl.connection_connect(FilterChainImpl.java:156)
	at com.alibaba.druid.filter.FilterAdapter.connection_connect(FilterAdapter.java:787)
	at com.alibaba.druid.filter.FilterEventAdapter.connection_connect(FilterEventAdapter.java:38)
	at com.alibaba.druid.filter.FilterChainImpl.connection_connect(FilterChainImpl.java:150)
	at com.alibaba.druid.filter.FilterAdapter.connection_connect(FilterAdapter.java:787)
	at com.alibaba.druid.filter.FilterChainImpl.connection_connect(FilterChainImpl.java:150)
	at com.alibaba.druid.filter.stat.StatFilter.connection_connect(StatFilter.java:218)
	at com.alibaba.druid.filter.FilterChainImpl.connection_connect(FilterChainImpl.java:150)
	at com.alibaba.druid.pool.DruidAbstractDataSource.createPhysicalConnection(DruidAbstractDataSource.java:1598)
	at com.alibaba.druid.pool.DruidAbstractDataSource.createPhysicalConnection(DruidAbstractDataSource.java:1662)
	at com.alibaba.druid.pool.DruidDataSource$CreateConnectionThread.run(DruidDataSource.java:2697)
Caused by: java.net.ConnectException: Connection refused
	at java.base/sun.nio.ch.Net.connect0(Native Method)
	at java.base/sun.nio.ch.Net.connect(Net.java:576)
	at java.base/sun.nio.ch.Net.connect(Net.java:565)
	at java.base/sun.nio.ch.NioSocketImpl.connect(NioSocketImpl.java:588)
	at java.base/java.net.SocksSocketImpl.connect(SocksSocketImpl.java:333)
	at java.base/java.net.Socket.connect(Socket.java:645)
	at com.mysql.jdbc.StandardSocketFactory.connect(StandardSocketFactory.java:211)
	at com.mysql.jdbc.MysqlIO.<init>(MysqlIO.java:301)
	... 23 common frames omitted
2021-08-17 17:45:53.661 [Druid-ConnectionPool-Create-395229891] ERROR com.alibaba.druid.pool.DruidDataSource:2699 - create connection SQLException, url: jdbc:mysql://127.0.0.1:3306/teachingopen?characterEncoding=UTF-8&useUnicode=true&useSSL=false&tinyInt1isBit=false, errorCode 0, state 08S01
com.mysql.jdbc.exceptions.jdbc4.CommunicationsException: Communications link failure

The last packet sent successfully to the server was 0 milliseconds ago. The driver has not received any packets from the server.
	at jdk.internal.reflect.GeneratedConstructorAccessor70.newInstance(Unknown Source)
	at java.base/jdk.internal.reflect.DelegatingConstructorAccessorImpl.newInstance(DelegatingConstructorAccessorImpl.java:45)
	at java.base/java.lang.reflect.Constructor.newInstanceWithCaller(Constructor.java:499)
	at java.base/java.lang.reflect.Constructor.newInstance(Constructor.java:480)
	at com.mysql.jdbc.Util.handleNewInstance(Util.java:425)
	at com.mysql.jdbc.SQLError.createCommunicationsException(SQLError.java:990)
	at com.mysql.jdbc.MysqlIO.<init>(MysqlIO.java:342)
	at com.mysql.jdbc.ConnectionImpl.coreConnect(ConnectionImpl.java:2197)
	at com.mysql.jdbc.ConnectionImpl.connectOneTryOnly(ConnectionImpl.java:2230)
	at com.mysql.jdbc.ConnectionImpl.createNewIO(ConnectionImpl.java:2025)
	at com.mysql.jdbc.ConnectionImpl.<init>(ConnectionImpl.java:778)
	at com.mysql.jdbc.JDBC4Connection.<init>(JDBC4Connection.java:47)
	at jdk.internal.reflect.GeneratedConstructorAccessor67.newInstance(Unknown Source)
	at java.base/jdk.internal.reflect.DelegatingConstructorAccessorImpl.newInstance(DelegatingConstructorAccessorImpl.java:45)
	at java.base/java.lang.reflect.Constructor.newInstanceWithCaller(Constructor.java:499)
	at java.base/java.lang.reflect.Constructor.newInstance(Constructor.java:480)
	at com.mysql.jdbc.Util.handleNewInstance(Util.java:425)
	at com.mysql.jdbc.ConnectionImpl.getInstance(ConnectionImpl.java:386)
	at com.mysql.jdbc.NonRegisteringDriver.connect(NonRegisteringDriver.java:330)
	at com.alibaba.druid.filter.FilterChainImpl.connection_connect(FilterChainImpl.java:156)
	at com.alibaba.druid.filter.FilterAdapter.connection_connect(FilterAdapter.java:787)
	at com.alibaba.druid.filter.FilterEventAdapter.connection_connect(FilterEventAdapter.java:38)
	at com.alibaba.druid.filter.FilterChainImpl.connection_connect(FilterChainImpl.java:150)
	at com.alibaba.druid.filter.FilterAdapter.connection_connect(FilterAdapter.java:787)
	at com.alibaba.druid.filter.FilterChainImpl.connection_connect(FilterChainImpl.java:150)
	at com.alibaba.druid.filter.stat.StatFilter.connection_connect(StatFilter.java:218)
	at com.alibaba.druid.filter.FilterChainImpl.connection_connect(FilterChainImpl.java:150)
	at com.alibaba.druid.pool.DruidAbstractDataSource.createPhysicalConnection(DruidAbstractDataSource.java:1598)
	at com.alibaba.druid.pool.DruidAbstractDataSource.createPhysicalConnection(DruidAbstractDataSource.java:1662)
	at com.alibaba.druid.pool.DruidDataSource$CreateConnectionThread.run(DruidDataSource.java:2697)
Caused by: java.net.ConnectException: Connection refused
	at java.base/sun.nio.ch.Net.connect0(Native Method)
	at java.base/sun.nio.ch.Net.connect(Net.java:576)
	at java.base/sun.nio.ch.Net.connect(Net.java:565)
	at java.base/sun.nio.ch.NioSocketImpl.connect(NioSocketImpl.java:588)
	at java.base/java.net.SocksSocketImpl.connect(SocksSocketImpl.java:333)
	at java.base/java.net.Socket.connect(Socket.java:645)
	at com.mysql.jdbc.StandardSocketFactory.connect(StandardSocketFactory.java:211)
	at com.mysql.jdbc.MysqlIO.<init>(MysqlIO.java:301)
	... 23 common frames omitted
2021-08-17 17:45:55.212 [Druid-ConnectionPool-Create-395229891] ERROR com.alibaba.druid.pool.DruidDataSource:2699 - create connection SQLException, url: jdbc:mysql://127.0.0.1:3306/teachingopen?characterEncoding=UTF-8&useUnicode=true&useSSL=false&tinyInt1isBit=false, errorCode 0, state 08S01
com.mysql.jdbc.exceptions.jdbc4.CommunicationsException: Communications link failure

The last packet sent successfully to the server was 0 milliseconds ago. The driver has not received any packets from the server.
	at jdk.internal.reflect.GeneratedConstructorAccessor70.newInstance(Unknown Source)
	at java.base/jdk.internal.reflect.DelegatingConstructorAccessorImpl.newInstance(DelegatingConstructorAccessorImpl.java:45)
	at java.base/java.lang.reflect.Constructor.newInstanceWithCaller(Constructor.java:499)
	at java.base/java.lang.reflect.Constructor.newInstance(Constructor.java:480)
	at com.mysql.jdbc.Util.handleNewInstance(Util.java:425)
	at com.mysql.jdbc.SQLError.createCommunicationsException(SQLError.java:990)
	at com.mysql.jdbc.MysqlIO.<init>(MysqlIO.java:342)
	at com.mysql.jdbc.ConnectionImpl.coreConnect(ConnectionImpl.java:2197)
	at com.mysql.jdbc.ConnectionImpl.connectOneTryOnly(ConnectionImpl.java:2230)
	at com.mysql.jdbc.ConnectionImpl.createNewIO(ConnectionImpl.java:2025)
	at com.mysql.jdbc.ConnectionImpl.<init>(ConnectionImpl.java:778)
	at com.mysql.jdbc.JDBC4Connection.<init>(JDBC4Connection.java:47)
	at jdk.internal.reflect.GeneratedConstructorAccessor67.newInstance(Unknown Source)
	at java.base/jdk.internal.reflect.DelegatingConstructorAccessorImpl.newInstance(DelegatingConstructorAccessorImpl.java:45)
	at java.base/java.lang.reflect.Constructor.newInstanceWithCaller(Constructor.java:499)
	at java.base/java.lang.reflect.Constructor.newInstance(Constructor.java:480)
	at com.mysql.jdbc.Util.handleNewInstance(Util.java:425)
	at com.mysql.jdbc.ConnectionImpl.getInstance(ConnectionImpl.java:386)
	at com.mysql.jdbc.NonRegisteringDriver.connect(NonRegisteringDriver.java:330)
	at com.alibaba.druid.filter.FilterChainImpl.connection_connect(FilterChainImpl.java:156)
	at com.alibaba.druid.filter.FilterAdapter.connection_connect(FilterAdapter.java:787)
	at com.alibaba.druid.filter.FilterEventAdapter.connection_connect(FilterEventAdapter.java:38)
	at com.alibaba.druid.filter.FilterChainImpl.connection_connect(FilterChainImpl.java:150)
	at com.alibaba.druid.filter.FilterAdapter.connection_connect(FilterAdapter.java:787)
	at com.alibaba.druid.filter.FilterChainImpl.connection_connect(FilterChainImpl.java:150)
	at com.alibaba.druid.filter.stat.StatFilter.connection_connect(StatFilter.java:218)
	at com.alibaba.druid.filter.FilterChainImpl.connection_connect(FilterChainImpl.java:150)
	at com.alibaba.druid.pool.DruidAbstractDataSource.createPhysicalConnection(DruidAbstractDataSource.java:1598)
	at com.alibaba.druid.pool.DruidAbstractDataSource.createPhysicalConnection(DruidAbstractDataSource.java:1662)
	at com.alibaba.druid.pool.DruidDataSource$CreateConnectionThread.run(DruidDataSource.java:2697)
Caused by: java.net.ConnectException: Connection refused
	at java.base/sun.nio.ch.Net.connect0(Native Method)
	at java.base/sun.nio.ch.Net.connect(Net.java:576)
	at java.base/sun.nio.ch.Net.connect(Net.java:565)
	at java.base/sun.nio.ch.NioSocketImpl.connect(NioSocketImpl.java:588)
	at java.base/java.net.SocksSocketImpl.connect(SocksSocketImpl.java:333)
	at java.base/java.net.Socket.connect(Socket.java:645)
	at com.mysql.jdbc.StandardSocketFactory.connect(StandardSocketFactory.java:211)
	at com.mysql.jdbc.MysqlIO.<init>(MysqlIO.java:301)
	... 23 common frames omitted
2021-08-17 17:45:56.761 [Druid-ConnectionPool-Create-395229891] ERROR com.alibaba.druid.pool.DruidDataSource:2699 - create connection SQLException, url: jdbc:mysql://127.0.0.1:3306/teachingopen?characterEncoding=UTF-8&useUnicode=true&useSSL=false&tinyInt1isBit=false, errorCode 0, state 08S01
com.mysql.jdbc.exceptions.jdbc4.CommunicationsException: Communications link failure

The last packet sent successfully to the server was 0 milliseconds ago. The driver has not received any packets from the server.
	at jdk.internal.reflect.GeneratedConstructorAccessor70.newInstance(Unknown Source)
	at java.base/jdk.internal.reflect.DelegatingConstructorAccessorImpl.newInstance(DelegatingConstructorAccessorImpl.java:45)
	at java.base/java.lang.reflect.Constructor.newInstanceWithCaller(Constructor.java:499)
	at java.base/java.lang.reflect.Constructor.newInstance(Constructor.java:480)
	at com.mysql.jdbc.Util.handleNewInstance(Util.java:425)
	at com.mysql.jdbc.SQLError.createCommunicationsException(SQLError.java:990)
	at com.mysql.jdbc.MysqlIO.<init>(MysqlIO.java:342)
	at com.mysql.jdbc.ConnectionImpl.coreConnect(ConnectionImpl.java:2197)
	at com.mysql.jdbc.ConnectionImpl.connectOneTryOnly(ConnectionImpl.java:2230)
	at com.mysql.jdbc.ConnectionImpl.createNewIO(ConnectionImpl.java:2025)
	at com.mysql.jdbc.ConnectionImpl.<init>(ConnectionImpl.java:778)
	at com.mysql.jdbc.JDBC4Connection.<init>(JDBC4Connection.java:47)
	at jdk.internal.reflect.GeneratedConstructorAccessor67.newInstance(Unknown Source)
	at java.base/jdk.internal.reflect.DelegatingConstructorAccessorImpl.newInstance(DelegatingConstructorAccessorImpl.java:45)
	at java.base/java.lang.reflect.Constructor.newInstanceWithCaller(Constructor.java:499)
	at java.base/java.lang.reflect.Constructor.newInstance(Constructor.java:480)
	at com.mysql.jdbc.Util.handleNewInstance(Util.java:425)
	at com.mysql.jdbc.ConnectionImpl.getInstance(ConnectionImpl.java:386)
	at com.mysql.jdbc.NonRegisteringDriver.connect(NonRegisteringDriver.java:330)
	at com.alibaba.druid.filter.FilterChainImpl.connection_connect(FilterChainImpl.java:156)
	at com.alibaba.druid.filter.FilterAdapter.connection_connect(FilterAdapter.java:787)
	at com.alibaba.druid.filter.FilterEventAdapter.connection_connect(FilterEventAdapter.java:38)
	at com.alibaba.druid.filter.FilterChainImpl.connection_connect(FilterChainImpl.java:150)
	at com.alibaba.druid.filter.FilterAdapter.connection_connect(FilterAdapter.java:787)
	at com.alibaba.druid.filter.FilterChainImpl.connection_connect(FilterChainImpl.java:150)
	at com.alibaba.druid.filter.stat.StatFilter.connection_connect(StatFilter.java:218)
	at com.alibaba.druid.filter.FilterChainImpl.connection_connect(FilterChainImpl.java:150)
	at com.alibaba.druid.pool.DruidAbstractDataSource.createPhysicalConnection(DruidAbstractDataSource.java:1598)
	at com.alibaba.druid.pool.DruidAbstractDataSource.createPhysicalConnection(DruidAbstractDataSource.java:1662)
	at com.alibaba.druid.pool.DruidDataSource$CreateConnectionThread.run(DruidDataSource.java:2697)
Caused by: java.net.ConnectException: Connection refused
	at java.base/sun.nio.ch.Net.connect0(Native Method)
	at java.base/sun.nio.ch.Net.connect(Net.java:576)
	at java.base/sun.nio.ch.Net.connect(Net.java:565)
	at java.base/sun.nio.ch.NioSocketImpl.connect(NioSocketImpl.java:588)
	at java.base/java.net.SocksSocketImpl.connect(SocksSocketImpl.java:333)
	at java.base/java.net.Socket.connect(Socket.java:645)
	at com.mysql.jdbc.StandardSocketFactory.connect(StandardSocketFactory.java:211)
	at com.mysql.jdbc.MysqlIO.<init>(MysqlIO.java:301)
	... 23 common frames omitted
2021-08-17 17:45:58.313 [Druid-ConnectionPool-Create-395229891] ERROR com.alibaba.druid.pool.DruidDataSource:2699 - create connection SQLException, url: jdbc:mysql://127.0.0.1:3306/teachingopen?characterEncoding=UTF-8&useUnicode=true&useSSL=false&tinyInt1isBit=false, errorCode 0, state 08S01
com.mysql.jdbc.exceptions.jdbc4.CommunicationsException: Communications link failure

The last packet sent successfully to the server was 0 milliseconds ago. The driver has not received any packets from the server.
	at jdk.internal.reflect.GeneratedConstructorAccessor70.newInstance(Unknown Source)
	at java.base/jdk.internal.reflect.DelegatingConstructorAccessorImpl.newInstance(DelegatingConstructorAccessorImpl.java:45)
	at java.base/java.lang.reflect.Constructor.newInstanceWithCaller(Constructor.java:499)
	at java.base/java.lang.reflect.Constructor.newInstance(Constructor.java:480)
	at com.mysql.jdbc.Util.handleNewInstance(Util.java:425)
	at com.mysql.jdbc.SQLError.createCommunicationsException(SQLError.java:990)
	at com.mysql.jdbc.MysqlIO.<init>(MysqlIO.java:342)
	at com.mysql.jdbc.ConnectionImpl.coreConnect(ConnectionImpl.java:2197)
	at com.mysql.jdbc.ConnectionImpl.connectOneTryOnly(ConnectionImpl.java:2230)
	at com.mysql.jdbc.ConnectionImpl.createNewIO(ConnectionImpl.java:2025)
	at com.mysql.jdbc.ConnectionImpl.<init>(ConnectionImpl.java:778)
	at com.mysql.jdbc.JDBC4Connection.<init>(JDBC4Connection.java:47)
	at jdk.internal.reflect.GeneratedConstructorAccessor67.newInstance(Unknown Source)
	at java.base/jdk.internal.reflect.DelegatingConstructorAccessorImpl.newInstance(DelegatingConstructorAccessorImpl.java:45)
	at java.base/java.lang.reflect.Constructor.newInstanceWithCaller(Constructor.java:499)
	at java.base/java.lang.reflect.Constructor.newInstance(Constructor.java:480)
	at com.mysql.jdbc.Util.handleNewInstance(Util.java:425)
	at com.mysql.jdbc.ConnectionImpl.getInstance(ConnectionImpl.java:386)
	at com.mysql.jdbc.NonRegisteringDriver.connect(NonRegisteringDriver.java:330)
	at com.alibaba.druid.filter.FilterChainImpl.connection_connect(FilterChainImpl.java:156)
	at com.alibaba.druid.filter.FilterAdapter.connection_connect(FilterAdapter.java:787)
	at com.alibaba.druid.filter.FilterEventAdapter.connection_connect(FilterEventAdapter.java:38)
	at com.alibaba.druid.filter.FilterChainImpl.connection_connect(FilterChainImpl.java:150)
	at com.alibaba.druid.filter.FilterAdapter.connection_connect(FilterAdapter.java:787)
	at com.alibaba.druid.filter.FilterChainImpl.connection_connect(FilterChainImpl.java:150)
	at com.alibaba.druid.filter.stat.StatFilter.connection_connect(StatFilter.java:218)
	at com.alibaba.druid.filter.FilterChainImpl.connection_connect(FilterChainImpl.java:150)
	at com.alibaba.druid.pool.DruidAbstractDataSource.createPhysicalConnection(DruidAbstractDataSource.java:1598)
	at com.alibaba.druid.pool.DruidAbstractDataSource.createPhysicalConnection(DruidAbstractDataSource.java:1662)
	at com.alibaba.druid.pool.DruidDataSource$CreateConnectionThread.run(DruidDataSource.java:2697)
Caused by: java.net.ConnectException: Connection refused
	at java.base/sun.nio.ch.Net.connect0(Native Method)
	at java.base/sun.nio.ch.Net.connect(Net.java:576)
	at java.base/sun.nio.ch.Net.connect(Net.java:565)
	at java.base/sun.nio.ch.NioSocketImpl.connect(NioSocketImpl.java:588)
	at java.base/java.net.SocksSocketImpl.connect(SocksSocketImpl.java:333)
	at java.base/java.net.Socket.connect(Socket.java:645)
	at com.mysql.jdbc.StandardSocketFactory.connect(StandardSocketFactory.java:211)
	at com.mysql.jdbc.MysqlIO.<init>(MysqlIO.java:301)
	... 23 common frames omitted
2021-08-17 17:45:59.863 [Druid-ConnectionPool-Create-395229891] ERROR com.alibaba.druid.pool.DruidDataSource:2699 - create connection SQLException, url: jdbc:mysql://127.0.0.1:3306/teachingopen?characterEncoding=UTF-8&useUnicode=true&useSSL=false&tinyInt1isBit=false, errorCode 0, state 08S01
com.mysql.jdbc.exceptions.jdbc4.CommunicationsException: Communications link failure

The last packet sent successfully to the server was 0 milliseconds ago. The driver has not received any packets from the server.
	at jdk.internal.reflect.GeneratedConstructorAccessor70.newInstance(Unknown Source)
	at java.base/jdk.internal.reflect.DelegatingConstructorAccessorImpl.newInstance(DelegatingConstructorAccessorImpl.java:45)
	at java.base/java.lang.reflect.Constructor.newInstanceWithCaller(Constructor.java:499)
	at java.base/java.lang.reflect.Constructor.newInstance(Constructor.java:480)
	at com.mysql.jdbc.Util.handleNewInstance(Util.java:425)
	at com.mysql.jdbc.SQLError.createCommunicationsException(SQLError.java:990)
	at com.mysql.jdbc.MysqlIO.<init>(MysqlIO.java:342)
	at com.mysql.jdbc.ConnectionImpl.coreConnect(ConnectionImpl.java:2197)
	at com.mysql.jdbc.ConnectionImpl.connectOneTryOnly(ConnectionImpl.java:2230)
	at com.mysql.jdbc.ConnectionImpl.createNewIO(ConnectionImpl.java:2025)
	at com.mysql.jdbc.ConnectionImpl.<init>(ConnectionImpl.java:778)
	at com.mysql.jdbc.JDBC4Connection.<init>(JDBC4Connection.java:47)
	at jdk.internal.reflect.GeneratedConstructorAccessor67.newInstance(Unknown Source)
	at java.base/jdk.internal.reflect.DelegatingConstructorAccessorImpl.newInstance(DelegatingConstructorAccessorImpl.java:45)
	at java.base/java.lang.reflect.Constructor.newInstanceWithCaller(Constructor.java:499)
	at java.base/java.lang.reflect.Constructor.newInstance(Constructor.java:480)
	at com.mysql.jdbc.Util.handleNewInstance(Util.java:425)
	at com.mysql.jdbc.ConnectionImpl.getInstance(ConnectionImpl.java:386)
	at com.mysql.jdbc.NonRegisteringDriver.connect(NonRegisteringDriver.java:330)
	at com.alibaba.druid.filter.FilterChainImpl.connection_connect(FilterChainImpl.java:156)
	at com.alibaba.druid.filter.FilterAdapter.connection_connect(FilterAdapter.java:787)
	at com.alibaba.druid.filter.FilterEventAdapter.connection_connect(FilterEventAdapter.java:38)
	at com.alibaba.druid.filter.FilterChainImpl.connection_connect(FilterChainImpl.java:150)
	at com.alibaba.druid.filter.FilterAdapter.connection_connect(FilterAdapter.java:787)
	at com.alibaba.druid.filter.FilterChainImpl.connection_connect(FilterChainImpl.java:150)
	at com.alibaba.druid.filter.stat.StatFilter.connection_connect(StatFilter.java:218)
	at com.alibaba.druid.filter.FilterChainImpl.connection_connect(FilterChainImpl.java:150)
	at com.alibaba.druid.pool.DruidAbstractDataSource.createPhysicalConnection(DruidAbstractDataSource.java:1598)
	at com.alibaba.druid.pool.DruidAbstractDataSource.createPhysicalConnection(DruidAbstractDataSource.java:1662)
	at com.alibaba.druid.pool.DruidDataSource$CreateConnectionThread.run(DruidDataSource.java:2697)
Caused by: java.net.ConnectException: Connection refused
	at java.base/sun.nio.ch.Net.connect0(Native Method)
	at java.base/sun.nio.ch.Net.connect(Net.java:576)
	at java.base/sun.nio.ch.Net.connect(Net.java:565)
	at java.base/sun.nio.ch.NioSocketImpl.connect(NioSocketImpl.java:588)
	at java.base/java.net.SocksSocketImpl.connect(SocksSocketImpl.java:333)
	at java.base/java.net.Socket.connect(Socket.java:645)
	at com.mysql.jdbc.StandardSocketFactory.connect(StandardSocketFactory.java:211)
	at com.mysql.jdbc.MysqlIO.<init>(MysqlIO.java:301)
	... 23 common frames omitted
2021-08-17 17:46:01.410 [Druid-ConnectionPool-Create-395229891] ERROR com.alibaba.druid.pool.DruidDataSource:2699 - create connection SQLException, url: jdbc:mysql://127.0.0.1:3306/teachingopen?characterEncoding=UTF-8&useUnicode=true&useSSL=false&tinyInt1isBit=false, errorCode 0, state 08S01
com.mysql.jdbc.exceptions.jdbc4.CommunicationsException: Communications link failure

The last packet sent successfully to the server was 0 milliseconds ago. The driver has not received any packets from the server.
	at jdk.internal.reflect.GeneratedConstructorAccessor70.newInstance(Unknown Source)
	at java.base/jdk.internal.reflect.DelegatingConstructorAccessorImpl.newInstance(DelegatingConstructorAccessorImpl.java:45)
	at java.base/java.lang.reflect.Constructor.newInstanceWithCaller(Constructor.java:499)
	at java.base/java.lang.reflect.Constructor.newInstance(Constructor.java:480)
	at com.mysql.jdbc.Util.handleNewInstance(Util.java:425)
	at com.mysql.jdbc.SQLError.createCommunicationsException(SQLError.java:990)
	at com.mysql.jdbc.MysqlIO.<init>(MysqlIO.java:342)
	at com.mysql.jdbc.ConnectionImpl.coreConnect(ConnectionImpl.java:2197)
	at com.mysql.jdbc.ConnectionImpl.connectOneTryOnly(ConnectionImpl.java:2230)
	at com.mysql.jdbc.ConnectionImpl.createNewIO(ConnectionImpl.java:2025)
	at com.mysql.jdbc.ConnectionImpl.<init>(ConnectionImpl.java:778)
	at com.mysql.jdbc.JDBC4Connection.<init>(JDBC4Connection.java:47)
	at jdk.internal.reflect.GeneratedConstructorAccessor67.newInstance(Unknown Source)
	at java.base/jdk.internal.reflect.DelegatingConstructorAccessorImpl.newInstance(DelegatingConstructorAccessorImpl.java:45)
	at java.base/java.lang.reflect.Constructor.newInstanceWithCaller(Constructor.java:499)
	at java.base/java.lang.reflect.Constructor.newInstance(Constructor.java:480)
	at com.mysql.jdbc.Util.handleNewInstance(Util.java:425)
	at com.mysql.jdbc.ConnectionImpl.getInstance(ConnectionImpl.java:386)
	at com.mysql.jdbc.NonRegisteringDriver.connect(NonRegisteringDriver.java:330)
	at com.alibaba.druid.filter.FilterChainImpl.connection_connect(FilterChainImpl.java:156)
	at com.alibaba.druid.filter.FilterAdapter.connection_connect(FilterAdapter.java:787)
	at com.alibaba.druid.filter.FilterEventAdapter.connection_connect(FilterEventAdapter.java:38)
	at com.alibaba.druid.filter.FilterChainImpl.connection_connect(FilterChainImpl.java:150)
	at com.alibaba.druid.filter.FilterAdapter.connection_connect(FilterAdapter.java:787)
	at com.alibaba.druid.filter.FilterChainImpl.connection_connect(FilterChainImpl.java:150)
	at com.alibaba.druid.filter.stat.StatFilter.connection_connect(StatFilter.java:218)
	at com.alibaba.druid.filter.FilterChainImpl.connection_connect(FilterChainImpl.java:150)
	at com.alibaba.druid.pool.DruidAbstractDataSource.createPhysicalConnection(DruidAbstractDataSource.java:1598)
	at com.alibaba.druid.pool.DruidAbstractDataSource.createPhysicalConnection(DruidAbstractDataSource.java:1662)
	at com.alibaba.druid.pool.DruidDataSource$CreateConnectionThread.run(DruidDataSource.java:2697)
Caused by: java.net.ConnectException: Connection refused
	at java.base/sun.nio.ch.Net.connect0(Native Method)
	at java.base/sun.nio.ch.Net.connect(Net.java:576)
	at java.base/sun.nio.ch.Net.connect(Net.java:565)
	at java.base/sun.nio.ch.NioSocketImpl.connect(NioSocketImpl.java:588)
	at java.base/java.net.SocksSocketImpl.connect(SocksSocketImpl.java:333)
	at java.base/java.net.Socket.connect(Socket.java:645)
	at com.mysql.jdbc.StandardSocketFactory.connect(StandardSocketFactory.java:211)
	at com.mysql.jdbc.MysqlIO.<init>(MysqlIO.java:301)
	... 23 common frames omitted
2021-08-17 17:46:02.960 [Druid-ConnectionPool-Create-395229891] ERROR com.alibaba.druid.pool.DruidDataSource:2699 - create connection SQLException, url: jdbc:mysql://127.0.0.1:3306/teachingopen?characterEncoding=UTF-8&useUnicode=true&useSSL=false&tinyInt1isBit=false, errorCode 0, state 08S01
com.mysql.jdbc.exceptions.jdbc4.CommunicationsException: Communications link failure

The last packet sent successfully to the server was 0 milliseconds ago. The driver has not received any packets from the server.
	at jdk.internal.reflect.GeneratedConstructorAccessor70.newInstance(Unknown Source)
	at java.base/jdk.internal.reflect.DelegatingConstructorAccessorImpl.newInstance(DelegatingConstructorAccessorImpl.java:45)
	at java.base/java.lang.reflect.Constructor.newInstanceWithCaller(Constructor.java:499)
	at java.base/java.lang.reflect.Constructor.newInstance(Constructor.java:480)
	at com.mysql.jdbc.Util.handleNewInstance(Util.java:425)
	at com.mysql.jdbc.SQLError.createCommunicationsException(SQLError.java:990)
	at com.mysql.jdbc.MysqlIO.<init>(MysqlIO.java:342)
	at com.mysql.jdbc.ConnectionImpl.coreConnect(ConnectionImpl.java:2197)
	at com.mysql.jdbc.ConnectionImpl.connectOneTryOnly(ConnectionImpl.java:2230)
	at com.mysql.jdbc.ConnectionImpl.createNewIO(ConnectionImpl.java:2025)
	at com.mysql.jdbc.ConnectionImpl.<init>(ConnectionImpl.java:778)
	at com.mysql.jdbc.JDBC4Connection.<init>(JDBC4Connection.java:47)
	at jdk.internal.reflect.GeneratedConstructorAccessor67.newInstance(Unknown Source)
	at java.base/jdk.internal.reflect.DelegatingConstructorAccessorImpl.newInstance(DelegatingConstructorAccessorImpl.java:45)
	at java.base/java.lang.reflect.Constructor.newInstanceWithCaller(Constructor.java:499)
	at java.base/java.lang.reflect.Constructor.newInstance(Constructor.java:480)
	at com.mysql.jdbc.Util.handleNewInstance(Util.java:425)
	at com.mysql.jdbc.ConnectionImpl.getInstance(ConnectionImpl.java:386)
	at com.mysql.jdbc.NonRegisteringDriver.connect(NonRegisteringDriver.java:330)
	at com.alibaba.druid.filter.FilterChainImpl.connection_connect(FilterChainImpl.java:156)
	at com.alibaba.druid.filter.FilterAdapter.connection_connect(FilterAdapter.java:787)
	at com.alibaba.druid.filter.FilterEventAdapter.connection_connect(FilterEventAdapter.java:38)
	at com.alibaba.druid.filter.FilterChainImpl.connection_connect(FilterChainImpl.java:150)
	at com.alibaba.druid.filter.FilterAdapter.connection_connect(FilterAdapter.java:787)
	at com.alibaba.druid.filter.FilterChainImpl.connection_connect(FilterChainImpl.java:150)
	at com.alibaba.druid.filter.stat.StatFilter.connection_connect(StatFilter.java:218)
	at com.alibaba.druid.filter.FilterChainImpl.connection_connect(FilterChainImpl.java:150)
	at com.alibaba.druid.pool.DruidAbstractDataSource.createPhysicalConnection(DruidAbstractDataSource.java:1598)
	at com.alibaba.druid.pool.DruidAbstractDataSource.createPhysicalConnection(DruidAbstractDataSource.java:1662)
	at com.alibaba.druid.pool.DruidDataSource$CreateConnectionThread.run(DruidDataSource.java:2697)
Caused by: java.net.ConnectException: Connection refused
	at java.base/sun.nio.ch.Net.connect0(Native Method)
	at java.base/sun.nio.ch.Net.connect(Net.java:576)
	at java.base/sun.nio.ch.Net.connect(Net.java:565)
	at java.base/sun.nio.ch.NioSocketImpl.connect(NioSocketImpl.java:588)
	at java.base/java.net.SocksSocketImpl.connect(SocksSocketImpl.java:333)
	at java.base/java.net.Socket.connect(Socket.java:645)
	at com.mysql.jdbc.StandardSocketFactory.connect(StandardSocketFactory.java:211)
	at com.mysql.jdbc.MysqlIO.<init>(MysqlIO.java:301)
	... 23 common frames omitted
2021-08-17 17:46:04.510 [Druid-ConnectionPool-Create-395229891] ERROR com.alibaba.druid.pool.DruidDataSource:2699 - create connection SQLException, url: jdbc:mysql://127.0.0.1:3306/teachingopen?characterEncoding=UTF-8&useUnicode=true&useSSL=false&tinyInt1isBit=false, errorCode 0, state 08S01
com.mysql.jdbc.exceptions.jdbc4.CommunicationsException: Communications link failure

The last packet sent successfully to the server was 0 milliseconds ago. The driver has not received any packets from the server.
	at jdk.internal.reflect.GeneratedConstructorAccessor70.newInstance(Unknown Source)
	at java.base/jdk.internal.reflect.DelegatingConstructorAccessorImpl.newInstance(DelegatingConstructorAccessorImpl.java:45)
	at java.base/java.lang.reflect.Constructor.newInstanceWithCaller(Constructor.java:499)
	at java.base/java.lang.reflect.Constructor.newInstance(Constructor.java:480)
	at com.mysql.jdbc.Util.handleNewInstance(Util.java:425)
	at com.mysql.jdbc.SQLError.createCommunicationsException(SQLError.java:990)
	at com.mysql.jdbc.MysqlIO.<init>(MysqlIO.java:342)
	at com.mysql.jdbc.ConnectionImpl.coreConnect(ConnectionImpl.java:2197)
	at com.mysql.jdbc.ConnectionImpl.connectOneTryOnly(ConnectionImpl.java:2230)
	at com.mysql.jdbc.ConnectionImpl.createNewIO(ConnectionImpl.java:2025)
	at com.mysql.jdbc.ConnectionImpl.<init>(ConnectionImpl.java:778)
	at com.mysql.jdbc.JDBC4Connection.<init>(JDBC4Connection.java:47)
	at jdk.internal.reflect.GeneratedConstructorAccessor67.newInstance(Unknown Source)
	at java.base/jdk.internal.reflect.DelegatingConstructorAccessorImpl.newInstance(DelegatingConstructorAccessorImpl.java:45)
	at java.base/java.lang.reflect.Constructor.newInstanceWithCaller(Constructor.java:499)
	at java.base/java.lang.reflect.Constructor.newInstance(Constructor.java:480)
	at com.mysql.jdbc.Util.handleNewInstance(Util.java:425)
	at com.mysql.jdbc.ConnectionImpl.getInstance(ConnectionImpl.java:386)
	at com.mysql.jdbc.NonRegisteringDriver.connect(NonRegisteringDriver.java:330)
	at com.alibaba.druid.filter.FilterChainImpl.connection_connect(FilterChainImpl.java:156)
	at com.alibaba.druid.filter.FilterAdapter.connection_connect(FilterAdapter.java:787)
	at com.alibaba.druid.filter.FilterEventAdapter.connection_connect(FilterEventAdapter.java:38)
	at com.alibaba.druid.filter.FilterChainImpl.connection_connect(FilterChainImpl.java:150)
	at com.alibaba.druid.filter.FilterAdapter.connection_connect(FilterAdapter.java:787)
	at com.alibaba.druid.filter.FilterChainImpl.connection_connect(FilterChainImpl.java:150)
	at com.alibaba.druid.filter.stat.StatFilter.connection_connect(StatFilter.java:218)
	at com.alibaba.druid.filter.FilterChainImpl.connection_connect(FilterChainImpl.java:150)
	at com.alibaba.druid.pool.DruidAbstractDataSource.createPhysicalConnection(DruidAbstractDataSource.java:1598)
	at com.alibaba.druid.pool.DruidAbstractDataSource.createPhysicalConnection(DruidAbstractDataSource.java:1662)
	at com.alibaba.druid.pool.DruidDataSource$CreateConnectionThread.run(DruidDataSource.java:2697)
Caused by: java.net.ConnectException: Connection refused
	at java.base/sun.nio.ch.Net.connect0(Native Method)
	at java.base/sun.nio.ch.Net.connect(Net.java:576)
	at java.base/sun.nio.ch.Net.connect(Net.java:565)
	at java.base/sun.nio.ch.NioSocketImpl.connect(NioSocketImpl.java:588)
	at java.base/java.net.SocksSocketImpl.connect(SocksSocketImpl.java:333)
	at java.base/java.net.Socket.connect(Socket.java:645)
	at com.mysql.jdbc.StandardSocketFactory.connect(StandardSocketFactory.java:211)
	at com.mysql.jdbc.MysqlIO.<init>(MysqlIO.java:301)
	... 23 common frames omitted
2021-08-17 17:46:06.057 [Druid-ConnectionPool-Create-395229891] ERROR com.alibaba.druid.pool.DruidDataSource:2699 - create connection SQLException, url: jdbc:mysql://127.0.0.1:3306/teachingopen?characterEncoding=UTF-8&useUnicode=true&useSSL=false&tinyInt1isBit=false, errorCode 0, state 08S01
com.mysql.jdbc.exceptions.jdbc4.CommunicationsException: Communications link failure

The last packet sent successfully to the server was 0 milliseconds ago. The driver has not received any packets from the server.
	at jdk.internal.reflect.GeneratedConstructorAccessor70.newInstance(Unknown Source)
	at java.base/jdk.internal.reflect.DelegatingConstructorAccessorImpl.newInstance(DelegatingConstructorAccessorImpl.java:45)
	at java.base/java.lang.reflect.Constructor.newInstanceWithCaller(Constructor.java:499)
	at java.base/java.lang.reflect.Constructor.newInstance(Constructor.java:480)
	at com.mysql.jdbc.Util.handleNewInstance(Util.java:425)
	at com.mysql.jdbc.SQLError.createCommunicationsException(SQLError.java:990)
	at com.mysql.jdbc.MysqlIO.<init>(MysqlIO.java:342)
	at com.mysql.jdbc.ConnectionImpl.coreConnect(ConnectionImpl.java:2197)
	at com.mysql.jdbc.ConnectionImpl.connectOneTryOnly(ConnectionImpl.java:2230)
	at com.mysql.jdbc.ConnectionImpl.createNewIO(ConnectionImpl.java:2025)
	at com.mysql.jdbc.ConnectionImpl.<init>(ConnectionImpl.java:778)
	at com.mysql.jdbc.JDBC4Connection.<init>(JDBC4Connection.java:47)
	at jdk.internal.reflect.GeneratedConstructorAccessor67.newInstance(Unknown Source)
	at java.base/jdk.internal.reflect.DelegatingConstructorAccessorImpl.newInstance(DelegatingConstructorAccessorImpl.java:45)
	at java.base/java.lang.reflect.Constructor.newInstanceWithCaller(Constructor.java:499)
	at java.base/java.lang.reflect.Constructor.newInstance(Constructor.java:480)
	at com.mysql.jdbc.Util.handleNewInstance(Util.java:425)
	at com.mysql.jdbc.ConnectionImpl.getInstance(ConnectionImpl.java:386)
	at com.mysql.jdbc.NonRegisteringDriver.connect(NonRegisteringDriver.java:330)
	at com.alibaba.druid.filter.FilterChainImpl.connection_connect(FilterChainImpl.java:156)
	at com.alibaba.druid.filter.FilterAdapter.connection_connect(FilterAdapter.java:787)
	at com.alibaba.druid.filter.FilterEventAdapter.connection_connect(FilterEventAdapter.java:38)
	at com.alibaba.druid.filter.FilterChainImpl.connection_connect(FilterChainImpl.java:150)
	at com.alibaba.druid.filter.FilterAdapter.connection_connect(FilterAdapter.java:787)
	at com.alibaba.druid.filter.FilterChainImpl.connection_connect(FilterChainImpl.java:150)
	at com.alibaba.druid.filter.stat.StatFilter.connection_connect(StatFilter.java:218)
	at com.alibaba.druid.filter.FilterChainImpl.connection_connect(FilterChainImpl.java:150)
	at com.alibaba.druid.pool.DruidAbstractDataSource.createPhysicalConnection(DruidAbstractDataSource.java:1598)
	at com.alibaba.druid.pool.DruidAbstractDataSource.createPhysicalConnection(DruidAbstractDataSource.java:1662)
	at com.alibaba.druid.pool.DruidDataSource$CreateConnectionThread.run(DruidDataSource.java:2697)
Caused by: java.net.ConnectException: Connection refused
	at java.base/sun.nio.ch.Net.connect0(Native Method)
	at java.base/sun.nio.ch.Net.connect(Net.java:576)
	at java.base/sun.nio.ch.Net.connect(Net.java:565)
	at java.base/sun.nio.ch.NioSocketImpl.connect(NioSocketImpl.java:588)
	at java.base/java.net.SocksSocketImpl.connect(SocksSocketImpl.java:333)
	at java.base/java.net.Socket.connect(Socket.java:645)
	at com.mysql.jdbc.StandardSocketFactory.connect(StandardSocketFactory.java:211)
	at com.mysql.jdbc.MysqlIO.<init>(MysqlIO.java:301)
	... 23 common frames omitted
2021-08-17 17:46:07.608 [Druid-ConnectionPool-Create-395229891] ERROR com.alibaba.druid.pool.DruidDataSource:2699 - create connection SQLException, url: jdbc:mysql://127.0.0.1:3306/teachingopen?characterEncoding=UTF-8&useUnicode=true&useSSL=false&tinyInt1isBit=false, errorCode 0, state 08S01
com.mysql.jdbc.exceptions.jdbc4.CommunicationsException: Communications link failure

The last packet sent successfully to the server was 0 milliseconds ago. The driver has not received any packets from the server.
	at jdk.internal.reflect.GeneratedConstructorAccessor70.newInstance(Unknown Source)
	at java.base/jdk.internal.reflect.DelegatingConstructorAccessorImpl.newInstance(DelegatingConstructorAccessorImpl.java:45)
	at java.base/java.lang.reflect.Constructor.newInstanceWithCaller(Constructor.java:499)
	at java.base/java.lang.reflect.Constructor.newInstance(Constructor.java:480)
	at com.mysql.jdbc.Util.handleNewInstance(Util.java:425)
	at com.mysql.jdbc.SQLError.createCommunicationsException(SQLError.java:990)
	at com.mysql.jdbc.MysqlIO.<init>(MysqlIO.java:342)
	at com.mysql.jdbc.ConnectionImpl.coreConnect(ConnectionImpl.java:2197)
	at com.mysql.jdbc.ConnectionImpl.connectOneTryOnly(ConnectionImpl.java:2230)
	at com.mysql.jdbc.ConnectionImpl.createNewIO(ConnectionImpl.java:2025)
	at com.mysql.jdbc.ConnectionImpl.<init>(ConnectionImpl.java:778)
	at com.mysql.jdbc.JDBC4Connection.<init>(JDBC4Connection.java:47)
	at jdk.internal.reflect.GeneratedConstructorAccessor67.newInstance(Unknown Source)
	at java.base/jdk.internal.reflect.DelegatingConstructorAccessorImpl.newInstance(DelegatingConstructorAccessorImpl.java:45)
	at java.base/java.lang.reflect.Constructor.newInstanceWithCaller(Constructor.java:499)
	at java.base/java.lang.reflect.Constructor.newInstance(Constructor.java:480)
	at com.mysql.jdbc.Util.handleNewInstance(Util.java:425)
	at com.mysql.jdbc.ConnectionImpl.getInstance(ConnectionImpl.java:386)
	at com.mysql.jdbc.NonRegisteringDriver.connect(NonRegisteringDriver.java:330)
	at com.alibaba.druid.filter.FilterChainImpl.connection_connect(FilterChainImpl.java:156)
	at com.alibaba.druid.filter.FilterAdapter.connection_connect(FilterAdapter.java:787)
	at com.alibaba.druid.filter.FilterEventAdapter.connection_connect(FilterEventAdapter.java:38)
	at com.alibaba.druid.filter.FilterChainImpl.connection_connect(FilterChainImpl.java:150)
	at com.alibaba.druid.filter.FilterAdapter.connection_connect(FilterAdapter.java:787)
	at com.alibaba.druid.filter.FilterChainImpl.connection_connect(FilterChainImpl.java:150)
	at com.alibaba.druid.filter.stat.StatFilter.connection_connect(StatFilter.java:218)
	at com.alibaba.druid.filter.FilterChainImpl.connection_connect(FilterChainImpl.java:150)
	at com.alibaba.druid.pool.DruidAbstractDataSource.createPhysicalConnection(DruidAbstractDataSource.java:1598)
	at com.alibaba.druid.pool.DruidAbstractDataSource.createPhysicalConnection(DruidAbstractDataSource.java:1662)
	at com.alibaba.druid.pool.DruidDataSource$CreateConnectionThread.run(DruidDataSource.java:2697)
Caused by: java.net.ConnectException: Connection refused
	at java.base/sun.nio.ch.Net.connect0(Native Method)
	at java.base/sun.nio.ch.Net.connect(Net.java:576)
	at java.base/sun.nio.ch.Net.connect(Net.java:565)
	at java.base/sun.nio.ch.NioSocketImpl.connect(NioSocketImpl.java:588)
	at java.base/java.net.SocksSocketImpl.connect(SocksSocketImpl.java:333)
	at java.base/java.net.Socket.connect(Socket.java:645)
	at com.mysql.jdbc.StandardSocketFactory.connect(StandardSocketFactory.java:211)
	at com.mysql.jdbc.MysqlIO.<init>(MysqlIO.java:301)
	... 23 common frames omitted
2021-08-17 17:46:09.161 [Druid-ConnectionPool-Create-395229891] ERROR com.alibaba.druid.pool.DruidDataSource:2699 - create connection SQLException, url: jdbc:mysql://127.0.0.1:3306/teachingopen?characterEncoding=UTF-8&useUnicode=true&useSSL=false&tinyInt1isBit=false, errorCode 0, state 08S01
com.mysql.jdbc.exceptions.jdbc4.CommunicationsException: Communications link failure

The last packet sent successfully to the server was 0 milliseconds ago. The driver has not received any packets from the server.
	at jdk.internal.reflect.GeneratedConstructorAccessor70.newInstance(Unknown Source)
	at java.base/jdk.internal.reflect.DelegatingConstructorAccessorImpl.newInstance(DelegatingConstructorAccessorImpl.java:45)
	at java.base/java.lang.reflect.Constructor.newInstanceWithCaller(Constructor.java:499)
	at java.base/java.lang.reflect.Constructor.newInstance(Constructor.java:480)
	at com.mysql.jdbc.Util.handleNewInstance(Util.java:425)
	at com.mysql.jdbc.SQLError.createCommunicationsException(SQLError.java:990)
	at com.mysql.jdbc.MysqlIO.<init>(MysqlIO.java:342)
	at com.mysql.jdbc.ConnectionImpl.coreConnect(ConnectionImpl.java:2197)
	at com.mysql.jdbc.ConnectionImpl.connectOneTryOnly(ConnectionImpl.java:2230)
	at com.mysql.jdbc.ConnectionImpl.createNewIO(ConnectionImpl.java:2025)
	at com.mysql.jdbc.ConnectionImpl.<init>(ConnectionImpl.java:778)
	at com.mysql.jdbc.JDBC4Connection.<init>(JDBC4Connection.java:47)
	at jdk.internal.reflect.GeneratedConstructorAccessor67.newInstance(Unknown Source)
	at java.base/jdk.internal.reflect.DelegatingConstructorAccessorImpl.newInstance(DelegatingConstructorAccessorImpl.java:45)
	at java.base/java.lang.reflect.Constructor.newInstanceWithCaller(Constructor.java:499)
	at java.base/java.lang.reflect.Constructor.newInstance(Constructor.java:480)
	at com.mysql.jdbc.Util.handleNewInstance(Util.java:425)
	at com.mysql.jdbc.ConnectionImpl.getInstance(ConnectionImpl.java:386)
	at com.mysql.jdbc.NonRegisteringDriver.connect(NonRegisteringDriver.java:330)
	at com.alibaba.druid.filter.FilterChainImpl.connection_connect(FilterChainImpl.java:156)
	at com.alibaba.druid.filter.FilterAdapter.connection_connect(FilterAdapter.java:787)
	at com.alibaba.druid.filter.FilterEventAdapter.connection_connect(FilterEventAdapter.java:38)
	at com.alibaba.druid.filter.FilterChainImpl.connection_connect(FilterChainImpl.java:150)
	at com.alibaba.druid.filter.FilterAdapter.connection_connect(FilterAdapter.java:787)
	at com.alibaba.druid.filter.FilterChainImpl.connection_connect(FilterChainImpl.java:150)
	at com.alibaba.druid.filter.stat.StatFilter.connection_connect(StatFilter.java:218)
	at com.alibaba.druid.filter.FilterChainImpl.connection_connect(FilterChainImpl.java:150)
	at com.alibaba.druid.pool.DruidAbstractDataSource.createPhysicalConnection(DruidAbstractDataSource.java:1598)
	at com.alibaba.druid.pool.DruidAbstractDataSource.createPhysicalConnection(DruidAbstractDataSource.java:1662)
	at com.alibaba.druid.pool.DruidDataSource$CreateConnectionThread.run(DruidDataSource.java:2697)
Caused by: java.net.ConnectException: Connection refused
	at java.base/sun.nio.ch.Net.connect0(Native Method)
	at java.base/sun.nio.ch.Net.connect(Net.java:576)
	at java.base/sun.nio.ch.Net.connect(Net.java:565)
	at java.base/sun.nio.ch.NioSocketImpl.connect(NioSocketImpl.java:588)
	at java.base/java.net.SocksSocketImpl.connect(SocksSocketImpl.java:333)
	at java.base/java.net.Socket.connect(Socket.java:645)
	at com.mysql.jdbc.StandardSocketFactory.connect(StandardSocketFactory.java:211)
	at com.mysql.jdbc.MysqlIO.<init>(MysqlIO.java:301)
	... 23 common frames omitted
2021-08-17 17:46:10.711 [Druid-ConnectionPool-Create-395229891] ERROR com.alibaba.druid.pool.DruidDataSource:2699 - create connection SQLException, url: jdbc:mysql://127.0.0.1:3306/teachingopen?characterEncoding=UTF-8&useUnicode=true&useSSL=false&tinyInt1isBit=false, errorCode 0, state 08S01
com.mysql.jdbc.exceptions.jdbc4.CommunicationsException: Communications link failure

The last packet sent successfully to the server was 0 milliseconds ago. The driver has not received any packets from the server.
	at jdk.internal.reflect.GeneratedConstructorAccessor70.newInstance(Unknown Source)
	at java.base/jdk.internal.reflect.DelegatingConstructorAccessorImpl.newInstance(DelegatingConstructorAccessorImpl.java:45)
	at java.base/java.lang.reflect.Constructor.newInstanceWithCaller(Constructor.java:499)
	at java.base/java.lang.reflect.Constructor.newInstance(Constructor.java:480)
	at com.mysql.jdbc.Util.handleNewInstance(Util.java:425)
	at com.mysql.jdbc.SQLError.createCommunicationsException(SQLError.java:990)
	at com.mysql.jdbc.MysqlIO.<init>(MysqlIO.java:342)
	at com.mysql.jdbc.ConnectionImpl.coreConnect(ConnectionImpl.java:2197)
	at com.mysql.jdbc.ConnectionImpl.connectOneTryOnly(ConnectionImpl.java:2230)
	at com.mysql.jdbc.ConnectionImpl.createNewIO(ConnectionImpl.java:2025)
	at com.mysql.jdbc.ConnectionImpl.<init>(ConnectionImpl.java:778)
	at com.mysql.jdbc.JDBC4Connection.<init>(JDBC4Connection.java:47)
	at jdk.internal.reflect.GeneratedConstructorAccessor67.newInstance(Unknown Source)
	at java.base/jdk.internal.reflect.DelegatingConstructorAccessorImpl.newInstance(DelegatingConstructorAccessorImpl.java:45)
	at java.base/java.lang.reflect.Constructor.newInstanceWithCaller(Constructor.java:499)
	at java.base/java.lang.reflect.Constructor.newInstance(Constructor.java:480)
	at com.mysql.jdbc.Util.handleNewInstance(Util.java:425)
	at com.mysql.jdbc.ConnectionImpl.getInstance(ConnectionImpl.java:386)
	at com.mysql.jdbc.NonRegisteringDriver.connect(NonRegisteringDriver.java:330)
	at com.alibaba.druid.filter.FilterChainImpl.connection_connect(FilterChainImpl.java:156)
	at com.alibaba.druid.filter.FilterAdapter.connection_connect(FilterAdapter.java:787)
	at com.alibaba.druid.filter.FilterEventAdapter.connection_connect(FilterEventAdapter.java:38)
	at com.alibaba.druid.filter.FilterChainImpl.connection_connect(FilterChainImpl.java:150)
	at com.alibaba.druid.filter.FilterAdapter.connection_connect(FilterAdapter.java:787)
	at com.alibaba.druid.filter.FilterChainImpl.connection_connect(FilterChainImpl.java:150)
	at com.alibaba.druid.filter.stat.StatFilter.connection_connect(StatFilter.java:218)
	at com.alibaba.druid.filter.FilterChainImpl.connection_connect(FilterChainImpl.java:150)
	at com.alibaba.druid.pool.DruidAbstractDataSource.createPhysicalConnection(DruidAbstractDataSource.java:1598)
	at com.alibaba.druid.pool.DruidAbstractDataSource.createPhysicalConnection(DruidAbstractDataSource.java:1662)
	at com.alibaba.druid.pool.DruidDataSource$CreateConnectionThread.run(DruidDataSource.java:2697)
Caused by: java.net.ConnectException: Connection refused
	at java.base/sun.nio.ch.Net.connect0(Native Method)
	at java.base/sun.nio.ch.Net.connect(Net.java:576)
	at java.base/sun.nio.ch.Net.connect(Net.java:565)
	at java.base/sun.nio.ch.NioSocketImpl.connect(NioSocketImpl.java:588)
	at java.base/java.net.SocksSocketImpl.connect(SocksSocketImpl.java:333)
	at java.base/java.net.Socket.connect(Socket.java:645)
	at com.mysql.jdbc.StandardSocketFactory.connect(StandardSocketFactory.java:211)
	at com.mysql.jdbc.MysqlIO.<init>(MysqlIO.java:301)
	... 23 common frames omitted
2021-08-17 17:46:12.258 [Druid-ConnectionPool-Create-395229891] ERROR com.alibaba.druid.pool.DruidDataSource:2699 - create connection SQLException, url: jdbc:mysql://127.0.0.1:3306/teachingopen?characterEncoding=UTF-8&useUnicode=true&useSSL=false&tinyInt1isBit=false, errorCode 0, state 08S01
com.mysql.jdbc.exceptions.jdbc4.CommunicationsException: Communications link failure

The last packet sent successfully to the server was 0 milliseconds ago. The driver has not received any packets from the server.
	at jdk.internal.reflect.GeneratedConstructorAccessor70.newInstance(Unknown Source)
	at java.base/jdk.internal.reflect.DelegatingConstructorAccessorImpl.newInstance(DelegatingConstructorAccessorImpl.java:45)
	at java.base/java.lang.reflect.Constructor.newInstanceWithCaller(Constructor.java:499)
	at java.base/java.lang.reflect.Constructor.newInstance(Constructor.java:480)
	at com.mysql.jdbc.Util.handleNewInstance(Util.java:425)
	at com.mysql.jdbc.SQLError.createCommunicationsException(SQLError.java:990)
	at com.mysql.jdbc.MysqlIO.<init>(MysqlIO.java:342)
	at com.mysql.jdbc.ConnectionImpl.coreConnect(ConnectionImpl.java:2197)
	at com.mysql.jdbc.ConnectionImpl.connectOneTryOnly(ConnectionImpl.java:2230)
	at com.mysql.jdbc.ConnectionImpl.createNewIO(ConnectionImpl.java:2025)
	at com.mysql.jdbc.ConnectionImpl.<init>(ConnectionImpl.java:778)
	at com.mysql.jdbc.JDBC4Connection.<init>(JDBC4Connection.java:47)
	at jdk.internal.reflect.GeneratedConstructorAccessor67.newInstance(Unknown Source)
	at java.base/jdk.internal.reflect.DelegatingConstructorAccessorImpl.newInstance(DelegatingConstructorAccessorImpl.java:45)
	at java.base/java.lang.reflect.Constructor.newInstanceWithCaller(Constructor.java:499)
	at java.base/java.lang.reflect.Constructor.newInstance(Constructor.java:480)
	at com.mysql.jdbc.Util.handleNewInstance(Util.java:425)
	at com.mysql.jdbc.ConnectionImpl.getInstance(ConnectionImpl.java:386)
	at com.mysql.jdbc.NonRegisteringDriver.connect(NonRegisteringDriver.java:330)
	at com.alibaba.druid.filter.FilterChainImpl.connection_connect(FilterChainImpl.java:156)
	at com.alibaba.druid.filter.FilterAdapter.connection_connect(FilterAdapter.java:787)
	at com.alibaba.druid.filter.FilterEventAdapter.connection_connect(FilterEventAdapter.java:38)
	at com.alibaba.druid.filter.FilterChainImpl.connection_connect(FilterChainImpl.java:150)
	at com.alibaba.druid.filter.FilterAdapter.connection_connect(FilterAdapter.java:787)
	at com.alibaba.druid.filter.FilterChainImpl.connection_connect(FilterChainImpl.java:150)
	at com.alibaba.druid.filter.stat.StatFilter.connection_connect(StatFilter.java:218)
	at com.alibaba.druid.filter.FilterChainImpl.connection_connect(FilterChainImpl.java:150)
	at com.alibaba.druid.pool.DruidAbstractDataSource.createPhysicalConnection(DruidAbstractDataSource.java:1598)
	at com.alibaba.druid.pool.DruidAbstractDataSource.createPhysicalConnection(DruidAbstractDataSource.java:1662)
	at com.alibaba.druid.pool.DruidDataSource$CreateConnectionThread.run(DruidDataSource.java:2697)
Caused by: java.net.ConnectException: Connection refused
	at java.base/sun.nio.ch.Net.connect0(Native Method)
	at java.base/sun.nio.ch.Net.connect(Net.java:576)
	at java.base/sun.nio.ch.Net.connect(Net.java:565)
	at java.base/sun.nio.ch.NioSocketImpl.connect(NioSocketImpl.java:588)
	at java.base/java.net.SocksSocketImpl.connect(SocksSocketImpl.java:333)
	at java.base/java.net.Socket.connect(Socket.java:645)
	at com.mysql.jdbc.StandardSocketFactory.connect(StandardSocketFactory.java:211)
	at com.mysql.jdbc.MysqlIO.<init>(MysqlIO.java:301)
	... 23 common frames omitted
2021-08-17 17:46:13.807 [Druid-ConnectionPool-Create-395229891] ERROR com.alibaba.druid.pool.DruidDataSource:2699 - create connection SQLException, url: jdbc:mysql://127.0.0.1:3306/teachingopen?characterEncoding=UTF-8&useUnicode=true&useSSL=false&tinyInt1isBit=false, errorCode 0, state 08S01
com.mysql.jdbc.exceptions.jdbc4.CommunicationsException: Communications link failure

The last packet sent successfully to the server was 0 milliseconds ago. The driver has not received any packets from the server.
	at jdk.internal.reflect.GeneratedConstructorAccessor70.newInstance(Unknown Source)
	at java.base/jdk.internal.reflect.DelegatingConstructorAccessorImpl.newInstance(DelegatingConstructorAccessorImpl.java:45)
	at java.base/java.lang.reflect.Constructor.newInstanceWithCaller(Constructor.java:499)
	at java.base/java.lang.reflect.Constructor.newInstance(Constructor.java:480)
	at com.mysql.jdbc.Util.handleNewInstance(Util.java:425)
	at com.mysql.jdbc.SQLError.createCommunicationsException(SQLError.java:990)
	at com.mysql.jdbc.MysqlIO.<init>(MysqlIO.java:342)
	at com.mysql.jdbc.ConnectionImpl.coreConnect(ConnectionImpl.java:2197)
	at com.mysql.jdbc.ConnectionImpl.connectOneTryOnly(ConnectionImpl.java:2230)
	at com.mysql.jdbc.ConnectionImpl.createNewIO(ConnectionImpl.java:2025)
	at com.mysql.jdbc.ConnectionImpl.<init>(ConnectionImpl.java:778)
	at com.mysql.jdbc.JDBC4Connection.<init>(JDBC4Connection.java:47)
	at jdk.internal.reflect.GeneratedConstructorAccessor67.newInstance(Unknown Source)
	at java.base/jdk.internal.reflect.DelegatingConstructorAccessorImpl.newInstance(DelegatingConstructorAccessorImpl.java:45)
	at java.base/java.lang.reflect.Constructor.newInstanceWithCaller(Constructor.java:499)
	at java.base/java.lang.reflect.Constructor.newInstance(Constructor.java:480)
	at com.mysql.jdbc.Util.handleNewInstance(Util.java:425)
	at com.mysql.jdbc.ConnectionImpl.getInstance(ConnectionImpl.java:386)
	at com.mysql.jdbc.NonRegisteringDriver.connect(NonRegisteringDriver.java:330)
	at com.alibaba.druid.filter.FilterChainImpl.connection_connect(FilterChainImpl.java:156)
	at com.alibaba.druid.filter.FilterAdapter.connection_connect(FilterAdapter.java:787)
	at com.alibaba.druid.filter.FilterEventAdapter.connection_connect(FilterEventAdapter.java:38)
	at com.alibaba.druid.filter.FilterChainImpl.connection_connect(FilterChainImpl.java:150)
	at com.alibaba.druid.filter.FilterAdapter.connection_connect(FilterAdapter.java:787)
	at com.alibaba.druid.filter.FilterChainImpl.connection_connect(FilterChainImpl.java:150)
	at com.alibaba.druid.filter.stat.StatFilter.connection_connect(StatFilter.java:218)
	at com.alibaba.druid.filter.FilterChainImpl.connection_connect(FilterChainImpl.java:150)
	at com.alibaba.druid.pool.DruidAbstractDataSource.createPhysicalConnection(DruidAbstractDataSource.java:1598)
	at com.alibaba.druid.pool.DruidAbstractDataSource.createPhysicalConnection(DruidAbstractDataSource.java:1662)
	at com.alibaba.druid.pool.DruidDataSource$CreateConnectionThread.run(DruidDataSource.java:2697)
Caused by: java.net.ConnectException: Connection refused
	at java.base/sun.nio.ch.Net.connect0(Native Method)
	at java.base/sun.nio.ch.Net.connect(Net.java:576)
	at java.base/sun.nio.ch.Net.connect(Net.java:565)
	at java.base/sun.nio.ch.NioSocketImpl.connect(NioSocketImpl.java:588)
	at java.base/java.net.SocksSocketImpl.connect(SocksSocketImpl.java:333)
	at java.base/java.net.Socket.connect(Socket.java:645)
	at com.mysql.jdbc.StandardSocketFactory.connect(StandardSocketFactory.java:211)
	at com.mysql.jdbc.MysqlIO.<init>(MysqlIO.java:301)
	... 23 common frames omitted
2021-08-17 17:46:15.361 [Druid-ConnectionPool-Create-395229891] ERROR com.alibaba.druid.pool.DruidDataSource:2699 - create connection SQLException, url: jdbc:mysql://127.0.0.1:3306/teachingopen?characterEncoding=UTF-8&useUnicode=true&useSSL=false&tinyInt1isBit=false, errorCode 0, state 08S01
com.mysql.jdbc.exceptions.jdbc4.CommunicationsException: Communications link failure

The last packet sent successfully to the server was 0 milliseconds ago. The driver has not received any packets from the server.
	at jdk.internal.reflect.GeneratedConstructorAccessor70.newInstance(Unknown Source)
	at java.base/jdk.internal.reflect.DelegatingConstructorAccessorImpl.newInstance(DelegatingConstructorAccessorImpl.java:45)
	at java.base/java.lang.reflect.Constructor.newInstanceWithCaller(Constructor.java:499)
	at java.base/java.lang.reflect.Constructor.newInstance(Constructor.java:480)
	at com.mysql.jdbc.Util.handleNewInstance(Util.java:425)
	at com.mysql.jdbc.SQLError.createCommunicationsException(SQLError.java:990)
	at com.mysql.jdbc.MysqlIO.<init>(MysqlIO.java:342)
	at com.mysql.jdbc.ConnectionImpl.coreConnect(ConnectionImpl.java:2197)
	at com.mysql.jdbc.ConnectionImpl.connectOneTryOnly(ConnectionImpl.java:2230)
	at com.mysql.jdbc.ConnectionImpl.createNewIO(ConnectionImpl.java:2025)
	at com.mysql.jdbc.ConnectionImpl.<init>(ConnectionImpl.java:778)
	at com.mysql.jdbc.JDBC4Connection.<init>(JDBC4Connection.java:47)
	at jdk.internal.reflect.GeneratedConstructorAccessor67.newInstance(Unknown Source)
	at java.base/jdk.internal.reflect.DelegatingConstructorAccessorImpl.newInstance(DelegatingConstructorAccessorImpl.java:45)
	at java.base/java.lang.reflect.Constructor.newInstanceWithCaller(Constructor.java:499)
	at java.base/java.lang.reflect.Constructor.newInstance(Constructor.java:480)
	at com.mysql.jdbc.Util.handleNewInstance(Util.java:425)
	at com.mysql.jdbc.ConnectionImpl.getInstance(ConnectionImpl.java:386)
	at com.mysql.jdbc.NonRegisteringDriver.connect(NonRegisteringDriver.java:330)
	at com.alibaba.druid.filter.FilterChainImpl.connection_connect(FilterChainImpl.java:156)
	at com.alibaba.druid.filter.FilterAdapter.connection_connect(FilterAdapter.java:787)
	at com.alibaba.druid.filter.FilterEventAdapter.connection_connect(FilterEventAdapter.java:38)
	at com.alibaba.druid.filter.FilterChainImpl.connection_connect(FilterChainImpl.java:150)
	at com.alibaba.druid.filter.FilterAdapter.connection_connect(FilterAdapter.java:787)
	at com.alibaba.druid.filter.FilterChainImpl.connection_connect(FilterChainImpl.java:150)
	at com.alibaba.druid.filter.stat.StatFilter.connection_connect(StatFilter.java:218)
	at com.alibaba.druid.filter.FilterChainImpl.connection_connect(FilterChainImpl.java:150)
	at com.alibaba.druid.pool.DruidAbstractDataSource.createPhysicalConnection(DruidAbstractDataSource.java:1598)
	at com.alibaba.druid.pool.DruidAbstractDataSource.createPhysicalConnection(DruidAbstractDataSource.java:1662)
	at com.alibaba.druid.pool.DruidDataSource$CreateConnectionThread.run(DruidDataSource.java:2697)
Caused by: java.net.ConnectException: Connection refused
	at java.base/sun.nio.ch.Net.connect0(Native Method)
	at java.base/sun.nio.ch.Net.connect(Net.java:576)
	at java.base/sun.nio.ch.Net.connect(Net.java:565)
	at java.base/sun.nio.ch.NioSocketImpl.connect(NioSocketImpl.java:588)
	at java.base/java.net.SocksSocketImpl.connect(SocksSocketImpl.java:333)
	at java.base/java.net.Socket.connect(Socket.java:645)
	at com.mysql.jdbc.StandardSocketFactory.connect(StandardSocketFactory.java:211)
	at com.mysql.jdbc.MysqlIO.<init>(MysqlIO.java:301)
	... 23 common frames omitted
2021-08-17 17:46:16.911 [Druid-ConnectionPool-Create-395229891] ERROR com.alibaba.druid.pool.DruidDataSource:2699 - create connection SQLException, url: jdbc:mysql://127.0.0.1:3306/teachingopen?characterEncoding=UTF-8&useUnicode=true&useSSL=false&tinyInt1isBit=false, errorCode 0, state 08S01
com.mysql.jdbc.exceptions.jdbc4.CommunicationsException: Communications link failure

The last packet sent successfully to the server was 0 milliseconds ago. The driver has not received any packets from the server.
	at jdk.internal.reflect.GeneratedConstructorAccessor70.newInstance(Unknown Source)
	at java.base/jdk.internal.reflect.DelegatingConstructorAccessorImpl.newInstance(DelegatingConstructorAccessorImpl.java:45)
	at java.base/java.lang.reflect.Constructor.newInstanceWithCaller(Constructor.java:499)
	at java.base/java.lang.reflect.Constructor.newInstance(Constructor.java:480)
	at com.mysql.jdbc.Util.handleNewInstance(Util.java:425)
	at com.mysql.jdbc.SQLError.createCommunicationsException(SQLError.java:990)
	at com.mysql.jdbc.MysqlIO.<init>(MysqlIO.java:342)
	at com.mysql.jdbc.ConnectionImpl.coreConnect(ConnectionImpl.java:2197)
	at com.mysql.jdbc.ConnectionImpl.connectOneTryOnly(ConnectionImpl.java:2230)
	at com.mysql.jdbc.ConnectionImpl.createNewIO(ConnectionImpl.java:2025)
	at com.mysql.jdbc.ConnectionImpl.<init>(ConnectionImpl.java:778)
	at com.mysql.jdbc.JDBC4Connection.<init>(JDBC4Connection.java:47)
	at jdk.internal.reflect.GeneratedConstructorAccessor67.newInstance(Unknown Source)
	at java.base/jdk.internal.reflect.DelegatingConstructorAccessorImpl.newInstance(DelegatingConstructorAccessorImpl.java:45)
	at java.base/java.lang.reflect.Constructor.newInstanceWithCaller(Constructor.java:499)
	at java.base/java.lang.reflect.Constructor.newInstance(Constructor.java:480)
	at com.mysql.jdbc.Util.handleNewInstance(Util.java:425)
	at com.mysql.jdbc.ConnectionImpl.getInstance(ConnectionImpl.java:386)
	at com.mysql.jdbc.NonRegisteringDriver.connect(NonRegisteringDriver.java:330)
	at com.alibaba.druid.filter.FilterChainImpl.connection_connect(FilterChainImpl.java:156)
	at com.alibaba.druid.filter.FilterAdapter.connection_connect(FilterAdapter.java:787)
	at com.alibaba.druid.filter.FilterEventAdapter.connection_connect(FilterEventAdapter.java:38)
	at com.alibaba.druid.filter.FilterChainImpl.connection_connect(FilterChainImpl.java:150)
	at com.alibaba.druid.filter.FilterAdapter.connection_connect(FilterAdapter.java:787)
	at com.alibaba.druid.filter.FilterChainImpl.connection_connect(FilterChainImpl.java:150)
	at com.alibaba.druid.filter.stat.StatFilter.connection_connect(StatFilter.java:218)
	at com.alibaba.druid.filter.FilterChainImpl.connection_connect(FilterChainImpl.java:150)
	at com.alibaba.druid.pool.DruidAbstractDataSource.createPhysicalConnection(DruidAbstractDataSource.java:1598)
	at com.alibaba.druid.pool.DruidAbstractDataSource.createPhysicalConnection(DruidAbstractDataSource.java:1662)
	at com.alibaba.druid.pool.DruidDataSource$CreateConnectionThread.run(DruidDataSource.java:2697)
Caused by: java.net.ConnectException: Connection refused
	at java.base/sun.nio.ch.Net.connect0(Native Method)
	at java.base/sun.nio.ch.Net.connect(Net.java:576)
	at java.base/sun.nio.ch.Net.connect(Net.java:565)
	at java.base/sun.nio.ch.NioSocketImpl.connect(NioSocketImpl.java:588)
	at java.base/java.net.SocksSocketImpl.connect(SocksSocketImpl.java:333)
	at java.base/java.net.Socket.connect(Socket.java:645)
	at com.mysql.jdbc.StandardSocketFactory.connect(StandardSocketFactory.java:211)
	at com.mysql.jdbc.MysqlIO.<init>(MysqlIO.java:301)
	... 23 common frames omitted
2021-08-17 17:46:18.460 [Druid-ConnectionPool-Create-395229891] ERROR com.alibaba.druid.pool.DruidDataSource:2699 - create connection SQLException, url: jdbc:mysql://127.0.0.1:3306/teachingopen?characterEncoding=UTF-8&useUnicode=true&useSSL=false&tinyInt1isBit=false, errorCode 0, state 08S01
com.mysql.jdbc.exceptions.jdbc4.CommunicationsException: Communications link failure

The last packet sent successfully to the server was 0 milliseconds ago. The driver has not received any packets from the server.
	at jdk.internal.reflect.GeneratedConstructorAccessor70.newInstance(Unknown Source)
	at java.base/jdk.internal.reflect.DelegatingConstructorAccessorImpl.newInstance(DelegatingConstructorAccessorImpl.java:45)
	at java.base/java.lang.reflect.Constructor.newInstanceWithCaller(Constructor.java:499)
	at java.base/java.lang.reflect.Constructor.newInstance(Constructor.java:480)
	at com.mysql.jdbc.Util.handleNewInstance(Util.java:425)
	at com.mysql.jdbc.SQLError.createCommunicationsException(SQLError.java:990)
	at com.mysql.jdbc.MysqlIO.<init>(MysqlIO.java:342)
	at com.mysql.jdbc.ConnectionImpl.coreConnect(ConnectionImpl.java:2197)
	at com.mysql.jdbc.ConnectionImpl.connectOneTryOnly(ConnectionImpl.java:2230)
	at com.mysql.jdbc.ConnectionImpl.createNewIO(ConnectionImpl.java:2025)
	at com.mysql.jdbc.ConnectionImpl.<init>(ConnectionImpl.java:778)
	at com.mysql.jdbc.JDBC4Connection.<init>(JDBC4Connection.java:47)
	at jdk.internal.reflect.GeneratedConstructorAccessor67.newInstance(Unknown Source)
	at java.base/jdk.internal.reflect.DelegatingConstructorAccessorImpl.newInstance(DelegatingConstructorAccessorImpl.java:45)
	at java.base/java.lang.reflect.Constructor.newInstanceWithCaller(Constructor.java:499)
	at java.base/java.lang.reflect.Constructor.newInstance(Constructor.java:480)
	at com.mysql.jdbc.Util.handleNewInstance(Util.java:425)
	at com.mysql.jdbc.ConnectionImpl.getInstance(ConnectionImpl.java:386)
	at com.mysql.jdbc.NonRegisteringDriver.connect(NonRegisteringDriver.java:330)
	at com.alibaba.druid.filter.FilterChainImpl.connection_connect(FilterChainImpl.java:156)
	at com.alibaba.druid.filter.FilterAdapter.connection_connect(FilterAdapter.java:787)
	at com.alibaba.druid.filter.FilterEventAdapter.connection_connect(FilterEventAdapter.java:38)
	at com.alibaba.druid.filter.FilterChainImpl.connection_connect(FilterChainImpl.java:150)
	at com.alibaba.druid.filter.FilterAdapter.connection_connect(FilterAdapter.java:787)
	at com.alibaba.druid.filter.FilterChainImpl.connection_connect(FilterChainImpl.java:150)
	at com.alibaba.druid.filter.stat.StatFilter.connection_connect(StatFilter.java:218)
	at com.alibaba.druid.filter.FilterChainImpl.connection_connect(FilterChainImpl.java:150)
	at com.alibaba.druid.pool.DruidAbstractDataSource.createPhysicalConnection(DruidAbstractDataSource.java:1598)
	at com.alibaba.druid.pool.DruidAbstractDataSource.createPhysicalConnection(DruidAbstractDataSource.java:1662)
	at com.alibaba.druid.pool.DruidDataSource$CreateConnectionThread.run(DruidDataSource.java:2697)
Caused by: java.net.ConnectException: Connection refused
	at java.base/sun.nio.ch.Net.connect0(Native Method)
	at java.base/sun.nio.ch.Net.connect(Net.java:576)
	at java.base/sun.nio.ch.Net.connect(Net.java:565)
	at java.base/sun.nio.ch.NioSocketImpl.connect(NioSocketImpl.java:588)
	at java.base/java.net.SocksSocketImpl.connect(SocksSocketImpl.java:333)
	at java.base/java.net.Socket.connect(Socket.java:645)
	at com.mysql.jdbc.StandardSocketFactory.connect(StandardSocketFactory.java:211)
	at com.mysql.jdbc.MysqlIO.<init>(MysqlIO.java:301)
	... 23 common frames omitted
2021-08-17 17:46:20.010 [Druid-ConnectionPool-Create-395229891] ERROR com.alibaba.druid.pool.DruidDataSource:2699 - create connection SQLException, url: jdbc:mysql://127.0.0.1:3306/teachingopen?characterEncoding=UTF-8&useUnicode=true&useSSL=false&tinyInt1isBit=false, errorCode 0, state 08S01
com.mysql.jdbc.exceptions.jdbc4.CommunicationsException: Communications link failure

The last packet sent successfully to the server was 0 milliseconds ago. The driver has not received any packets from the server.
	at jdk.internal.reflect.GeneratedConstructorAccessor70.newInstance(Unknown Source)
	at java.base/jdk.internal.reflect.DelegatingConstructorAccessorImpl.newInstance(DelegatingConstructorAccessorImpl.java:45)
	at java.base/java.lang.reflect.Constructor.newInstanceWithCaller(Constructor.java:499)
	at java.base/java.lang.reflect.Constructor.newInstance(Constructor.java:480)
	at com.mysql.jdbc.Util.handleNewInstance(Util.java:425)
	at com.mysql.jdbc.SQLError.createCommunicationsException(SQLError.java:990)
	at com.mysql.jdbc.MysqlIO.<init>(MysqlIO.java:342)
	at com.mysql.jdbc.ConnectionImpl.coreConnect(ConnectionImpl.java:2197)
	at com.mysql.jdbc.ConnectionImpl.connectOneTryOnly(ConnectionImpl.java:2230)
	at com.mysql.jdbc.ConnectionImpl.createNewIO(ConnectionImpl.java:2025)
	at com.mysql.jdbc.ConnectionImpl.<init>(ConnectionImpl.java:778)
	at com.mysql.jdbc.JDBC4Connection.<init>(JDBC4Connection.java:47)
	at jdk.internal.reflect.GeneratedConstructorAccessor67.newInstance(Unknown Source)
	at java.base/jdk.internal.reflect.DelegatingConstructorAccessorImpl.newInstance(DelegatingConstructorAccessorImpl.java:45)
	at java.base/java.lang.reflect.Constructor.newInstanceWithCaller(Constructor.java:499)
	at java.base/java.lang.reflect.Constructor.newInstance(Constructor.java:480)
	at com.mysql.jdbc.Util.handleNewInstance(Util.java:425)
	at com.mysql.jdbc.ConnectionImpl.getInstance(ConnectionImpl.java:386)
	at com.mysql.jdbc.NonRegisteringDriver.connect(NonRegisteringDriver.java:330)
	at com.alibaba.druid.filter.FilterChainImpl.connection_connect(FilterChainImpl.java:156)
	at com.alibaba.druid.filter.FilterAdapter.connection_connect(FilterAdapter.java:787)
	at com.alibaba.druid.filter.FilterEventAdapter.connection_connect(FilterEventAdapter.java:38)
	at com.alibaba.druid.filter.FilterChainImpl.connection_connect(FilterChainImpl.java:150)
	at com.alibaba.druid.filter.FilterAdapter.connection_connect(FilterAdapter.java:787)
	at com.alibaba.druid.filter.FilterChainImpl.connection_connect(FilterChainImpl.java:150)
	at com.alibaba.druid.filter.stat.StatFilter.connection_connect(StatFilter.java:218)
	at com.alibaba.druid.filter.FilterChainImpl.connection_connect(FilterChainImpl.java:150)
	at com.alibaba.druid.pool.DruidAbstractDataSource.createPhysicalConnection(DruidAbstractDataSource.java:1598)
	at com.alibaba.druid.pool.DruidAbstractDataSource.createPhysicalConnection(DruidAbstractDataSource.java:1662)
	at com.alibaba.druid.pool.DruidDataSource$CreateConnectionThread.run(DruidDataSource.java:2697)
Caused by: java.net.ConnectException: Connection refused
	at java.base/sun.nio.ch.Net.connect0(Native Method)
	at java.base/sun.nio.ch.Net.connect(Net.java:576)
	at java.base/sun.nio.ch.Net.connect(Net.java:565)
	at java.base/sun.nio.ch.NioSocketImpl.connect(NioSocketImpl.java:588)
	at java.base/java.net.SocksSocketImpl.connect(SocksSocketImpl.java:333)
	at java.base/java.net.Socket.connect(Socket.java:645)
	at com.mysql.jdbc.StandardSocketFactory.connect(StandardSocketFactory.java:211)
	at com.mysql.jdbc.MysqlIO.<init>(MysqlIO.java:301)
	... 23 common frames omitted
2021-08-17 17:46:21.551 [Druid-ConnectionPool-Create-395229891] ERROR com.alibaba.druid.pool.DruidDataSource:2699 - create connection SQLException, url: jdbc:mysql://127.0.0.1:3306/teachingopen?characterEncoding=UTF-8&useUnicode=true&useSSL=false&tinyInt1isBit=false, errorCode 0, state 08S01
com.mysql.jdbc.exceptions.jdbc4.CommunicationsException: Communications link failure

The last packet sent successfully to the server was 0 milliseconds ago. The driver has not received any packets from the server.
	at jdk.internal.reflect.GeneratedConstructorAccessor70.newInstance(Unknown Source)
	at java.base/jdk.internal.reflect.DelegatingConstructorAccessorImpl.newInstance(DelegatingConstructorAccessorImpl.java:45)
	at java.base/java.lang.reflect.Constructor.newInstanceWithCaller(Constructor.java:499)
	at java.base/java.lang.reflect.Constructor.newInstance(Constructor.java:480)
	at com.mysql.jdbc.Util.handleNewInstance(Util.java:425)
	at com.mysql.jdbc.SQLError.createCommunicationsException(SQLError.java:990)
	at com.mysql.jdbc.MysqlIO.<init>(MysqlIO.java:342)
	at com.mysql.jdbc.ConnectionImpl.coreConnect(ConnectionImpl.java:2197)
	at com.mysql.jdbc.ConnectionImpl.connectOneTryOnly(ConnectionImpl.java:2230)
	at com.mysql.jdbc.ConnectionImpl.createNewIO(ConnectionImpl.java:2025)
	at com.mysql.jdbc.ConnectionImpl.<init>(ConnectionImpl.java:778)
	at com.mysql.jdbc.JDBC4Connection.<init>(JDBC4Connection.java:47)
	at jdk.internal.reflect.GeneratedConstructorAccessor67.newInstance(Unknown Source)
	at java.base/jdk.internal.reflect.DelegatingConstructorAccessorImpl.newInstance(DelegatingConstructorAccessorImpl.java:45)
	at java.base/java.lang.reflect.Constructor.newInstanceWithCaller(Constructor.java:499)
	at java.base/java.lang.reflect.Constructor.newInstance(Constructor.java:480)
	at com.mysql.jdbc.Util.handleNewInstance(Util.java:425)
	at com.mysql.jdbc.ConnectionImpl.getInstance(ConnectionImpl.java:386)
	at com.mysql.jdbc.NonRegisteringDriver.connect(NonRegisteringDriver.java:330)
	at com.alibaba.druid.filter.FilterChainImpl.connection_connect(FilterChainImpl.java:156)
	at com.alibaba.druid.filter.FilterAdapter.connection_connect(FilterAdapter.java:787)
	at com.alibaba.druid.filter.FilterEventAdapter.connection_connect(FilterEventAdapter.java:38)
	at com.alibaba.druid.filter.FilterChainImpl.connection_connect(FilterChainImpl.java:150)
	at com.alibaba.druid.filter.FilterAdapter.connection_connect(FilterAdapter.java:787)
	at com.alibaba.druid.filter.FilterChainImpl.connection_connect(FilterChainImpl.java:150)
	at com.alibaba.druid.filter.stat.StatFilter.connection_connect(StatFilter.java:218)
	at com.alibaba.druid.filter.FilterChainImpl.connection_connect(FilterChainImpl.java:150)
	at com.alibaba.druid.pool.DruidAbstractDataSource.createPhysicalConnection(DruidAbstractDataSource.java:1598)
	at com.alibaba.druid.pool.DruidAbstractDataSource.createPhysicalConnection(DruidAbstractDataSource.java:1662)
	at com.alibaba.druid.pool.DruidDataSource$CreateConnectionThread.run(DruidDataSource.java:2697)
Caused by: java.net.ConnectException: Connection refused
	at java.base/sun.nio.ch.Net.connect0(Native Method)
	at java.base/sun.nio.ch.Net.connect(Net.java:576)
	at java.base/sun.nio.ch.Net.connect(Net.java:565)
	at java.base/sun.nio.ch.NioSocketImpl.connect(NioSocketImpl.java:588)
	at java.base/java.net.SocksSocketImpl.connect(SocksSocketImpl.java:333)
	at java.base/java.net.Socket.connect(Socket.java:645)
	at com.mysql.jdbc.StandardSocketFactory.connect(StandardSocketFactory.java:211)
	at com.mysql.jdbc.MysqlIO.<init>(MysqlIO.java:301)
	... 23 common frames omitted
2021-08-17 17:46:21.574 [main] WARN  com.alibaba.druid.pool.DruidDataSource:1400 - get connection timeout retry : 1
2021-08-17 17:46:23.095 [Druid-ConnectionPool-Create-395229891] ERROR com.alibaba.druid.pool.DruidDataSource:2699 - create connection SQLException, url: jdbc:mysql://127.0.0.1:3306/teachingopen?characterEncoding=UTF-8&useUnicode=true&useSSL=false&tinyInt1isBit=false, errorCode 0, state 08S01
com.mysql.jdbc.exceptions.jdbc4.CommunicationsException: Communications link failure

The last packet sent successfully to the server was 0 milliseconds ago. The driver has not received any packets from the server.
	at jdk.internal.reflect.GeneratedConstructorAccessor70.newInstance(Unknown Source)
	at java.base/jdk.internal.reflect.DelegatingConstructorAccessorImpl.newInstance(DelegatingConstructorAccessorImpl.java:45)
	at java.base/java.lang.reflect.Constructor.newInstanceWithCaller(Constructor.java:499)
	at java.base/java.lang.reflect.Constructor.newInstance(Constructor.java:480)
	at com.mysql.jdbc.Util.handleNewInstance(Util.java:425)
	at com.mysql.jdbc.SQLError.createCommunicationsException(SQLError.java:990)
	at com.mysql.jdbc.MysqlIO.<init>(MysqlIO.java:342)
	at com.mysql.jdbc.ConnectionImpl.coreConnect(ConnectionImpl.java:2197)
	at com.mysql.jdbc.ConnectionImpl.connectOneTryOnly(ConnectionImpl.java:2230)
	at com.mysql.jdbc.ConnectionImpl.createNewIO(ConnectionImpl.java:2025)
	at com.mysql.jdbc.ConnectionImpl.<init>(ConnectionImpl.java:778)
	at com.mysql.jdbc.JDBC4Connection.<init>(JDBC4Connection.java:47)
	at jdk.internal.reflect.GeneratedConstructorAccessor67.newInstance(Unknown Source)
	at java.base/jdk.internal.reflect.DelegatingConstructorAccessorImpl.newInstance(DelegatingConstructorAccessorImpl.java:45)
	at java.base/java.lang.reflect.Constructor.newInstanceWithCaller(Constructor.java:499)
	at java.base/java.lang.reflect.Constructor.newInstance(Constructor.java:480)
	at com.mysql.jdbc.Util.handleNewInstance(Util.java:425)
	at com.mysql.jdbc.ConnectionImpl.getInstance(ConnectionImpl.java:386)
	at com.mysql.jdbc.NonRegisteringDriver.connect(NonRegisteringDriver.java:330)
	at com.alibaba.druid.filter.FilterChainImpl.connection_connect(FilterChainImpl.java:156)
	at com.alibaba.druid.filter.FilterAdapter.connection_connect(FilterAdapter.java:787)
	at com.alibaba.druid.filter.FilterEventAdapter.connection_connect(FilterEventAdapter.java:38)
	at com.alibaba.druid.filter.FilterChainImpl.connection_connect(FilterChainImpl.java:150)
	at com.alibaba.druid.filter.FilterAdapter.connection_connect(FilterAdapter.java:787)
	at com.alibaba.druid.filter.FilterChainImpl.connection_connect(FilterChainImpl.java:150)
	at com.alibaba.druid.filter.stat.StatFilter.connection_connect(StatFilter.java:218)
	at com.alibaba.druid.filter.FilterChainImpl.connection_connect(FilterChainImpl.java:150)
	at com.alibaba.druid.pool.DruidAbstractDataSource.createPhysicalConnection(DruidAbstractDataSource.java:1598)
	at com.alibaba.druid.pool.DruidAbstractDataSource.createPhysicalConnection(DruidAbstractDataSource.java:1662)
	at com.alibaba.druid.pool.DruidDataSource$CreateConnectionThread.run(DruidDataSource.java:2697)
Caused by: java.net.ConnectException: Connection refused
	at java.base/sun.nio.ch.Net.connect0(Native Method)
	at java.base/sun.nio.ch.Net.connect(Net.java:576)
	at java.base/sun.nio.ch.Net.connect(Net.java:565)
	at java.base/sun.nio.ch.NioSocketImpl.connect(NioSocketImpl.java:588)
	at java.base/java.net.SocksSocketImpl.connect(SocksSocketImpl.java:333)
	at java.base/java.net.Socket.connect(Socket.java:645)
	at com.mysql.jdbc.StandardSocketFactory.connect(StandardSocketFactory.java:211)
	at com.mysql.jdbc.MysqlIO.<init>(MysqlIO.java:301)
	... 23 common frames omitted
2021-08-17 17:46:24.644 [Druid-ConnectionPool-Create-395229891] ERROR com.alibaba.druid.pool.DruidDataSource:2699 - create connection SQLException, url: jdbc:mysql://127.0.0.1:3306/teachingopen?characterEncoding=UTF-8&useUnicode=true&useSSL=false&tinyInt1isBit=false, errorCode 0, state 08S01
com.mysql.jdbc.exceptions.jdbc4.CommunicationsException: Communications link failure

The last packet sent successfully to the server was 0 milliseconds ago. The driver has not received any packets from the server.
	at jdk.internal.reflect.GeneratedConstructorAccessor70.newInstance(Unknown Source)
	at java.base/jdk.internal.reflect.DelegatingConstructorAccessorImpl.newInstance(DelegatingConstructorAccessorImpl.java:45)
	at java.base/java.lang.reflect.Constructor.newInstanceWithCaller(Constructor.java:499)
	at java.base/java.lang.reflect.Constructor.newInstance(Constructor.java:480)
	at com.mysql.jdbc.Util.handleNewInstance(Util.java:425)
	at com.mysql.jdbc.SQLError.createCommunicationsException(SQLError.java:990)
	at com.mysql.jdbc.MysqlIO.<init>(MysqlIO.java:342)
	at com.mysql.jdbc.ConnectionImpl.coreConnect(ConnectionImpl.java:2197)
	at com.mysql.jdbc.ConnectionImpl.connectOneTryOnly(ConnectionImpl.java:2230)
	at com.mysql.jdbc.ConnectionImpl.createNewIO(ConnectionImpl.java:2025)
	at com.mysql.jdbc.ConnectionImpl.<init>(ConnectionImpl.java:778)
	at com.mysql.jdbc.JDBC4Connection.<init>(JDBC4Connection.java:47)
	at jdk.internal.reflect.GeneratedConstructorAccessor67.newInstance(Unknown Source)
	at java.base/jdk.internal.reflect.DelegatingConstructorAccessorImpl.newInstance(DelegatingConstructorAccessorImpl.java:45)
	at java.base/java.lang.reflect.Constructor.newInstanceWithCaller(Constructor.java:499)
	at java.base/java.lang.reflect.Constructor.newInstance(Constructor.java:480)
	at com.mysql.jdbc.Util.handleNewInstance(Util.java:425)
	at com.mysql.jdbc.ConnectionImpl.getInstance(ConnectionImpl.java:386)
	at com.mysql.jdbc.NonRegisteringDriver.connect(NonRegisteringDriver.java:330)
	at com.alibaba.druid.filter.FilterChainImpl.connection_connect(FilterChainImpl.java:156)
	at com.alibaba.druid.filter.FilterAdapter.connection_connect(FilterAdapter.java:787)
	at com.alibaba.druid.filter.FilterEventAdapter.connection_connect(FilterEventAdapter.java:38)
	at com.alibaba.druid.filter.FilterChainImpl.connection_connect(FilterChainImpl.java:150)
	at com.alibaba.druid.filter.FilterAdapter.connection_connect(FilterAdapter.java:787)
	at com.alibaba.druid.filter.FilterChainImpl.connection_connect(FilterChainImpl.java:150)
	at com.alibaba.druid.filter.stat.StatFilter.connection_connect(StatFilter.java:218)
	at com.alibaba.druid.filter.FilterChainImpl.connection_connect(FilterChainImpl.java:150)
	at com.alibaba.druid.pool.DruidAbstractDataSource.createPhysicalConnection(DruidAbstractDataSource.java:1598)
	at com.alibaba.druid.pool.DruidAbstractDataSource.createPhysicalConnection(DruidAbstractDataSource.java:1662)
	at com.alibaba.druid.pool.DruidDataSource$CreateConnectionThread.run(DruidDataSource.java:2697)
Caused by: java.net.ConnectException: Connection refused
	at java.base/sun.nio.ch.Net.connect0(Native Method)
	at java.base/sun.nio.ch.Net.connect(Net.java:576)
	at java.base/sun.nio.ch.Net.connect(Net.java:565)
	at java.base/sun.nio.ch.NioSocketImpl.connect(NioSocketImpl.java:588)
	at java.base/java.net.SocksSocketImpl.connect(SocksSocketImpl.java:333)
	at java.base/java.net.Socket.connect(Socket.java:645)
	at com.mysql.jdbc.StandardSocketFactory.connect(StandardSocketFactory.java:211)
	at com.mysql.jdbc.MysqlIO.<init>(MysqlIO.java:301)
	... 23 common frames omitted
2021-08-17 17:46:26.193 [Druid-ConnectionPool-Create-395229891] ERROR com.alibaba.druid.pool.DruidDataSource:2699 - create connection SQLException, url: jdbc:mysql://127.0.0.1:3306/teachingopen?characterEncoding=UTF-8&useUnicode=true&useSSL=false&tinyInt1isBit=false, errorCode 0, state 08S01
com.mysql.jdbc.exceptions.jdbc4.CommunicationsException: Communications link failure

The last packet sent successfully to the server was 0 milliseconds ago. The driver has not received any packets from the server.
	at jdk.internal.reflect.GeneratedConstructorAccessor70.newInstance(Unknown Source)
	at java.base/jdk.internal.reflect.DelegatingConstructorAccessorImpl.newInstance(DelegatingConstructorAccessorImpl.java:45)
	at java.base/java.lang.reflect.Constructor.newInstanceWithCaller(Constructor.java:499)
	at java.base/java.lang.reflect.Constructor.newInstance(Constructor.java:480)
	at com.mysql.jdbc.Util.handleNewInstance(Util.java:425)
	at com.mysql.jdbc.SQLError.createCommunicationsException(SQLError.java:990)
	at com.mysql.jdbc.MysqlIO.<init>(MysqlIO.java:342)
	at com.mysql.jdbc.ConnectionImpl.coreConnect(ConnectionImpl.java:2197)
	at com.mysql.jdbc.ConnectionImpl.connectOneTryOnly(ConnectionImpl.java:2230)
	at com.mysql.jdbc.ConnectionImpl.createNewIO(ConnectionImpl.java:2025)
	at com.mysql.jdbc.ConnectionImpl.<init>(ConnectionImpl.java:778)
	at com.mysql.jdbc.JDBC4Connection.<init>(JDBC4Connection.java:47)
	at jdk.internal.reflect.GeneratedConstructorAccessor67.newInstance(Unknown Source)
	at java.base/jdk.internal.reflect.DelegatingConstructorAccessorImpl.newInstance(DelegatingConstructorAccessorImpl.java:45)
	at java.base/java.lang.reflect.Constructor.newInstanceWithCaller(Constructor.java:499)
	at java.base/java.lang.reflect.Constructor.newInstance(Constructor.java:480)
	at com.mysql.jdbc.Util.handleNewInstance(Util.java:425)
	at com.mysql.jdbc.ConnectionImpl.getInstance(ConnectionImpl.java:386)
	at com.mysql.jdbc.NonRegisteringDriver.connect(NonRegisteringDriver.java:330)
	at com.alibaba.druid.filter.FilterChainImpl.connection_connect(FilterChainImpl.java:156)
	at com.alibaba.druid.filter.FilterAdapter.connection_connect(FilterAdapter.java:787)
	at com.alibaba.druid.filter.FilterEventAdapter.connection_connect(FilterEventAdapter.java:38)
	at com.alibaba.druid.filter.FilterChainImpl.connection_connect(FilterChainImpl.java:150)
	at com.alibaba.druid.filter.FilterAdapter.connection_connect(FilterAdapter.java:787)
	at com.alibaba.druid.filter.FilterChainImpl.connection_connect(FilterChainImpl.java:150)
	at com.alibaba.druid.filter.stat.StatFilter.connection_connect(StatFilter.java:218)
	at com.alibaba.druid.filter.FilterChainImpl.connection_connect(FilterChainImpl.java:150)
	at com.alibaba.druid.pool.DruidAbstractDataSource.createPhysicalConnection(DruidAbstractDataSource.java:1598)
	at com.alibaba.druid.pool.DruidAbstractDataSource.createPhysicalConnection(DruidAbstractDataSource.java:1662)
	at com.alibaba.druid.pool.DruidDataSource$CreateConnectionThread.run(DruidDataSource.java:2697)
Caused by: java.net.ConnectException: Connection refused
	at java.base/sun.nio.ch.Net.connect0(Native Method)
	at java.base/sun.nio.ch.Net.connect(Net.java:576)
	at java.base/sun.nio.ch.Net.connect(Net.java:565)
	at java.base/sun.nio.ch.NioSocketImpl.connect(NioSocketImpl.java:588)
	at java.base/java.net.SocksSocketImpl.connect(SocksSocketImpl.java:333)
	at java.base/java.net.Socket.connect(Socket.java:645)
	at com.mysql.jdbc.StandardSocketFactory.connect(StandardSocketFactory.java:211)
	at com.mysql.jdbc.MysqlIO.<init>(MysqlIO.java:301)
	... 23 common frames omitted
2021-08-17 17:46:27.743 [Druid-ConnectionPool-Create-395229891] ERROR com.alibaba.druid.pool.DruidDataSource:2699 - create connection SQLException, url: jdbc:mysql://127.0.0.1:3306/teachingopen?characterEncoding=UTF-8&useUnicode=true&useSSL=false&tinyInt1isBit=false, errorCode 0, state 08S01
com.mysql.jdbc.exceptions.jdbc4.CommunicationsException: Communications link failure

The last packet sent successfully to the server was 0 milliseconds ago. The driver has not received any packets from the server.
	at jdk.internal.reflect.GeneratedConstructorAccessor70.newInstance(Unknown Source)
	at java.base/jdk.internal.reflect.DelegatingConstructorAccessorImpl.newInstance(DelegatingConstructorAccessorImpl.java:45)
	at java.base/java.lang.reflect.Constructor.newInstanceWithCaller(Constructor.java:499)
	at java.base/java.lang.reflect.Constructor.newInstance(Constructor.java:480)
	at com.mysql.jdbc.Util.handleNewInstance(Util.java:425)
	at com.mysql.jdbc.SQLError.createCommunicationsException(SQLError.java:990)
	at com.mysql.jdbc.MysqlIO.<init>(MysqlIO.java:342)
	at com.mysql.jdbc.ConnectionImpl.coreConnect(ConnectionImpl.java:2197)
	at com.mysql.jdbc.ConnectionImpl.connectOneTryOnly(ConnectionImpl.java:2230)
	at com.mysql.jdbc.ConnectionImpl.createNewIO(ConnectionImpl.java:2025)
	at com.mysql.jdbc.ConnectionImpl.<init>(ConnectionImpl.java:778)
	at com.mysql.jdbc.JDBC4Connection.<init>(JDBC4Connection.java:47)
	at jdk.internal.reflect.GeneratedConstructorAccessor67.newInstance(Unknown Source)
	at java.base/jdk.internal.reflect.DelegatingConstructorAccessorImpl.newInstance(DelegatingConstructorAccessorImpl.java:45)
	at java.base/java.lang.reflect.Constructor.newInstanceWithCaller(Constructor.java:499)
	at java.base/java.lang.reflect.Constructor.newInstance(Constructor.java:480)
	at com.mysql.jdbc.Util.handleNewInstance(Util.java:425)
	at com.mysql.jdbc.ConnectionImpl.getInstance(ConnectionImpl.java:386)
	at com.mysql.jdbc.NonRegisteringDriver.connect(NonRegisteringDriver.java:330)
	at com.alibaba.druid.filter.FilterChainImpl.connection_connect(FilterChainImpl.java:156)
	at com.alibaba.druid.filter.FilterAdapter.connection_connect(FilterAdapter.java:787)
	at com.alibaba.druid.filter.FilterEventAdapter.connection_connect(FilterEventAdapter.java:38)
	at com.alibaba.druid.filter.FilterChainImpl.connection_connect(FilterChainImpl.java:150)
	at com.alibaba.druid.filter.FilterAdapter.connection_connect(FilterAdapter.java:787)
	at com.alibaba.druid.filter.FilterChainImpl.connection_connect(FilterChainImpl.java:150)
	at com.alibaba.druid.filter.stat.StatFilter.connection_connect(StatFilter.java:218)
	at com.alibaba.druid.filter.FilterChainImpl.connection_connect(FilterChainImpl.java:150)
	at com.alibaba.druid.pool.DruidAbstractDataSource.createPhysicalConnection(DruidAbstractDataSource.java:1598)
	at com.alibaba.druid.pool.DruidAbstractDataSource.createPhysicalConnection(DruidAbstractDataSource.java:1662)
	at com.alibaba.druid.pool.DruidDataSource$CreateConnectionThread.run(DruidDataSource.java:2697)
Caused by: java.net.ConnectException: Connection refused
	at java.base/sun.nio.ch.Net.connect0(Native Method)
	at java.base/sun.nio.ch.Net.connect(Net.java:576)
	at java.base/sun.nio.ch.Net.connect(Net.java:565)
	at java.base/sun.nio.ch.NioSocketImpl.connect(NioSocketImpl.java:588)
	at java.base/java.net.SocksSocketImpl.connect(SocksSocketImpl.java:333)
	at java.base/java.net.Socket.connect(Socket.java:645)
	at com.mysql.jdbc.StandardSocketFactory.connect(StandardSocketFactory.java:211)
	at com.mysql.jdbc.MysqlIO.<init>(MysqlIO.java:301)
	... 23 common frames omitted
2021-08-17 17:46:29.294 [Druid-ConnectionPool-Create-395229891] ERROR com.alibaba.druid.pool.DruidDataSource:2699 - create connection SQLException, url: jdbc:mysql://127.0.0.1:3306/teachingopen?characterEncoding=UTF-8&useUnicode=true&useSSL=false&tinyInt1isBit=false, errorCode 0, state 08S01
com.mysql.jdbc.exceptions.jdbc4.CommunicationsException: Communications link failure

The last packet sent successfully to the server was 0 milliseconds ago. The driver has not received any packets from the server.
	at jdk.internal.reflect.GeneratedConstructorAccessor70.newInstance(Unknown Source)
	at java.base/jdk.internal.reflect.DelegatingConstructorAccessorImpl.newInstance(DelegatingConstructorAccessorImpl.java:45)
	at java.base/java.lang.reflect.Constructor.newInstanceWithCaller(Constructor.java:499)
	at java.base/java.lang.reflect.Constructor.newInstance(Constructor.java:480)
	at com.mysql.jdbc.Util.handleNewInstance(Util.java:425)
	at com.mysql.jdbc.SQLError.createCommunicationsException(SQLError.java:990)
	at com.mysql.jdbc.MysqlIO.<init>(MysqlIO.java:342)
	at com.mysql.jdbc.ConnectionImpl.coreConnect(ConnectionImpl.java:2197)
	at com.mysql.jdbc.ConnectionImpl.connectOneTryOnly(ConnectionImpl.java:2230)
	at com.mysql.jdbc.ConnectionImpl.createNewIO(ConnectionImpl.java:2025)
	at com.mysql.jdbc.ConnectionImpl.<init>(ConnectionImpl.java:778)
	at com.mysql.jdbc.JDBC4Connection.<init>(JDBC4Connection.java:47)
	at jdk.internal.reflect.GeneratedConstructorAccessor67.newInstance(Unknown Source)
	at java.base/jdk.internal.reflect.DelegatingConstructorAccessorImpl.newInstance(DelegatingConstructorAccessorImpl.java:45)
	at java.base/java.lang.reflect.Constructor.newInstanceWithCaller(Constructor.java:499)
	at java.base/java.lang.reflect.Constructor.newInstance(Constructor.java:480)
	at com.mysql.jdbc.Util.handleNewInstance(Util.java:425)
	at com.mysql.jdbc.ConnectionImpl.getInstance(ConnectionImpl.java:386)
	at com.mysql.jdbc.NonRegisteringDriver.connect(NonRegisteringDriver.java:330)
	at com.alibaba.druid.filter.FilterChainImpl.connection_connect(FilterChainImpl.java:156)
	at com.alibaba.druid.filter.FilterAdapter.connection_connect(FilterAdapter.java:787)
	at com.alibaba.druid.filter.FilterEventAdapter.connection_connect(FilterEventAdapter.java:38)
	at com.alibaba.druid.filter.FilterChainImpl.connection_connect(FilterChainImpl.java:150)
	at com.alibaba.druid.filter.FilterAdapter.connection_connect(FilterAdapter.java:787)
	at com.alibaba.druid.filter.FilterChainImpl.connection_connect(FilterChainImpl.java:150)
	at com.alibaba.druid.filter.stat.StatFilter.connection_connect(StatFilter.java:218)
	at com.alibaba.druid.filter.FilterChainImpl.connection_connect(FilterChainImpl.java:150)
	at com.alibaba.druid.pool.DruidAbstractDataSource.createPhysicalConnection(DruidAbstractDataSource.java:1598)
	at com.alibaba.druid.pool.DruidAbstractDataSource.createPhysicalConnection(DruidAbstractDataSource.java:1662)
	at com.alibaba.druid.pool.DruidDataSource$CreateConnectionThread.run(DruidDataSource.java:2697)
Caused by: java.net.ConnectException: Connection refused
	at java.base/sun.nio.ch.Net.connect0(Native Method)
	at java.base/sun.nio.ch.Net.connect(Net.java:576)
	at java.base/sun.nio.ch.Net.connect(Net.java:565)
	at java.base/sun.nio.ch.NioSocketImpl.connect(NioSocketImpl.java:588)
	at java.base/java.net.SocksSocketImpl.connect(SocksSocketImpl.java:333)
	at java.base/java.net.Socket.connect(Socket.java:645)
	at com.mysql.jdbc.StandardSocketFactory.connect(StandardSocketFactory.java:211)
	at com.mysql.jdbc.MysqlIO.<init>(MysqlIO.java:301)
	... 23 common frames omitted
2021-08-17 17:46:30.840 [Druid-ConnectionPool-Create-395229891] ERROR com.alibaba.druid.pool.DruidDataSource:2699 - create connection SQLException, url: jdbc:mysql://127.0.0.1:3306/teachingopen?characterEncoding=UTF-8&useUnicode=true&useSSL=false&tinyInt1isBit=false, errorCode 0, state 08S01
com.mysql.jdbc.exceptions.jdbc4.CommunicationsException: Communications link failure

The last packet sent successfully to the server was 0 milliseconds ago. The driver has not received any packets from the server.
	at jdk.internal.reflect.GeneratedConstructorAccessor70.newInstance(Unknown Source)
	at java.base/jdk.internal.reflect.DelegatingConstructorAccessorImpl.newInstance(DelegatingConstructorAccessorImpl.java:45)
	at java.base/java.lang.reflect.Constructor.newInstanceWithCaller(Constructor.java:499)
	at java.base/java.lang.reflect.Constructor.newInstance(Constructor.java:480)
	at com.mysql.jdbc.Util.handleNewInstance(Util.java:425)
	at com.mysql.jdbc.SQLError.createCommunicationsException(SQLError.java:990)
	at com.mysql.jdbc.MysqlIO.<init>(MysqlIO.java:342)
	at com.mysql.jdbc.ConnectionImpl.coreConnect(ConnectionImpl.java:2197)
	at com.mysql.jdbc.ConnectionImpl.connectOneTryOnly(ConnectionImpl.java:2230)
	at com.mysql.jdbc.ConnectionImpl.createNewIO(ConnectionImpl.java:2025)
	at com.mysql.jdbc.ConnectionImpl.<init>(ConnectionImpl.java:778)
	at com.mysql.jdbc.JDBC4Connection.<init>(JDBC4Connection.java:47)
	at jdk.internal.reflect.GeneratedConstructorAccessor67.newInstance(Unknown Source)
	at java.base/jdk.internal.reflect.DelegatingConstructorAccessorImpl.newInstance(DelegatingConstructorAccessorImpl.java:45)
	at java.base/java.lang.reflect.Constructor.newInstanceWithCaller(Constructor.java:499)
	at java.base/java.lang.reflect.Constructor.newInstance(Constructor.java:480)
	at com.mysql.jdbc.Util.handleNewInstance(Util.java:425)
	at com.mysql.jdbc.ConnectionImpl.getInstance(ConnectionImpl.java:386)
	at com.mysql.jdbc.NonRegisteringDriver.connect(NonRegisteringDriver.java:330)
	at com.alibaba.druid.filter.FilterChainImpl.connection_connect(FilterChainImpl.java:156)
	at com.alibaba.druid.filter.FilterAdapter.connection_connect(FilterAdapter.java:787)
	at com.alibaba.druid.filter.FilterEventAdapter.connection_connect(FilterEventAdapter.java:38)
	at com.alibaba.druid.filter.FilterChainImpl.connection_connect(FilterChainImpl.java:150)
	at com.alibaba.druid.filter.FilterAdapter.connection_connect(FilterAdapter.java:787)
	at com.alibaba.druid.filter.FilterChainImpl.connection_connect(FilterChainImpl.java:150)
	at com.alibaba.druid.filter.stat.StatFilter.connection_connect(StatFilter.java:218)
	at com.alibaba.druid.filter.FilterChainImpl.connection_connect(FilterChainImpl.java:150)
	at com.alibaba.druid.pool.DruidAbstractDataSource.createPhysicalConnection(DruidAbstractDataSource.java:1598)
	at com.alibaba.druid.pool.DruidAbstractDataSource.createPhysicalConnection(DruidAbstractDataSource.java:1662)
	at com.alibaba.druid.pool.DruidDataSource$CreateConnectionThread.run(DruidDataSource.java:2697)
Caused by: java.net.ConnectException: Connection refused
	at java.base/sun.nio.ch.Net.connect0(Native Method)
	at java.base/sun.nio.ch.Net.connect(Net.java:576)
	at java.base/sun.nio.ch.Net.connect(Net.java:565)
	at java.base/sun.nio.ch.NioSocketImpl.connect(NioSocketImpl.java:588)
	at java.base/java.net.SocksSocketImpl.connect(SocksSocketImpl.java:333)
	at java.base/java.net.Socket.connect(Socket.java:645)
	at com.mysql.jdbc.StandardSocketFactory.connect(StandardSocketFactory.java:211)
	at com.mysql.jdbc.MysqlIO.<init>(MysqlIO.java:301)
	... 23 common frames omitted
2021-08-17 17:46:32.391 [Druid-ConnectionPool-Create-395229891] ERROR com.alibaba.druid.pool.DruidDataSource:2699 - create connection SQLException, url: jdbc:mysql://127.0.0.1:3306/teachingopen?characterEncoding=UTF-8&useUnicode=true&useSSL=false&tinyInt1isBit=false, errorCode 0, state 08S01
com.mysql.jdbc.exceptions.jdbc4.CommunicationsException: Communications link failure

The last packet sent successfully to the server was 0 milliseconds ago. The driver has not received any packets from the server.
	at jdk.internal.reflect.GeneratedConstructorAccessor70.newInstance(Unknown Source)
	at java.base/jdk.internal.reflect.DelegatingConstructorAccessorImpl.newInstance(DelegatingConstructorAccessorImpl.java:45)
	at java.base/java.lang.reflect.Constructor.newInstanceWithCaller(Constructor.java:499)
	at java.base/java.lang.reflect.Constructor.newInstance(Constructor.java:480)
	at com.mysql.jdbc.Util.handleNewInstance(Util.java:425)
	at com.mysql.jdbc.SQLError.createCommunicationsException(SQLError.java:990)
	at com.mysql.jdbc.MysqlIO.<init>(MysqlIO.java:342)
	at com.mysql.jdbc.ConnectionImpl.coreConnect(ConnectionImpl.java:2197)
	at com.mysql.jdbc.ConnectionImpl.connectOneTryOnly(ConnectionImpl.java:2230)
	at com.mysql.jdbc.ConnectionImpl.createNewIO(ConnectionImpl.java:2025)
	at com.mysql.jdbc.ConnectionImpl.<init>(ConnectionImpl.java:778)
	at com.mysql.jdbc.JDBC4Connection.<init>(JDBC4Connection.java:47)
	at jdk.internal.reflect.GeneratedConstructorAccessor67.newInstance(Unknown Source)
	at java.base/jdk.internal.reflect.DelegatingConstructorAccessorImpl.newInstance(DelegatingConstructorAccessorImpl.java:45)
	at java.base/java.lang.reflect.Constructor.newInstanceWithCaller(Constructor.java:499)
	at java.base/java.lang.reflect.Constructor.newInstance(Constructor.java:480)
	at com.mysql.jdbc.Util.handleNewInstance(Util.java:425)
	at com.mysql.jdbc.ConnectionImpl.getInstance(ConnectionImpl.java:386)
	at com.mysql.jdbc.NonRegisteringDriver.connect(NonRegisteringDriver.java:330)
	at com.alibaba.druid.filter.FilterChainImpl.connection_connect(FilterChainImpl.java:156)
	at com.alibaba.druid.filter.FilterAdapter.connection_connect(FilterAdapter.java:787)
	at com.alibaba.druid.filter.FilterEventAdapter.connection_connect(FilterEventAdapter.java:38)
	at com.alibaba.druid.filter.FilterChainImpl.connection_connect(FilterChainImpl.java:150)
	at com.alibaba.druid.filter.FilterAdapter.connection_connect(FilterAdapter.java:787)
	at com.alibaba.druid.filter.FilterChainImpl.connection_connect(FilterChainImpl.java:150)
	at com.alibaba.druid.filter.stat.StatFilter.connection_connect(StatFilter.java:218)
	at com.alibaba.druid.filter.FilterChainImpl.connection_connect(FilterChainImpl.java:150)
	at com.alibaba.druid.pool.DruidAbstractDataSource.createPhysicalConnection(DruidAbstractDataSource.java:1598)
	at com.alibaba.druid.pool.DruidAbstractDataSource.createPhysicalConnection(DruidAbstractDataSource.java:1662)
	at com.alibaba.druid.pool.DruidDataSource$CreateConnectionThread.run(DruidDataSource.java:2697)
Caused by: java.net.ConnectException: Connection refused
	at java.base/sun.nio.ch.Net.connect0(Native Method)
	at java.base/sun.nio.ch.Net.connect(Net.java:576)
	at java.base/sun.nio.ch.Net.connect(Net.java:565)
	at java.base/sun.nio.ch.NioSocketImpl.connect(NioSocketImpl.java:588)
	at java.base/java.net.SocksSocketImpl.connect(SocksSocketImpl.java:333)
	at java.base/java.net.Socket.connect(Socket.java:645)
	at com.mysql.jdbc.StandardSocketFactory.connect(StandardSocketFactory.java:211)
	at com.mysql.jdbc.MysqlIO.<init>(MysqlIO.java:301)
	... 23 common frames omitted
2021-08-17 17:46:33.940 [Druid-ConnectionPool-Create-395229891] ERROR com.alibaba.druid.pool.DruidDataSource:2699 - create connection SQLException, url: jdbc:mysql://127.0.0.1:3306/teachingopen?characterEncoding=UTF-8&useUnicode=true&useSSL=false&tinyInt1isBit=false, errorCode 0, state 08S01
com.mysql.jdbc.exceptions.jdbc4.CommunicationsException: Communications link failure

The last packet sent successfully to the server was 0 milliseconds ago. The driver has not received any packets from the server.
	at jdk.internal.reflect.GeneratedConstructorAccessor70.newInstance(Unknown Source)
	at java.base/jdk.internal.reflect.DelegatingConstructorAccessorImpl.newInstance(DelegatingConstructorAccessorImpl.java:45)
	at java.base/java.lang.reflect.Constructor.newInstanceWithCaller(Constructor.java:499)
	at java.base/java.lang.reflect.Constructor.newInstance(Constructor.java:480)
	at com.mysql.jdbc.Util.handleNewInstance(Util.java:425)
	at com.mysql.jdbc.SQLError.createCommunicationsException(SQLError.java:990)
	at com.mysql.jdbc.MysqlIO.<init>(MysqlIO.java:342)
	at com.mysql.jdbc.ConnectionImpl.coreConnect(ConnectionImpl.java:2197)
	at com.mysql.jdbc.ConnectionImpl.connectOneTryOnly(ConnectionImpl.java:2230)
	at com.mysql.jdbc.ConnectionImpl.createNewIO(ConnectionImpl.java:2025)
	at com.mysql.jdbc.ConnectionImpl.<init>(ConnectionImpl.java:778)
	at com.mysql.jdbc.JDBC4Connection.<init>(JDBC4Connection.java:47)
	at jdk.internal.reflect.GeneratedConstructorAccessor67.newInstance(Unknown Source)
	at java.base/jdk.internal.reflect.DelegatingConstructorAccessorImpl.newInstance(DelegatingConstructorAccessorImpl.java:45)
	at java.base/java.lang.reflect.Constructor.newInstanceWithCaller(Constructor.java:499)
	at java.base/java.lang.reflect.Constructor.newInstance(Constructor.java:480)
	at com.mysql.jdbc.Util.handleNewInstance(Util.java:425)
	at com.mysql.jdbc.ConnectionImpl.getInstance(ConnectionImpl.java:386)
	at com.mysql.jdbc.NonRegisteringDriver.connect(NonRegisteringDriver.java:330)
	at com.alibaba.druid.filter.FilterChainImpl.connection_connect(FilterChainImpl.java:156)
	at com.alibaba.druid.filter.FilterAdapter.connection_connect(FilterAdapter.java:787)
	at com.alibaba.druid.filter.FilterEventAdapter.connection_connect(FilterEventAdapter.java:38)
	at com.alibaba.druid.filter.FilterChainImpl.connection_connect(FilterChainImpl.java:150)
	at com.alibaba.druid.filter.FilterAdapter.connection_connect(FilterAdapter.java:787)
	at com.alibaba.druid.filter.FilterChainImpl.connection_connect(FilterChainImpl.java:150)
	at com.alibaba.druid.filter.stat.StatFilter.connection_connect(StatFilter.java:218)
	at com.alibaba.druid.filter.FilterChainImpl.connection_connect(FilterChainImpl.java:150)
	at com.alibaba.druid.pool.DruidAbstractDataSource.createPhysicalConnection(DruidAbstractDataSource.java:1598)
	at com.alibaba.druid.pool.DruidAbstractDataSource.createPhysicalConnection(DruidAbstractDataSource.java:1662)
	at com.alibaba.druid.pool.DruidDataSource$CreateConnectionThread.run(DruidDataSource.java:2697)
Caused by: java.net.ConnectException: Connection refused
	at java.base/sun.nio.ch.Net.connect0(Native Method)
	at java.base/sun.nio.ch.Net.connect(Net.java:576)
	at java.base/sun.nio.ch.Net.connect(Net.java:565)
	at java.base/sun.nio.ch.NioSocketImpl.connect(NioSocketImpl.java:588)
	at java.base/java.net.SocksSocketImpl.connect(SocksSocketImpl.java:333)
	at java.base/java.net.Socket.connect(Socket.java:645)
	at com.mysql.jdbc.StandardSocketFactory.connect(StandardSocketFactory.java:211)
	at com.mysql.jdbc.MysqlIO.<init>(MysqlIO.java:301)
	... 23 common frames omitted
2021-08-17 17:46:35.489 [Druid-ConnectionPool-Create-395229891] ERROR com.alibaba.druid.pool.DruidDataSource:2699 - create connection SQLException, url: jdbc:mysql://127.0.0.1:3306/teachingopen?characterEncoding=UTF-8&useUnicode=true&useSSL=false&tinyInt1isBit=false, errorCode 0, state 08S01
com.mysql.jdbc.exceptions.jdbc4.CommunicationsException: Communications link failure

The last packet sent successfully to the server was 0 milliseconds ago. The driver has not received any packets from the server.
	at jdk.internal.reflect.GeneratedConstructorAccessor70.newInstance(Unknown Source)
	at java.base/jdk.internal.reflect.DelegatingConstructorAccessorImpl.newInstance(DelegatingConstructorAccessorImpl.java:45)
	at java.base/java.lang.reflect.Constructor.newInstanceWithCaller(Constructor.java:499)
	at java.base/java.lang.reflect.Constructor.newInstance(Constructor.java:480)
	at com.mysql.jdbc.Util.handleNewInstance(Util.java:425)
	at com.mysql.jdbc.SQLError.createCommunicationsException(SQLError.java:990)
	at com.mysql.jdbc.MysqlIO.<init>(MysqlIO.java:342)
	at com.mysql.jdbc.ConnectionImpl.coreConnect(ConnectionImpl.java:2197)
	at com.mysql.jdbc.ConnectionImpl.connectOneTryOnly(ConnectionImpl.java:2230)
	at com.mysql.jdbc.ConnectionImpl.createNewIO(ConnectionImpl.java:2025)
	at com.mysql.jdbc.ConnectionImpl.<init>(ConnectionImpl.java:778)
	at com.mysql.jdbc.JDBC4Connection.<init>(JDBC4Connection.java:47)
	at jdk.internal.reflect.GeneratedConstructorAccessor67.newInstance(Unknown Source)
	at java.base/jdk.internal.reflect.DelegatingConstructorAccessorImpl.newInstance(DelegatingConstructorAccessorImpl.java:45)
	at java.base/java.lang.reflect.Constructor.newInstanceWithCaller(Constructor.java:499)
	at java.base/java.lang.reflect.Constructor.newInstance(Constructor.java:480)
	at com.mysql.jdbc.Util.handleNewInstance(Util.java:425)
	at com.mysql.jdbc.ConnectionImpl.getInstance(ConnectionImpl.java:386)
	at com.mysql.jdbc.NonRegisteringDriver.connect(NonRegisteringDriver.java:330)
	at com.alibaba.druid.filter.FilterChainImpl.connection_connect(FilterChainImpl.java:156)
	at com.alibaba.druid.filter.FilterAdapter.connection_connect(FilterAdapter.java:787)
	at com.alibaba.druid.filter.FilterEventAdapter.connection_connect(FilterEventAdapter.java:38)
	at com.alibaba.druid.filter.FilterChainImpl.connection_connect(FilterChainImpl.java:150)
	at com.alibaba.druid.filter.FilterAdapter.connection_connect(FilterAdapter.java:787)
	at com.alibaba.druid.filter.FilterChainImpl.connection_connect(FilterChainImpl.java:150)
	at com.alibaba.druid.filter.stat.StatFilter.connection_connect(StatFilter.java:218)
	at com.alibaba.druid.filter.FilterChainImpl.connection_connect(FilterChainImpl.java:150)
	at com.alibaba.druid.pool.DruidAbstractDataSource.createPhysicalConnection(DruidAbstractDataSource.java:1598)
	at com.alibaba.druid.pool.DruidAbstractDataSource.createPhysicalConnection(DruidAbstractDataSource.java:1662)
	at com.alibaba.druid.pool.DruidDataSource$CreateConnectionThread.run(DruidDataSource.java:2697)
Caused by: java.net.ConnectException: Connection refused
	at java.base/sun.nio.ch.Net.connect0(Native Method)
	at java.base/sun.nio.ch.Net.connect(Net.java:576)
	at java.base/sun.nio.ch.Net.connect(Net.java:565)
	at java.base/sun.nio.ch.NioSocketImpl.connect(NioSocketImpl.java:588)
	at java.base/java.net.SocksSocketImpl.connect(SocksSocketImpl.java:333)
	at java.base/java.net.Socket.connect(Socket.java:645)
	at com.mysql.jdbc.StandardSocketFactory.connect(StandardSocketFactory.java:211)
	at com.mysql.jdbc.MysqlIO.<init>(MysqlIO.java:301)
	... 23 common frames omitted
2021-08-17 17:46:37.036 [Druid-ConnectionPool-Create-395229891] ERROR com.alibaba.druid.pool.DruidDataSource:2699 - create connection SQLException, url: jdbc:mysql://127.0.0.1:3306/teachingopen?characterEncoding=UTF-8&useUnicode=true&useSSL=false&tinyInt1isBit=false, errorCode 0, state 08S01
com.mysql.jdbc.exceptions.jdbc4.CommunicationsException: Communications link failure

The last packet sent successfully to the server was 0 milliseconds ago. The driver has not received any packets from the server.
	at jdk.internal.reflect.GeneratedConstructorAccessor70.newInstance(Unknown Source)
	at java.base/jdk.internal.reflect.DelegatingConstructorAccessorImpl.newInstance(DelegatingConstructorAccessorImpl.java:45)
	at java.base/java.lang.reflect.Constructor.newInstanceWithCaller(Constructor.java:499)
	at java.base/java.lang.reflect.Constructor.newInstance(Constructor.java:480)
	at com.mysql.jdbc.Util.handleNewInstance(Util.java:425)
	at com.mysql.jdbc.SQLError.createCommunicationsException(SQLError.java:990)
	at com.mysql.jdbc.MysqlIO.<init>(MysqlIO.java:342)
	at com.mysql.jdbc.ConnectionImpl.coreConnect(ConnectionImpl.java:2197)
	at com.mysql.jdbc.ConnectionImpl.connectOneTryOnly(ConnectionImpl.java:2230)
	at com.mysql.jdbc.ConnectionImpl.createNewIO(ConnectionImpl.java:2025)
	at com.mysql.jdbc.ConnectionImpl.<init>(ConnectionImpl.java:778)
	at com.mysql.jdbc.JDBC4Connection.<init>(JDBC4Connection.java:47)
	at jdk.internal.reflect.GeneratedConstructorAccessor67.newInstance(Unknown Source)
	at java.base/jdk.internal.reflect.DelegatingConstructorAccessorImpl.newInstance(DelegatingConstructorAccessorImpl.java:45)
	at java.base/java.lang.reflect.Constructor.newInstanceWithCaller(Constructor.java:499)
	at java.base/java.lang.reflect.Constructor.newInstance(Constructor.java:480)
	at com.mysql.jdbc.Util.handleNewInstance(Util.java:425)
	at com.mysql.jdbc.ConnectionImpl.getInstance(ConnectionImpl.java:386)
	at com.mysql.jdbc.NonRegisteringDriver.connect(NonRegisteringDriver.java:330)
	at com.alibaba.druid.filter.FilterChainImpl.connection_connect(FilterChainImpl.java:156)
	at com.alibaba.druid.filter.FilterAdapter.connection_connect(FilterAdapter.java:787)
	at com.alibaba.druid.filter.FilterEventAdapter.connection_connect(FilterEventAdapter.java:38)
	at com.alibaba.druid.filter.FilterChainImpl.connection_connect(FilterChainImpl.java:150)
	at com.alibaba.druid.filter.FilterAdapter.connection_connect(FilterAdapter.java:787)
	at com.alibaba.druid.filter.FilterChainImpl.connection_connect(FilterChainImpl.java:150)
	at com.alibaba.druid.filter.stat.StatFilter.connection_connect(StatFilter.java:218)
	at com.alibaba.druid.filter.FilterChainImpl.connection_connect(FilterChainImpl.java:150)
	at com.alibaba.druid.pool.DruidAbstractDataSource.createPhysicalConnection(DruidAbstractDataSource.java:1598)
	at com.alibaba.druid.pool.DruidAbstractDataSource.createPhysicalConnection(DruidAbstractDataSource.java:1662)
	at com.alibaba.druid.pool.DruidDataSource$CreateConnectionThread.run(DruidDataSource.java:2697)
Caused by: java.net.ConnectException: Connection refused
	at java.base/sun.nio.ch.Net.connect0(Native Method)
	at java.base/sun.nio.ch.Net.connect(Net.java:576)
	at java.base/sun.nio.ch.Net.connect(Net.java:565)
	at java.base/sun.nio.ch.NioSocketImpl.connect(NioSocketImpl.java:588)
	at java.base/java.net.SocksSocketImpl.connect(SocksSocketImpl.java:333)
	at java.base/java.net.Socket.connect(Socket.java:645)
	at com.mysql.jdbc.StandardSocketFactory.connect(StandardSocketFactory.java:211)
	at com.mysql.jdbc.MysqlIO.<init>(MysqlIO.java:301)
	... 23 common frames omitted
2021-08-17 17:46:38.585 [Druid-ConnectionPool-Create-395229891] ERROR com.alibaba.druid.pool.DruidDataSource:2699 - create connection SQLException, url: jdbc:mysql://127.0.0.1:3306/teachingopen?characterEncoding=UTF-8&useUnicode=true&useSSL=false&tinyInt1isBit=false, errorCode 0, state 08S01
com.mysql.jdbc.exceptions.jdbc4.CommunicationsException: Communications link failure

The last packet sent successfully to the server was 0 milliseconds ago. The driver has not received any packets from the server.
	at jdk.internal.reflect.GeneratedConstructorAccessor70.newInstance(Unknown Source)
	at java.base/jdk.internal.reflect.DelegatingConstructorAccessorImpl.newInstance(DelegatingConstructorAccessorImpl.java:45)
	at java.base/java.lang.reflect.Constructor.newInstanceWithCaller(Constructor.java:499)
	at java.base/java.lang.reflect.Constructor.newInstance(Constructor.java:480)
	at com.mysql.jdbc.Util.handleNewInstance(Util.java:425)
	at com.mysql.jdbc.SQLError.createCommunicationsException(SQLError.java:990)
	at com.mysql.jdbc.MysqlIO.<init>(MysqlIO.java:342)
	at com.mysql.jdbc.ConnectionImpl.coreConnect(ConnectionImpl.java:2197)
	at com.mysql.jdbc.ConnectionImpl.connectOneTryOnly(ConnectionImpl.java:2230)
	at com.mysql.jdbc.ConnectionImpl.createNewIO(ConnectionImpl.java:2025)
	at com.mysql.jdbc.ConnectionImpl.<init>(ConnectionImpl.java:778)
	at com.mysql.jdbc.JDBC4Connection.<init>(JDBC4Connection.java:47)
	at jdk.internal.reflect.GeneratedConstructorAccessor67.newInstance(Unknown Source)
	at java.base/jdk.internal.reflect.DelegatingConstructorAccessorImpl.newInstance(DelegatingConstructorAccessorImpl.java:45)
	at java.base/java.lang.reflect.Constructor.newInstanceWithCaller(Constructor.java:499)
	at java.base/java.lang.reflect.Constructor.newInstance(Constructor.java:480)
	at com.mysql.jdbc.Util.handleNewInstance(Util.java:425)
	at com.mysql.jdbc.ConnectionImpl.getInstance(ConnectionImpl.java:386)
	at com.mysql.jdbc.NonRegisteringDriver.connect(NonRegisteringDriver.java:330)
	at com.alibaba.druid.filter.FilterChainImpl.connection_connect(FilterChainImpl.java:156)
	at com.alibaba.druid.filter.FilterAdapter.connection_connect(FilterAdapter.java:787)
	at com.alibaba.druid.filter.FilterEventAdapter.connection_connect(FilterEventAdapter.java:38)
	at com.alibaba.druid.filter.FilterChainImpl.connection_connect(FilterChainImpl.java:150)
	at com.alibaba.druid.filter.FilterAdapter.connection_connect(FilterAdapter.java:787)
	at com.alibaba.druid.filter.FilterChainImpl.connection_connect(FilterChainImpl.java:150)
	at com.alibaba.druid.filter.stat.StatFilter.connection_connect(StatFilter.java:218)
	at com.alibaba.druid.filter.FilterChainImpl.connection_connect(FilterChainImpl.java:150)
	at com.alibaba.druid.pool.DruidAbstractDataSource.createPhysicalConnection(DruidAbstractDataSource.java:1598)
	at com.alibaba.druid.pool.DruidAbstractDataSource.createPhysicalConnection(DruidAbstractDataSource.java:1662)
	at com.alibaba.druid.pool.DruidDataSource$CreateConnectionThread.run(DruidDataSource.java:2697)
Caused by: java.net.ConnectException: Connection refused
	at java.base/sun.nio.ch.Net.connect0(Native Method)
	at java.base/sun.nio.ch.Net.connect(Net.java:576)
	at java.base/sun.nio.ch.Net.connect(Net.java:565)
	at java.base/sun.nio.ch.NioSocketImpl.connect(NioSocketImpl.java:588)
	at java.base/java.net.SocksSocketImpl.connect(SocksSocketImpl.java:333)
	at java.base/java.net.Socket.connect(Socket.java:645)
	at com.mysql.jdbc.StandardSocketFactory.connect(StandardSocketFactory.java:211)
	at com.mysql.jdbc.MysqlIO.<init>(MysqlIO.java:301)
	... 23 common frames omitted
2021-08-17 17:46:40.131 [Druid-ConnectionPool-Create-395229891] ERROR com.alibaba.druid.pool.DruidDataSource:2699 - create connection SQLException, url: jdbc:mysql://127.0.0.1:3306/teachingopen?characterEncoding=UTF-8&useUnicode=true&useSSL=false&tinyInt1isBit=false, errorCode 0, state 08S01
com.mysql.jdbc.exceptions.jdbc4.CommunicationsException: Communications link failure

The last packet sent successfully to the server was 0 milliseconds ago. The driver has not received any packets from the server.
	at jdk.internal.reflect.GeneratedConstructorAccessor70.newInstance(Unknown Source)
	at java.base/jdk.internal.reflect.DelegatingConstructorAccessorImpl.newInstance(DelegatingConstructorAccessorImpl.java:45)
	at java.base/java.lang.reflect.Constructor.newInstanceWithCaller(Constructor.java:499)
	at java.base/java.lang.reflect.Constructor.newInstance(Constructor.java:480)
	at com.mysql.jdbc.Util.handleNewInstance(Util.java:425)
	at com.mysql.jdbc.SQLError.createCommunicationsException(SQLError.java:990)
	at com.mysql.jdbc.MysqlIO.<init>(MysqlIO.java:342)
	at com.mysql.jdbc.ConnectionImpl.coreConnect(ConnectionImpl.java:2197)
	at com.mysql.jdbc.ConnectionImpl.connectOneTryOnly(ConnectionImpl.java:2230)
	at com.mysql.jdbc.ConnectionImpl.createNewIO(ConnectionImpl.java:2025)
	at com.mysql.jdbc.ConnectionImpl.<init>(ConnectionImpl.java:778)
	at com.mysql.jdbc.JDBC4Connection.<init>(JDBC4Connection.java:47)
	at jdk.internal.reflect.GeneratedConstructorAccessor67.newInstance(Unknown Source)
	at java.base/jdk.internal.reflect.DelegatingConstructorAccessorImpl.newInstance(DelegatingConstructorAccessorImpl.java:45)
	at java.base/java.lang.reflect.Constructor.newInstanceWithCaller(Constructor.java:499)
	at java.base/java.lang.reflect.Constructor.newInstance(Constructor.java:480)
	at com.mysql.jdbc.Util.handleNewInstance(Util.java:425)
	at com.mysql.jdbc.ConnectionImpl.getInstance(ConnectionImpl.java:386)
	at com.mysql.jdbc.NonRegisteringDriver.connect(NonRegisteringDriver.java:330)
	at com.alibaba.druid.filter.FilterChainImpl.connection_connect(FilterChainImpl.java:156)
	at com.alibaba.druid.filter.FilterAdapter.connection_connect(FilterAdapter.java:787)
	at com.alibaba.druid.filter.FilterEventAdapter.connection_connect(FilterEventAdapter.java:38)
	at com.alibaba.druid.filter.FilterChainImpl.connection_connect(FilterChainImpl.java:150)
	at com.alibaba.druid.filter.FilterAdapter.connection_connect(FilterAdapter.java:787)
	at com.alibaba.druid.filter.FilterChainImpl.connection_connect(FilterChainImpl.java:150)
	at com.alibaba.druid.filter.stat.StatFilter.connection_connect(StatFilter.java:218)
	at com.alibaba.druid.filter.FilterChainImpl.connection_connect(FilterChainImpl.java:150)
	at com.alibaba.druid.pool.DruidAbstractDataSource.createPhysicalConnection(DruidAbstractDataSource.java:1598)
	at com.alibaba.druid.pool.DruidAbstractDataSource.createPhysicalConnection(DruidAbstractDataSource.java:1662)
	at com.alibaba.druid.pool.DruidDataSource$CreateConnectionThread.run(DruidDataSource.java:2697)
Caused by: java.net.ConnectException: Connection refused
	at java.base/sun.nio.ch.Net.connect0(Native Method)
	at java.base/sun.nio.ch.Net.connect(Net.java:576)
	at java.base/sun.nio.ch.Net.connect(Net.java:565)
	at java.base/sun.nio.ch.NioSocketImpl.connect(NioSocketImpl.java:588)
	at java.base/java.net.SocksSocketImpl.connect(SocksSocketImpl.java:333)
	at java.base/java.net.Socket.connect(Socket.java:645)
	at com.mysql.jdbc.StandardSocketFactory.connect(StandardSocketFactory.java:211)
	at com.mysql.jdbc.MysqlIO.<init>(MysqlIO.java:301)
	... 23 common frames omitted
2021-08-17 17:46:41.678 [Druid-ConnectionPool-Create-395229891] ERROR com.alibaba.druid.pool.DruidDataSource:2699 - create connection SQLException, url: jdbc:mysql://127.0.0.1:3306/teachingopen?characterEncoding=UTF-8&useUnicode=true&useSSL=false&tinyInt1isBit=false, errorCode 0, state 08S01
com.mysql.jdbc.exceptions.jdbc4.CommunicationsException: Communications link failure

The last packet sent successfully to the server was 0 milliseconds ago. The driver has not received any packets from the server.
	at jdk.internal.reflect.GeneratedConstructorAccessor70.newInstance(Unknown Source)
	at java.base/jdk.internal.reflect.DelegatingConstructorAccessorImpl.newInstance(DelegatingConstructorAccessorImpl.java:45)
	at java.base/java.lang.reflect.Constructor.newInstanceWithCaller(Constructor.java:499)
	at java.base/java.lang.reflect.Constructor.newInstance(Constructor.java:480)
	at com.mysql.jdbc.Util.handleNewInstance(Util.java:425)
	at com.mysql.jdbc.SQLError.createCommunicationsException(SQLError.java:990)
	at com.mysql.jdbc.MysqlIO.<init>(MysqlIO.java:342)
	at com.mysql.jdbc.ConnectionImpl.coreConnect(ConnectionImpl.java:2197)
	at com.mysql.jdbc.ConnectionImpl.connectOneTryOnly(ConnectionImpl.java:2230)
	at com.mysql.jdbc.ConnectionImpl.createNewIO(ConnectionImpl.java:2025)
	at com.mysql.jdbc.ConnectionImpl.<init>(ConnectionImpl.java:778)
	at com.mysql.jdbc.JDBC4Connection.<init>(JDBC4Connection.java:47)
	at jdk.internal.reflect.GeneratedConstructorAccessor67.newInstance(Unknown Source)
	at java.base/jdk.internal.reflect.DelegatingConstructorAccessorImpl.newInstance(DelegatingConstructorAccessorImpl.java:45)
	at java.base/java.lang.reflect.Constructor.newInstanceWithCaller(Constructor.java:499)
	at java.base/java.lang.reflect.Constructor.newInstance(Constructor.java:480)
	at com.mysql.jdbc.Util.handleNewInstance(Util.java:425)
	at com.mysql.jdbc.ConnectionImpl.getInstance(ConnectionImpl.java:386)
	at com.mysql.jdbc.NonRegisteringDriver.connect(NonRegisteringDriver.java:330)
	at com.alibaba.druid.filter.FilterChainImpl.connection_connect(FilterChainImpl.java:156)
	at com.alibaba.druid.filter.FilterAdapter.connection_connect(FilterAdapter.java:787)
	at com.alibaba.druid.filter.FilterEventAdapter.connection_connect(FilterEventAdapter.java:38)
	at com.alibaba.druid.filter.FilterChainImpl.connection_connect(FilterChainImpl.java:150)
	at com.alibaba.druid.filter.FilterAdapter.connection_connect(FilterAdapter.java:787)
	at com.alibaba.druid.filter.FilterChainImpl.connection_connect(FilterChainImpl.java:150)
	at com.alibaba.druid.filter.stat.StatFilter.connection_connect(StatFilter.java:218)
	at com.alibaba.druid.filter.FilterChainImpl.connection_connect(FilterChainImpl.java:150)
	at com.alibaba.druid.pool.DruidAbstractDataSource.createPhysicalConnection(DruidAbstractDataSource.java:1598)
	at com.alibaba.druid.pool.DruidAbstractDataSource.createPhysicalConnection(DruidAbstractDataSource.java:1662)
	at com.alibaba.druid.pool.DruidDataSource$CreateConnectionThread.run(DruidDataSource.java:2697)
Caused by: java.net.ConnectException: Connection refused
	at java.base/sun.nio.ch.Net.connect0(Native Method)
	at java.base/sun.nio.ch.Net.connect(Net.java:576)
	at java.base/sun.nio.ch.Net.connect(Net.java:565)
	at java.base/sun.nio.ch.NioSocketImpl.connect(NioSocketImpl.java:588)
	at java.base/java.net.SocksSocketImpl.connect(SocksSocketImpl.java:333)
	at java.base/java.net.Socket.connect(Socket.java:645)
	at com.mysql.jdbc.StandardSocketFactory.connect(StandardSocketFactory.java:211)
	at com.mysql.jdbc.MysqlIO.<init>(MysqlIO.java:301)
	... 23 common frames omitted
2021-08-17 17:46:43.227 [Druid-ConnectionPool-Create-395229891] ERROR com.alibaba.druid.pool.DruidDataSource:2699 - create connection SQLException, url: jdbc:mysql://127.0.0.1:3306/teachingopen?characterEncoding=UTF-8&useUnicode=true&useSSL=false&tinyInt1isBit=false, errorCode 0, state 08S01
com.mysql.jdbc.exceptions.jdbc4.CommunicationsException: Communications link failure

The last packet sent successfully to the server was 0 milliseconds ago. The driver has not received any packets from the server.
	at jdk.internal.reflect.GeneratedConstructorAccessor70.newInstance(Unknown Source)
	at java.base/jdk.internal.reflect.DelegatingConstructorAccessorImpl.newInstance(DelegatingConstructorAccessorImpl.java:45)
	at java.base/java.lang.reflect.Constructor.newInstanceWithCaller(Constructor.java:499)
	at java.base/java.lang.reflect.Constructor.newInstance(Constructor.java:480)
	at com.mysql.jdbc.Util.handleNewInstance(Util.java:425)
	at com.mysql.jdbc.SQLError.createCommunicationsException(SQLError.java:990)
	at com.mysql.jdbc.MysqlIO.<init>(MysqlIO.java:342)
	at com.mysql.jdbc.ConnectionImpl.coreConnect(ConnectionImpl.java:2197)
	at com.mysql.jdbc.ConnectionImpl.connectOneTryOnly(ConnectionImpl.java:2230)
	at com.mysql.jdbc.ConnectionImpl.createNewIO(ConnectionImpl.java:2025)
	at com.mysql.jdbc.ConnectionImpl.<init>(ConnectionImpl.java:778)
	at com.mysql.jdbc.JDBC4Connection.<init>(JDBC4Connection.java:47)
	at jdk.internal.reflect.GeneratedConstructorAccessor67.newInstance(Unknown Source)
	at java.base/jdk.internal.reflect.DelegatingConstructorAccessorImpl.newInstance(DelegatingConstructorAccessorImpl.java:45)
	at java.base/java.lang.reflect.Constructor.newInstanceWithCaller(Constructor.java:499)
	at java.base/java.lang.reflect.Constructor.newInstance(Constructor.java:480)
	at com.mysql.jdbc.Util.handleNewInstance(Util.java:425)
	at com.mysql.jdbc.ConnectionImpl.getInstance(ConnectionImpl.java:386)
	at com.mysql.jdbc.NonRegisteringDriver.connect(NonRegisteringDriver.java:330)
	at com.alibaba.druid.filter.FilterChainImpl.connection_connect(FilterChainImpl.java:156)
	at com.alibaba.druid.filter.FilterAdapter.connection_connect(FilterAdapter.java:787)
	at com.alibaba.druid.filter.FilterEventAdapter.connection_connect(FilterEventAdapter.java:38)
	at com.alibaba.druid.filter.FilterChainImpl.connection_connect(FilterChainImpl.java:150)
	at com.alibaba.druid.filter.FilterAdapter.connection_connect(FilterAdapter.java:787)
	at com.alibaba.druid.filter.FilterChainImpl.connection_connect(FilterChainImpl.java:150)
	at com.alibaba.druid.filter.stat.StatFilter.connection_connect(StatFilter.java:218)
	at com.alibaba.druid.filter.FilterChainImpl.connection_connect(FilterChainImpl.java:150)
	at com.alibaba.druid.pool.DruidAbstractDataSource.createPhysicalConnection(DruidAbstractDataSource.java:1598)
	at com.alibaba.druid.pool.DruidAbstractDataSource.createPhysicalConnection(DruidAbstractDataSource.java:1662)
	at com.alibaba.druid.pool.DruidDataSource$CreateConnectionThread.run(DruidDataSource.java:2697)
Caused by: java.net.ConnectException: Connection refused
	at java.base/sun.nio.ch.Net.connect0(Native Method)
	at java.base/sun.nio.ch.Net.connect(Net.java:576)
	at java.base/sun.nio.ch.Net.connect(Net.java:565)
	at java.base/sun.nio.ch.NioSocketImpl.connect(NioSocketImpl.java:588)
	at java.base/java.net.SocksSocketImpl.connect(SocksSocketImpl.java:333)
	at java.base/java.net.Socket.connect(Socket.java:645)
	at com.mysql.jdbc.StandardSocketFactory.connect(StandardSocketFactory.java:211)
	at com.mysql.jdbc.MysqlIO.<init>(MysqlIO.java:301)
	... 23 common frames omitted
2021-08-17 17:46:44.777 [Druid-ConnectionPool-Create-395229891] ERROR com.alibaba.druid.pool.DruidDataSource:2699 - create connection SQLException, url: jdbc:mysql://127.0.0.1:3306/teachingopen?characterEncoding=UTF-8&useUnicode=true&useSSL=false&tinyInt1isBit=false, errorCode 0, state 08S01
com.mysql.jdbc.exceptions.jdbc4.CommunicationsException: Communications link failure

The last packet sent successfully to the server was 0 milliseconds ago. The driver has not received any packets from the server.
	at jdk.internal.reflect.GeneratedConstructorAccessor70.newInstance(Unknown Source)
	at java.base/jdk.internal.reflect.DelegatingConstructorAccessorImpl.newInstance(DelegatingConstructorAccessorImpl.java:45)
	at java.base/java.lang.reflect.Constructor.newInstanceWithCaller(Constructor.java:499)
	at java.base/java.lang.reflect.Constructor.newInstance(Constructor.java:480)
	at com.mysql.jdbc.Util.handleNewInstance(Util.java:425)
	at com.mysql.jdbc.SQLError.createCommunicationsException(SQLError.java:990)
	at com.mysql.jdbc.MysqlIO.<init>(MysqlIO.java:342)
	at com.mysql.jdbc.ConnectionImpl.coreConnect(ConnectionImpl.java:2197)
	at com.mysql.jdbc.ConnectionImpl.connectOneTryOnly(ConnectionImpl.java:2230)
	at com.mysql.jdbc.ConnectionImpl.createNewIO(ConnectionImpl.java:2025)
	at com.mysql.jdbc.ConnectionImpl.<init>(ConnectionImpl.java:778)
	at com.mysql.jdbc.JDBC4Connection.<init>(JDBC4Connection.java:47)
	at jdk.internal.reflect.GeneratedConstructorAccessor67.newInstance(Unknown Source)
	at java.base/jdk.internal.reflect.DelegatingConstructorAccessorImpl.newInstance(DelegatingConstructorAccessorImpl.java:45)
	at java.base/java.lang.reflect.Constructor.newInstanceWithCaller(Constructor.java:499)
	at java.base/java.lang.reflect.Constructor.newInstance(Constructor.java:480)
	at com.mysql.jdbc.Util.handleNewInstance(Util.java:425)
	at com.mysql.jdbc.ConnectionImpl.getInstance(ConnectionImpl.java:386)
	at com.mysql.jdbc.NonRegisteringDriver.connect(NonRegisteringDriver.java:330)
	at com.alibaba.druid.filter.FilterChainImpl.connection_connect(FilterChainImpl.java:156)
	at com.alibaba.druid.filter.FilterAdapter.connection_connect(FilterAdapter.java:787)
	at com.alibaba.druid.filter.FilterEventAdapter.connection_connect(FilterEventAdapter.java:38)
	at com.alibaba.druid.filter.FilterChainImpl.connection_connect(FilterChainImpl.java:150)
	at com.alibaba.druid.filter.FilterAdapter.connection_connect(FilterAdapter.java:787)
	at com.alibaba.druid.filter.FilterChainImpl.connection_connect(FilterChainImpl.java:150)
	at com.alibaba.druid.filter.stat.StatFilter.connection_connect(StatFilter.java:218)
	at com.alibaba.druid.filter.FilterChainImpl.connection_connect(FilterChainImpl.java:150)
	at com.alibaba.druid.pool.DruidAbstractDataSource.createPhysicalConnection(DruidAbstractDataSource.java:1598)
	at com.alibaba.druid.pool.DruidAbstractDataSource.createPhysicalConnection(DruidAbstractDataSource.java:1662)
	at com.alibaba.druid.pool.DruidDataSource$CreateConnectionThread.run(DruidDataSource.java:2697)
Caused by: java.net.ConnectException: Connection refused
	at java.base/sun.nio.ch.Net.connect0(Native Method)
	at java.base/sun.nio.ch.Net.connect(Net.java:576)
	at java.base/sun.nio.ch.Net.connect(Net.java:565)
	at java.base/sun.nio.ch.NioSocketImpl.connect(NioSocketImpl.java:588)
	at java.base/java.net.SocksSocketImpl.connect(SocksSocketImpl.java:333)
	at java.base/java.net.Socket.connect(Socket.java:645)
	at com.mysql.jdbc.StandardSocketFactory.connect(StandardSocketFactory.java:211)
	at com.mysql.jdbc.MysqlIO.<init>(MysqlIO.java:301)
	... 23 common frames omitted
2021-08-17 17:46:46.325 [Druid-ConnectionPool-Create-395229891] ERROR com.alibaba.druid.pool.DruidDataSource:2699 - create connection SQLException, url: jdbc:mysql://127.0.0.1:3306/teachingopen?characterEncoding=UTF-8&useUnicode=true&useSSL=false&tinyInt1isBit=false, errorCode 0, state 08S01
com.mysql.jdbc.exceptions.jdbc4.CommunicationsException: Communications link failure

The last packet sent successfully to the server was 0 milliseconds ago. The driver has not received any packets from the server.
	at jdk.internal.reflect.GeneratedConstructorAccessor70.newInstance(Unknown Source)
	at java.base/jdk.internal.reflect.DelegatingConstructorAccessorImpl.newInstance(DelegatingConstructorAccessorImpl.java:45)
	at java.base/java.lang.reflect.Constructor.newInstanceWithCaller(Constructor.java:499)
	at java.base/java.lang.reflect.Constructor.newInstance(Constructor.java:480)
	at com.mysql.jdbc.Util.handleNewInstance(Util.java:425)
	at com.mysql.jdbc.SQLError.createCommunicationsException(SQLError.java:990)
	at com.mysql.jdbc.MysqlIO.<init>(MysqlIO.java:342)
	at com.mysql.jdbc.ConnectionImpl.coreConnect(ConnectionImpl.java:2197)
	at com.mysql.jdbc.ConnectionImpl.connectOneTryOnly(ConnectionImpl.java:2230)
	at com.mysql.jdbc.ConnectionImpl.createNewIO(ConnectionImpl.java:2025)
	at com.mysql.jdbc.ConnectionImpl.<init>(ConnectionImpl.java:778)
	at com.mysql.jdbc.JDBC4Connection.<init>(JDBC4Connection.java:47)
	at jdk.internal.reflect.GeneratedConstructorAccessor67.newInstance(Unknown Source)
	at java.base/jdk.internal.reflect.DelegatingConstructorAccessorImpl.newInstance(DelegatingConstructorAccessorImpl.java:45)
	at java.base/java.lang.reflect.Constructor.newInstanceWithCaller(Constructor.java:499)
	at java.base/java.lang.reflect.Constructor.newInstance(Constructor.java:480)
	at com.mysql.jdbc.Util.handleNewInstance(Util.java:425)
	at com.mysql.jdbc.ConnectionImpl.getInstance(ConnectionImpl.java:386)
	at com.mysql.jdbc.NonRegisteringDriver.connect(NonRegisteringDriver.java:330)
	at com.alibaba.druid.filter.FilterChainImpl.connection_connect(FilterChainImpl.java:156)
	at com.alibaba.druid.filter.FilterAdapter.connection_connect(FilterAdapter.java:787)
	at com.alibaba.druid.filter.FilterEventAdapter.connection_connect(FilterEventAdapter.java:38)
	at com.alibaba.druid.filter.FilterChainImpl.connection_connect(FilterChainImpl.java:150)
	at com.alibaba.druid.filter.FilterAdapter.connection_connect(FilterAdapter.java:787)
	at com.alibaba.druid.filter.FilterChainImpl.connection_connect(FilterChainImpl.java:150)
	at com.alibaba.druid.filter.stat.StatFilter.connection_connect(StatFilter.java:218)
	at com.alibaba.druid.filter.FilterChainImpl.connection_connect(FilterChainImpl.java:150)
	at com.alibaba.druid.pool.DruidAbstractDataSource.createPhysicalConnection(DruidAbstractDataSource.java:1598)
	at com.alibaba.druid.pool.DruidAbstractDataSource.createPhysicalConnection(DruidAbstractDataSource.java:1662)
	at com.alibaba.druid.pool.DruidDataSource$CreateConnectionThread.run(DruidDataSource.java:2697)
Caused by: java.net.ConnectException: Connection refused
	at java.base/sun.nio.ch.Net.connect0(Native Method)
	at java.base/sun.nio.ch.Net.connect(Net.java:576)
	at java.base/sun.nio.ch.Net.connect(Net.java:565)
	at java.base/sun.nio.ch.NioSocketImpl.connect(NioSocketImpl.java:588)
	at java.base/java.net.SocksSocketImpl.connect(SocksSocketImpl.java:333)
	at java.base/java.net.Socket.connect(Socket.java:645)
	at com.mysql.jdbc.StandardSocketFactory.connect(StandardSocketFactory.java:211)
	at com.mysql.jdbc.MysqlIO.<init>(MysqlIO.java:301)
	... 23 common frames omitted
2021-08-17 17:46:47.875 [Druid-ConnectionPool-Create-395229891] ERROR com.alibaba.druid.pool.DruidDataSource:2699 - create connection SQLException, url: jdbc:mysql://127.0.0.1:3306/teachingopen?characterEncoding=UTF-8&useUnicode=true&useSSL=false&tinyInt1isBit=false, errorCode 0, state 08S01
com.mysql.jdbc.exceptions.jdbc4.CommunicationsException: Communications link failure

The last packet sent successfully to the server was 0 milliseconds ago. The driver has not received any packets from the server.
	at jdk.internal.reflect.GeneratedConstructorAccessor70.newInstance(Unknown Source)
	at java.base/jdk.internal.reflect.DelegatingConstructorAccessorImpl.newInstance(DelegatingConstructorAccessorImpl.java:45)
	at java.base/java.lang.reflect.Constructor.newInstanceWithCaller(Constructor.java:499)
	at java.base/java.lang.reflect.Constructor.newInstance(Constructor.java:480)
	at com.mysql.jdbc.Util.handleNewInstance(Util.java:425)
	at com.mysql.jdbc.SQLError.createCommunicationsException(SQLError.java:990)
	at com.mysql.jdbc.MysqlIO.<init>(MysqlIO.java:342)
	at com.mysql.jdbc.ConnectionImpl.coreConnect(ConnectionImpl.java:2197)
	at com.mysql.jdbc.ConnectionImpl.connectOneTryOnly(ConnectionImpl.java:2230)
	at com.mysql.jdbc.ConnectionImpl.createNewIO(ConnectionImpl.java:2025)
	at com.mysql.jdbc.ConnectionImpl.<init>(ConnectionImpl.java:778)
	at com.mysql.jdbc.JDBC4Connection.<init>(JDBC4Connection.java:47)
	at jdk.internal.reflect.GeneratedConstructorAccessor67.newInstance(Unknown Source)
	at java.base/jdk.internal.reflect.DelegatingConstructorAccessorImpl.newInstance(DelegatingConstructorAccessorImpl.java:45)
	at java.base/java.lang.reflect.Constructor.newInstanceWithCaller(Constructor.java:499)
	at java.base/java.lang.reflect.Constructor.newInstance(Constructor.java:480)
	at com.mysql.jdbc.Util.handleNewInstance(Util.java:425)
	at com.mysql.jdbc.ConnectionImpl.getInstance(ConnectionImpl.java:386)
	at com.mysql.jdbc.NonRegisteringDriver.connect(NonRegisteringDriver.java:330)
	at com.alibaba.druid.filter.FilterChainImpl.connection_connect(FilterChainImpl.java:156)
	at com.alibaba.druid.filter.FilterAdapter.connection_connect(FilterAdapter.java:787)
	at com.alibaba.druid.filter.FilterEventAdapter.connection_connect(FilterEventAdapter.java:38)
	at com.alibaba.druid.filter.FilterChainImpl.connection_connect(FilterChainImpl.java:150)
	at com.alibaba.druid.filter.FilterAdapter.connection_connect(FilterAdapter.java:787)
	at com.alibaba.druid.filter.FilterChainImpl.connection_connect(FilterChainImpl.java:150)
	at com.alibaba.druid.filter.stat.StatFilter.connection_connect(StatFilter.java:218)
	at com.alibaba.druid.filter.FilterChainImpl.connection_connect(FilterChainImpl.java:150)
	at com.alibaba.druid.pool.DruidAbstractDataSource.createPhysicalConnection(DruidAbstractDataSource.java:1598)
	at com.alibaba.druid.pool.DruidAbstractDataSource.createPhysicalConnection(DruidAbstractDataSource.java:1662)
	at com.alibaba.druid.pool.DruidDataSource$CreateConnectionThread.run(DruidDataSource.java:2697)
Caused by: java.net.ConnectException: Connection refused
	at java.base/sun.nio.ch.Net.connect0(Native Method)
	at java.base/sun.nio.ch.Net.connect(Net.java:576)
	at java.base/sun.nio.ch.Net.connect(Net.java:565)
	at java.base/sun.nio.ch.NioSocketImpl.connect(NioSocketImpl.java:588)
	at java.base/java.net.SocksSocketImpl.connect(SocksSocketImpl.java:333)
	at java.base/java.net.Socket.connect(Socket.java:645)
	at com.mysql.jdbc.StandardSocketFactory.connect(StandardSocketFactory.java:211)
	at com.mysql.jdbc.MysqlIO.<init>(MysqlIO.java:301)
	... 23 common frames omitted
2021-08-17 17:46:49.422 [Druid-ConnectionPool-Create-395229891] ERROR com.alibaba.druid.pool.DruidDataSource:2699 - create connection SQLException, url: jdbc:mysql://127.0.0.1:3306/teachingopen?characterEncoding=UTF-8&useUnicode=true&useSSL=false&tinyInt1isBit=false, errorCode 0, state 08S01
com.mysql.jdbc.exceptions.jdbc4.CommunicationsException: Communications link failure

The last packet sent successfully to the server was 0 milliseconds ago. The driver has not received any packets from the server.
	at jdk.internal.reflect.GeneratedConstructorAccessor70.newInstance(Unknown Source)
	at java.base/jdk.internal.reflect.DelegatingConstructorAccessorImpl.newInstance(DelegatingConstructorAccessorImpl.java:45)
	at java.base/java.lang.reflect.Constructor.newInstanceWithCaller(Constructor.java:499)
	at java.base/java.lang.reflect.Constructor.newInstance(Constructor.java:480)
	at com.mysql.jdbc.Util.handleNewInstance(Util.java:425)
	at com.mysql.jdbc.SQLError.createCommunicationsException(SQLError.java:990)
	at com.mysql.jdbc.MysqlIO.<init>(MysqlIO.java:342)
	at com.mysql.jdbc.ConnectionImpl.coreConnect(ConnectionImpl.java:2197)
	at com.mysql.jdbc.ConnectionImpl.connectOneTryOnly(ConnectionImpl.java:2230)
	at com.mysql.jdbc.ConnectionImpl.createNewIO(ConnectionImpl.java:2025)
	at com.mysql.jdbc.ConnectionImpl.<init>(ConnectionImpl.java:778)
	at com.mysql.jdbc.JDBC4Connection.<init>(JDBC4Connection.java:47)
	at jdk.internal.reflect.GeneratedConstructorAccessor67.newInstance(Unknown Source)
	at java.base/jdk.internal.reflect.DelegatingConstructorAccessorImpl.newInstance(DelegatingConstructorAccessorImpl.java:45)
	at java.base/java.lang.reflect.Constructor.newInstanceWithCaller(Constructor.java:499)
	at java.base/java.lang.reflect.Constructor.newInstance(Constructor.java:480)
	at com.mysql.jdbc.Util.handleNewInstance(Util.java:425)
	at com.mysql.jdbc.ConnectionImpl.getInstance(ConnectionImpl.java:386)
	at com.mysql.jdbc.NonRegisteringDriver.connect(NonRegisteringDriver.java:330)
	at com.alibaba.druid.filter.FilterChainImpl.connection_connect(FilterChainImpl.java:156)
	at com.alibaba.druid.filter.FilterAdapter.connection_connect(FilterAdapter.java:787)
	at com.alibaba.druid.filter.FilterEventAdapter.connection_connect(FilterEventAdapter.java:38)
	at com.alibaba.druid.filter.FilterChainImpl.connection_connect(FilterChainImpl.java:150)
	at com.alibaba.druid.filter.FilterAdapter.connection_connect(FilterAdapter.java:787)
	at com.alibaba.druid.filter.FilterChainImpl.connection_connect(FilterChainImpl.java:150)
	at com.alibaba.druid.filter.stat.StatFilter.connection_connect(StatFilter.java:218)
	at com.alibaba.druid.filter.FilterChainImpl.connection_connect(FilterChainImpl.java:150)
	at com.alibaba.druid.pool.DruidAbstractDataSource.createPhysicalConnection(DruidAbstractDataSource.java:1598)
	at com.alibaba.druid.pool.DruidAbstractDataSource.createPhysicalConnection(DruidAbstractDataSource.java:1662)
	at com.alibaba.druid.pool.DruidDataSource$CreateConnectionThread.run(DruidDataSource.java:2697)
Caused by: java.net.ConnectException: Connection refused
	at java.base/sun.nio.ch.Net.connect0(Native Method)
	at java.base/sun.nio.ch.Net.connect(Net.java:576)
	at java.base/sun.nio.ch.Net.connect(Net.java:565)
	at java.base/sun.nio.ch.NioSocketImpl.connect(NioSocketImpl.java:588)
	at java.base/java.net.SocksSocketImpl.connect(SocksSocketImpl.java:333)
	at java.base/java.net.Socket.connect(Socket.java:645)
	at com.mysql.jdbc.StandardSocketFactory.connect(StandardSocketFactory.java:211)
	at com.mysql.jdbc.MysqlIO.<init>(MysqlIO.java:301)
	... 23 common frames omitted
2021-08-17 17:46:50.971 [Druid-ConnectionPool-Create-395229891] ERROR com.alibaba.druid.pool.DruidDataSource:2699 - create connection SQLException, url: jdbc:mysql://127.0.0.1:3306/teachingopen?characterEncoding=UTF-8&useUnicode=true&useSSL=false&tinyInt1isBit=false, errorCode 0, state 08S01
com.mysql.jdbc.exceptions.jdbc4.CommunicationsException: Communications link failure

The last packet sent successfully to the server was 0 milliseconds ago. The driver has not received any packets from the server.
	at jdk.internal.reflect.GeneratedConstructorAccessor70.newInstance(Unknown Source)
	at java.base/jdk.internal.reflect.DelegatingConstructorAccessorImpl.newInstance(DelegatingConstructorAccessorImpl.java:45)
	at java.base/java.lang.reflect.Constructor.newInstanceWithCaller(Constructor.java:499)
	at java.base/java.lang.reflect.Constructor.newInstance(Constructor.java:480)
	at com.mysql.jdbc.Util.handleNewInstance(Util.java:425)
	at com.mysql.jdbc.SQLError.createCommunicationsException(SQLError.java:990)
	at com.mysql.jdbc.MysqlIO.<init>(MysqlIO.java:342)
	at com.mysql.jdbc.ConnectionImpl.coreConnect(ConnectionImpl.java:2197)
	at com.mysql.jdbc.ConnectionImpl.connectOneTryOnly(ConnectionImpl.java:2230)
	at com.mysql.jdbc.ConnectionImpl.createNewIO(ConnectionImpl.java:2025)
	at com.mysql.jdbc.ConnectionImpl.<init>(ConnectionImpl.java:778)
	at com.mysql.jdbc.JDBC4Connection.<init>(JDBC4Connection.java:47)
	at jdk.internal.reflect.GeneratedConstructorAccessor67.newInstance(Unknown Source)
	at java.base/jdk.internal.reflect.DelegatingConstructorAccessorImpl.newInstance(DelegatingConstructorAccessorImpl.java:45)
	at java.base/java.lang.reflect.Constructor.newInstanceWithCaller(Constructor.java:499)
	at java.base/java.lang.reflect.Constructor.newInstance(Constructor.java:480)
	at com.mysql.jdbc.Util.handleNewInstance(Util.java:425)
	at com.mysql.jdbc.ConnectionImpl.getInstance(ConnectionImpl.java:386)
	at com.mysql.jdbc.NonRegisteringDriver.connect(NonRegisteringDriver.java:330)
	at com.alibaba.druid.filter.FilterChainImpl.connection_connect(FilterChainImpl.java:156)
	at com.alibaba.druid.filter.FilterAdapter.connection_connect(FilterAdapter.java:787)
	at com.alibaba.druid.filter.FilterEventAdapter.connection_connect(FilterEventAdapter.java:38)
	at com.alibaba.druid.filter.FilterChainImpl.connection_connect(FilterChainImpl.java:150)
	at com.alibaba.druid.filter.FilterAdapter.connection_connect(FilterAdapter.java:787)
	at com.alibaba.druid.filter.FilterChainImpl.connection_connect(FilterChainImpl.java:150)
	at com.alibaba.druid.filter.stat.StatFilter.connection_connect(StatFilter.java:218)
	at com.alibaba.druid.filter.FilterChainImpl.connection_connect(FilterChainImpl.java:150)
	at com.alibaba.druid.pool.DruidAbstractDataSource.createPhysicalConnection(DruidAbstractDataSource.java:1598)
	at com.alibaba.druid.pool.DruidAbstractDataSource.createPhysicalConnection(DruidAbstractDataSource.java:1662)
	at com.alibaba.druid.pool.DruidDataSource$CreateConnectionThread.run(DruidDataSource.java:2697)
Caused by: java.net.ConnectException: Connection refused
	at java.base/sun.nio.ch.Net.connect0(Native Method)
	at java.base/sun.nio.ch.Net.connect(Net.java:576)
	at java.base/sun.nio.ch.Net.connect(Net.java:565)
	at java.base/sun.nio.ch.NioSocketImpl.connect(NioSocketImpl.java:588)
	at java.base/java.net.SocksSocketImpl.connect(SocksSocketImpl.java:333)
	at java.base/java.net.Socket.connect(Socket.java:645)
	at com.mysql.jdbc.StandardSocketFactory.connect(StandardSocketFactory.java:211)
	at com.mysql.jdbc.MysqlIO.<init>(MysqlIO.java:301)
	... 23 common frames omitted
2021-08-17 17:46:52.519 [Druid-ConnectionPool-Create-395229891] ERROR com.alibaba.druid.pool.DruidDataSource:2699 - create connection SQLException, url: jdbc:mysql://127.0.0.1:3306/teachingopen?characterEncoding=UTF-8&useUnicode=true&useSSL=false&tinyInt1isBit=false, errorCode 0, state 08S01
com.mysql.jdbc.exceptions.jdbc4.CommunicationsException: Communications link failure

The last packet sent successfully to the server was 0 milliseconds ago. The driver has not received any packets from the server.
	at jdk.internal.reflect.GeneratedConstructorAccessor70.newInstance(Unknown Source)
	at java.base/jdk.internal.reflect.DelegatingConstructorAccessorImpl.newInstance(DelegatingConstructorAccessorImpl.java:45)
	at java.base/java.lang.reflect.Constructor.newInstanceWithCaller(Constructor.java:499)
	at java.base/java.lang.reflect.Constructor.newInstance(Constructor.java:480)
	at com.mysql.jdbc.Util.handleNewInstance(Util.java:425)
	at com.mysql.jdbc.SQLError.createCommunicationsException(SQLError.java:990)
	at com.mysql.jdbc.MysqlIO.<init>(MysqlIO.java:342)
	at com.mysql.jdbc.ConnectionImpl.coreConnect(ConnectionImpl.java:2197)
	at com.mysql.jdbc.ConnectionImpl.connectOneTryOnly(ConnectionImpl.java:2230)
	at com.mysql.jdbc.ConnectionImpl.createNewIO(ConnectionImpl.java:2025)
	at com.mysql.jdbc.ConnectionImpl.<init>(ConnectionImpl.java:778)
	at com.mysql.jdbc.JDBC4Connection.<init>(JDBC4Connection.java:47)
	at jdk.internal.reflect.GeneratedConstructorAccessor67.newInstance(Unknown Source)
	at java.base/jdk.internal.reflect.DelegatingConstructorAccessorImpl.newInstance(DelegatingConstructorAccessorImpl.java:45)
	at java.base/java.lang.reflect.Constructor.newInstanceWithCaller(Constructor.java:499)
	at java.base/java.lang.reflect.Constructor.newInstance(Constructor.java:480)
	at com.mysql.jdbc.Util.handleNewInstance(Util.java:425)
	at com.mysql.jdbc.ConnectionImpl.getInstance(ConnectionImpl.java:386)
	at com.mysql.jdbc.NonRegisteringDriver.connect(NonRegisteringDriver.java:330)
	at com.alibaba.druid.filter.FilterChainImpl.connection_connect(FilterChainImpl.java:156)
	at com.alibaba.druid.filter.FilterAdapter.connection_connect(FilterAdapter.java:787)
	at com.alibaba.druid.filter.FilterEventAdapter.connection_connect(FilterEventAdapter.java:38)
	at com.alibaba.druid.filter.FilterChainImpl.connection_connect(FilterChainImpl.java:150)
	at com.alibaba.druid.filter.FilterAdapter.connection_connect(FilterAdapter.java:787)
	at com.alibaba.druid.filter.FilterChainImpl.connection_connect(FilterChainImpl.java:150)
	at com.alibaba.druid.filter.stat.StatFilter.connection_connect(StatFilter.java:218)
	at com.alibaba.druid.filter.FilterChainImpl.connection_connect(FilterChainImpl.java:150)
	at com.alibaba.druid.pool.DruidAbstractDataSource.createPhysicalConnection(DruidAbstractDataSource.java:1598)
	at com.alibaba.druid.pool.DruidAbstractDataSource.createPhysicalConnection(DruidAbstractDataSource.java:1662)
	at com.alibaba.druid.pool.DruidDataSource$CreateConnectionThread.run(DruidDataSource.java:2697)
Caused by: java.net.ConnectException: Connection refused
	at java.base/sun.nio.ch.Net.connect0(Native Method)
	at java.base/sun.nio.ch.Net.connect(Net.java:576)
	at java.base/sun.nio.ch.Net.connect(Net.java:565)
	at java.base/sun.nio.ch.NioSocketImpl.connect(NioSocketImpl.java:588)
	at java.base/java.net.SocksSocketImpl.connect(SocksSocketImpl.java:333)
	at java.base/java.net.Socket.connect(Socket.java:645)
	at com.mysql.jdbc.StandardSocketFactory.connect(StandardSocketFactory.java:211)
	at com.mysql.jdbc.MysqlIO.<init>(MysqlIO.java:301)
	... 23 common frames omitted
2021-08-17 17:46:54.070 [Druid-ConnectionPool-Create-395229891] ERROR com.alibaba.druid.pool.DruidDataSource:2699 - create connection SQLException, url: jdbc:mysql://127.0.0.1:3306/teachingopen?characterEncoding=UTF-8&useUnicode=true&useSSL=false&tinyInt1isBit=false, errorCode 0, state 08S01
com.mysql.jdbc.exceptions.jdbc4.CommunicationsException: Communications link failure

The last packet sent successfully to the server was 0 milliseconds ago. The driver has not received any packets from the server.
	at jdk.internal.reflect.GeneratedConstructorAccessor70.newInstance(Unknown Source)
	at java.base/jdk.internal.reflect.DelegatingConstructorAccessorImpl.newInstance(DelegatingConstructorAccessorImpl.java:45)
	at java.base/java.lang.reflect.Constructor.newInstanceWithCaller(Constructor.java:499)
	at java.base/java.lang.reflect.Constructor.newInstance(Constructor.java:480)
	at com.mysql.jdbc.Util.handleNewInstance(Util.java:425)
	at com.mysql.jdbc.SQLError.createCommunicationsException(SQLError.java:990)
	at com.mysql.jdbc.MysqlIO.<init>(MysqlIO.java:342)
	at com.mysql.jdbc.ConnectionImpl.coreConnect(ConnectionImpl.java:2197)
	at com.mysql.jdbc.ConnectionImpl.connectOneTryOnly(ConnectionImpl.java:2230)
	at com.mysql.jdbc.ConnectionImpl.createNewIO(ConnectionImpl.java:2025)
	at com.mysql.jdbc.ConnectionImpl.<init>(ConnectionImpl.java:778)
	at com.mysql.jdbc.JDBC4Connection.<init>(JDBC4Connection.java:47)
	at jdk.internal.reflect.GeneratedConstructorAccessor67.newInstance(Unknown Source)
	at java.base/jdk.internal.reflect.DelegatingConstructorAccessorImpl.newInstance(DelegatingConstructorAccessorImpl.java:45)
	at java.base/java.lang.reflect.Constructor.newInstanceWithCaller(Constructor.java:499)
	at java.base/java.lang.reflect.Constructor.newInstance(Constructor.java:480)
	at com.mysql.jdbc.Util.handleNewInstance(Util.java:425)
	at com.mysql.jdbc.ConnectionImpl.getInstance(ConnectionImpl.java:386)
	at com.mysql.jdbc.NonRegisteringDriver.connect(NonRegisteringDriver.java:330)
	at com.alibaba.druid.filter.FilterChainImpl.connection_connect(FilterChainImpl.java:156)
	at com.alibaba.druid.filter.FilterAdapter.connection_connect(FilterAdapter.java:787)
	at com.alibaba.druid.filter.FilterEventAdapter.connection_connect(FilterEventAdapter.java:38)
	at com.alibaba.druid.filter.FilterChainImpl.connection_connect(FilterChainImpl.java:150)
	at com.alibaba.druid.filter.FilterAdapter.connection_connect(FilterAdapter.java:787)
	at com.alibaba.druid.filter.FilterChainImpl.connection_connect(FilterChainImpl.java:150)
	at com.alibaba.druid.filter.stat.StatFilter.connection_connect(StatFilter.java:218)
	at com.alibaba.druid.filter.FilterChainImpl.connection_connect(FilterChainImpl.java:150)
	at com.alibaba.druid.pool.DruidAbstractDataSource.createPhysicalConnection(DruidAbstractDataSource.java:1598)
	at com.alibaba.druid.pool.DruidAbstractDataSource.createPhysicalConnection(DruidAbstractDataSource.java:1662)
	at com.alibaba.druid.pool.DruidDataSource$CreateConnectionThread.run(DruidDataSource.java:2697)
Caused by: java.net.ConnectException: Connection refused
	at java.base/sun.nio.ch.Net.connect0(Native Method)
	at java.base/sun.nio.ch.Net.connect(Net.java:576)
	at java.base/sun.nio.ch.Net.connect(Net.java:565)
	at java.base/sun.nio.ch.NioSocketImpl.connect(NioSocketImpl.java:588)
	at java.base/java.net.SocksSocketImpl.connect(SocksSocketImpl.java:333)
	at java.base/java.net.Socket.connect(Socket.java:645)
	at com.mysql.jdbc.StandardSocketFactory.connect(StandardSocketFactory.java:211)
	at com.mysql.jdbc.MysqlIO.<init>(MysqlIO.java:301)
	... 23 common frames omitted
2021-08-17 17:46:55.616 [Druid-ConnectionPool-Create-395229891] ERROR com.alibaba.druid.pool.DruidDataSource:2699 - create connection SQLException, url: jdbc:mysql://127.0.0.1:3306/teachingopen?characterEncoding=UTF-8&useUnicode=true&useSSL=false&tinyInt1isBit=false, errorCode 0, state 08S01
com.mysql.jdbc.exceptions.jdbc4.CommunicationsException: Communications link failure

The last packet sent successfully to the server was 0 milliseconds ago. The driver has not received any packets from the server.
	at jdk.internal.reflect.GeneratedConstructorAccessor70.newInstance(Unknown Source)
	at java.base/jdk.internal.reflect.DelegatingConstructorAccessorImpl.newInstance(DelegatingConstructorAccessorImpl.java:45)
	at java.base/java.lang.reflect.Constructor.newInstanceWithCaller(Constructor.java:499)
	at java.base/java.lang.reflect.Constructor.newInstance(Constructor.java:480)
	at com.mysql.jdbc.Util.handleNewInstance(Util.java:425)
	at com.mysql.jdbc.SQLError.createCommunicationsException(SQLError.java:990)
	at com.mysql.jdbc.MysqlIO.<init>(MysqlIO.java:342)
	at com.mysql.jdbc.ConnectionImpl.coreConnect(ConnectionImpl.java:2197)
	at com.mysql.jdbc.ConnectionImpl.connectOneTryOnly(ConnectionImpl.java:2230)
	at com.mysql.jdbc.ConnectionImpl.createNewIO(ConnectionImpl.java:2025)
	at com.mysql.jdbc.ConnectionImpl.<init>(ConnectionImpl.java:778)
	at com.mysql.jdbc.JDBC4Connection.<init>(JDBC4Connection.java:47)
	at jdk.internal.reflect.GeneratedConstructorAccessor67.newInstance(Unknown Source)
	at java.base/jdk.internal.reflect.DelegatingConstructorAccessorImpl.newInstance(DelegatingConstructorAccessorImpl.java:45)
	at java.base/java.lang.reflect.Constructor.newInstanceWithCaller(Constructor.java:499)
	at java.base/java.lang.reflect.Constructor.newInstance(Constructor.java:480)
	at com.mysql.jdbc.Util.handleNewInstance(Util.java:425)
	at com.mysql.jdbc.ConnectionImpl.getInstance(ConnectionImpl.java:386)
	at com.mysql.jdbc.NonRegisteringDriver.connect(NonRegisteringDriver.java:330)
	at com.alibaba.druid.filter.FilterChainImpl.connection_connect(FilterChainImpl.java:156)
	at com.alibaba.druid.filter.FilterAdapter.connection_connect(FilterAdapter.java:787)
	at com.alibaba.druid.filter.FilterEventAdapter.connection_connect(FilterEventAdapter.java:38)
	at com.alibaba.druid.filter.FilterChainImpl.connection_connect(FilterChainImpl.java:150)
	at com.alibaba.druid.filter.FilterAdapter.connection_connect(FilterAdapter.java:787)
	at com.alibaba.druid.filter.FilterChainImpl.connection_connect(FilterChainImpl.java:150)
	at com.alibaba.druid.filter.stat.StatFilter.connection_connect(StatFilter.java:218)
	at com.alibaba.druid.filter.FilterChainImpl.connection_connect(FilterChainImpl.java:150)
	at com.alibaba.druid.pool.DruidAbstractDataSource.createPhysicalConnection(DruidAbstractDataSource.java:1598)
	at com.alibaba.druid.pool.DruidAbstractDataSource.createPhysicalConnection(DruidAbstractDataSource.java:1662)
	at com.alibaba.druid.pool.DruidDataSource$CreateConnectionThread.run(DruidDataSource.java:2697)
Caused by: java.net.ConnectException: Connection refused
	at java.base/sun.nio.ch.Net.connect0(Native Method)
	at java.base/sun.nio.ch.Net.connect(Net.java:576)
	at java.base/sun.nio.ch.Net.connect(Net.java:565)
	at java.base/sun.nio.ch.NioSocketImpl.connect(NioSocketImpl.java:588)
	at java.base/java.net.SocksSocketImpl.connect(SocksSocketImpl.java:333)
	at java.base/java.net.Socket.connect(Socket.java:645)
	at com.mysql.jdbc.StandardSocketFactory.connect(StandardSocketFactory.java:211)
	at com.mysql.jdbc.MysqlIO.<init>(MysqlIO.java:301)
	... 23 common frames omitted
2021-08-17 17:46:57.167 [Druid-ConnectionPool-Create-395229891] ERROR com.alibaba.druid.pool.DruidDataSource:2699 - create connection SQLException, url: jdbc:mysql://127.0.0.1:3306/teachingopen?characterEncoding=UTF-8&useUnicode=true&useSSL=false&tinyInt1isBit=false, errorCode 0, state 08S01
com.mysql.jdbc.exceptions.jdbc4.CommunicationsException: Communications link failure

The last packet sent successfully to the server was 0 milliseconds ago. The driver has not received any packets from the server.
	at jdk.internal.reflect.GeneratedConstructorAccessor70.newInstance(Unknown Source)
	at java.base/jdk.internal.reflect.DelegatingConstructorAccessorImpl.newInstance(DelegatingConstructorAccessorImpl.java:45)
	at java.base/java.lang.reflect.Constructor.newInstanceWithCaller(Constructor.java:499)
	at java.base/java.lang.reflect.Constructor.newInstance(Constructor.java:480)
	at com.mysql.jdbc.Util.handleNewInstance(Util.java:425)
	at com.mysql.jdbc.SQLError.createCommunicationsException(SQLError.java:990)
	at com.mysql.jdbc.MysqlIO.<init>(MysqlIO.java:342)
	at com.mysql.jdbc.ConnectionImpl.coreConnect(ConnectionImpl.java:2197)
	at com.mysql.jdbc.ConnectionImpl.connectOneTryOnly(ConnectionImpl.java:2230)
	at com.mysql.jdbc.ConnectionImpl.createNewIO(ConnectionImpl.java:2025)
	at com.mysql.jdbc.ConnectionImpl.<init>(ConnectionImpl.java:778)
	at com.mysql.jdbc.JDBC4Connection.<init>(JDBC4Connection.java:47)
	at jdk.internal.reflect.GeneratedConstructorAccessor67.newInstance(Unknown Source)
	at java.base/jdk.internal.reflect.DelegatingConstructorAccessorImpl.newInstance(DelegatingConstructorAccessorImpl.java:45)
	at java.base/java.lang.reflect.Constructor.newInstanceWithCaller(Constructor.java:499)
	at java.base/java.lang.reflect.Constructor.newInstance(Constructor.java:480)
	at com.mysql.jdbc.Util.handleNewInstance(Util.java:425)
	at com.mysql.jdbc.ConnectionImpl.getInstance(ConnectionImpl.java:386)
	at com.mysql.jdbc.NonRegisteringDriver.connect(NonRegisteringDriver.java:330)
	at com.alibaba.druid.filter.FilterChainImpl.connection_connect(FilterChainImpl.java:156)
	at com.alibaba.druid.filter.FilterAdapter.connection_connect(FilterAdapter.java:787)
	at com.alibaba.druid.filter.FilterEventAdapter.connection_connect(FilterEventAdapter.java:38)
	at com.alibaba.druid.filter.FilterChainImpl.connection_connect(FilterChainImpl.java:150)
	at com.alibaba.druid.filter.FilterAdapter.connection_connect(FilterAdapter.java:787)
	at com.alibaba.druid.filter.FilterChainImpl.connection_connect(FilterChainImpl.java:150)
	at com.alibaba.druid.filter.stat.StatFilter.connection_connect(StatFilter.java:218)
	at com.alibaba.druid.filter.FilterChainImpl.connection_connect(FilterChainImpl.java:150)
	at com.alibaba.druid.pool.DruidAbstractDataSource.createPhysicalConnection(DruidAbstractDataSource.java:1598)
	at com.alibaba.druid.pool.DruidAbstractDataSource.createPhysicalConnection(DruidAbstractDataSource.java:1662)
	at com.alibaba.druid.pool.DruidDataSource$CreateConnectionThread.run(DruidDataSource.java:2697)
Caused by: java.net.ConnectException: Connection refused
	at java.base/sun.nio.ch.Net.connect0(Native Method)
	at java.base/sun.nio.ch.Net.connect(Net.java:576)
	at java.base/sun.nio.ch.Net.connect(Net.java:565)
	at java.base/sun.nio.ch.NioSocketImpl.connect(NioSocketImpl.java:588)
	at java.base/java.net.SocksSocketImpl.connect(SocksSocketImpl.java:333)
	at java.base/java.net.Socket.connect(Socket.java:645)
	at com.mysql.jdbc.StandardSocketFactory.connect(StandardSocketFactory.java:211)
	at com.mysql.jdbc.MysqlIO.<init>(MysqlIO.java:301)
	... 23 common frames omitted
2021-08-17 17:46:58.710 [Druid-ConnectionPool-Create-395229891] ERROR com.alibaba.druid.pool.DruidDataSource:2699 - create connection SQLException, url: jdbc:mysql://127.0.0.1:3306/teachingopen?characterEncoding=UTF-8&useUnicode=true&useSSL=false&tinyInt1isBit=false, errorCode 0, state 08S01
com.mysql.jdbc.exceptions.jdbc4.CommunicationsException: Communications link failure

The last packet sent successfully to the server was 0 milliseconds ago. The driver has not received any packets from the server.
	at jdk.internal.reflect.GeneratedConstructorAccessor70.newInstance(Unknown Source)
	at java.base/jdk.internal.reflect.DelegatingConstructorAccessorImpl.newInstance(DelegatingConstructorAccessorImpl.java:45)
	at java.base/java.lang.reflect.Constructor.newInstanceWithCaller(Constructor.java:499)
	at java.base/java.lang.reflect.Constructor.newInstance(Constructor.java:480)
	at com.mysql.jdbc.Util.handleNewInstance(Util.java:425)
	at com.mysql.jdbc.SQLError.createCommunicationsException(SQLError.java:990)
	at com.mysql.jdbc.MysqlIO.<init>(MysqlIO.java:342)
	at com.mysql.jdbc.ConnectionImpl.coreConnect(ConnectionImpl.java:2197)
	at com.mysql.jdbc.ConnectionImpl.connectOneTryOnly(ConnectionImpl.java:2230)
	at com.mysql.jdbc.ConnectionImpl.createNewIO(ConnectionImpl.java:2025)
	at com.mysql.jdbc.ConnectionImpl.<init>(ConnectionImpl.java:778)
	at com.mysql.jdbc.JDBC4Connection.<init>(JDBC4Connection.java:47)
	at jdk.internal.reflect.GeneratedConstructorAccessor67.newInstance(Unknown Source)
	at java.base/jdk.internal.reflect.DelegatingConstructorAccessorImpl.newInstance(DelegatingConstructorAccessorImpl.java:45)
	at java.base/java.lang.reflect.Constructor.newInstanceWithCaller(Constructor.java:499)
	at java.base/java.lang.reflect.Constructor.newInstance(Constructor.java:480)
	at com.mysql.jdbc.Util.handleNewInstance(Util.java:425)
	at com.mysql.jdbc.ConnectionImpl.getInstance(ConnectionImpl.java:386)
	at com.mysql.jdbc.NonRegisteringDriver.connect(NonRegisteringDriver.java:330)
	at com.alibaba.druid.filter.FilterChainImpl.connection_connect(FilterChainImpl.java:156)
	at com.alibaba.druid.filter.FilterAdapter.connection_connect(FilterAdapter.java:787)
	at com.alibaba.druid.filter.FilterEventAdapter.connection_connect(FilterEventAdapter.java:38)
	at com.alibaba.druid.filter.FilterChainImpl.connection_connect(FilterChainImpl.java:150)
	at com.alibaba.druid.filter.FilterAdapter.connection_connect(FilterAdapter.java:787)
	at com.alibaba.druid.filter.FilterChainImpl.connection_connect(FilterChainImpl.java:150)
	at com.alibaba.druid.filter.stat.StatFilter.connection_connect(StatFilter.java:218)
	at com.alibaba.druid.filter.FilterChainImpl.connection_connect(FilterChainImpl.java:150)
	at com.alibaba.druid.pool.DruidAbstractDataSource.createPhysicalConnection(DruidAbstractDataSource.java:1598)
	at com.alibaba.druid.pool.DruidAbstractDataSource.createPhysicalConnection(DruidAbstractDataSource.java:1662)
	at com.alibaba.druid.pool.DruidDataSource$CreateConnectionThread.run(DruidDataSource.java:2697)
Caused by: java.net.ConnectException: Connection refused
	at java.base/sun.nio.ch.Net.connect0(Native Method)
	at java.base/sun.nio.ch.Net.connect(Net.java:576)
	at java.base/sun.nio.ch.Net.connect(Net.java:565)
	at java.base/sun.nio.ch.NioSocketImpl.connect(NioSocketImpl.java:588)
	at java.base/java.net.SocksSocketImpl.connect(SocksSocketImpl.java:333)
	at java.base/java.net.Socket.connect(Socket.java:645)
	at com.mysql.jdbc.StandardSocketFactory.connect(StandardSocketFactory.java:211)
	at com.mysql.jdbc.MysqlIO.<init>(MysqlIO.java:301)
	... 23 common frames omitted
2021-08-17 17:47:00.260 [Druid-ConnectionPool-Create-395229891] ERROR com.alibaba.druid.pool.DruidDataSource:2699 - create connection SQLException, url: jdbc:mysql://127.0.0.1:3306/teachingopen?characterEncoding=UTF-8&useUnicode=true&useSSL=false&tinyInt1isBit=false, errorCode 0, state 08S01
com.mysql.jdbc.exceptions.jdbc4.CommunicationsException: Communications link failure

The last packet sent successfully to the server was 0 milliseconds ago. The driver has not received any packets from the server.
	at jdk.internal.reflect.GeneratedConstructorAccessor70.newInstance(Unknown Source)
	at java.base/jdk.internal.reflect.DelegatingConstructorAccessorImpl.newInstance(DelegatingConstructorAccessorImpl.java:45)
	at java.base/java.lang.reflect.Constructor.newInstanceWithCaller(Constructor.java:499)
	at java.base/java.lang.reflect.Constructor.newInstance(Constructor.java:480)
	at com.mysql.jdbc.Util.handleNewInstance(Util.java:425)
	at com.mysql.jdbc.SQLError.createCommunicationsException(SQLError.java:990)
	at com.mysql.jdbc.MysqlIO.<init>(MysqlIO.java:342)
	at com.mysql.jdbc.ConnectionImpl.coreConnect(ConnectionImpl.java:2197)
	at com.mysql.jdbc.ConnectionImpl.connectOneTryOnly(ConnectionImpl.java:2230)
	at com.mysql.jdbc.ConnectionImpl.createNewIO(ConnectionImpl.java:2025)
	at com.mysql.jdbc.ConnectionImpl.<init>(ConnectionImpl.java:778)
	at com.mysql.jdbc.JDBC4Connection.<init>(JDBC4Connection.java:47)
	at jdk.internal.reflect.GeneratedConstructorAccessor67.newInstance(Unknown Source)
	at java.base/jdk.internal.reflect.DelegatingConstructorAccessorImpl.newInstance(DelegatingConstructorAccessorImpl.java:45)
	at java.base/java.lang.reflect.Constructor.newInstanceWithCaller(Constructor.java:499)
	at java.base/java.lang.reflect.Constructor.newInstance(Constructor.java:480)
	at com.mysql.jdbc.Util.handleNewInstance(Util.java:425)
	at com.mysql.jdbc.ConnectionImpl.getInstance(ConnectionImpl.java:386)
	at com.mysql.jdbc.NonRegisteringDriver.connect(NonRegisteringDriver.java:330)
	at com.alibaba.druid.filter.FilterChainImpl.connection_connect(FilterChainImpl.java:156)
	at com.alibaba.druid.filter.FilterAdapter.connection_connect(FilterAdapter.java:787)
	at com.alibaba.druid.filter.FilterEventAdapter.connection_connect(FilterEventAdapter.java:38)
	at com.alibaba.druid.filter.FilterChainImpl.connection_connect(FilterChainImpl.java:150)
	at com.alibaba.druid.filter.FilterAdapter.connection_connect(FilterAdapter.java:787)
	at com.alibaba.druid.filter.FilterChainImpl.connection_connect(FilterChainImpl.java:150)
	at com.alibaba.druid.filter.stat.StatFilter.connection_connect(StatFilter.java:218)
	at com.alibaba.druid.filter.FilterChainImpl.connection_connect(FilterChainImpl.java:150)
	at com.alibaba.druid.pool.DruidAbstractDataSource.createPhysicalConnection(DruidAbstractDataSource.java:1598)
	at com.alibaba.druid.pool.DruidAbstractDataSource.createPhysicalConnection(DruidAbstractDataSource.java:1662)
	at com.alibaba.druid.pool.DruidDataSource$CreateConnectionThread.run(DruidDataSource.java:2697)
Caused by: java.net.ConnectException: Connection refused
	at java.base/sun.nio.ch.Net.connect0(Native Method)
	at java.base/sun.nio.ch.Net.connect(Net.java:576)
	at java.base/sun.nio.ch.Net.connect(Net.java:565)
	at java.base/sun.nio.ch.NioSocketImpl.connect(NioSocketImpl.java:588)
	at java.base/java.net.SocksSocketImpl.connect(SocksSocketImpl.java:333)
	at java.base/java.net.Socket.connect(Socket.java:645)
	at com.mysql.jdbc.StandardSocketFactory.connect(StandardSocketFactory.java:211)
	at com.mysql.jdbc.MysqlIO.<init>(MysqlIO.java:301)
	... 23 common frames omitted
2021-08-17 17:47:01.811 [Druid-ConnectionPool-Create-395229891] ERROR com.alibaba.druid.pool.DruidDataSource:2699 - create connection SQLException, url: jdbc:mysql://127.0.0.1:3306/teachingopen?characterEncoding=UTF-8&useUnicode=true&useSSL=false&tinyInt1isBit=false, errorCode 0, state 08S01
com.mysql.jdbc.exceptions.jdbc4.CommunicationsException: Communications link failure

The last packet sent successfully to the server was 0 milliseconds ago. The driver has not received any packets from the server.
	at jdk.internal.reflect.GeneratedConstructorAccessor70.newInstance(Unknown Source)
	at java.base/jdk.internal.reflect.DelegatingConstructorAccessorImpl.newInstance(DelegatingConstructorAccessorImpl.java:45)
	at java.base/java.lang.reflect.Constructor.newInstanceWithCaller(Constructor.java:499)
	at java.base/java.lang.reflect.Constructor.newInstance(Constructor.java:480)
	at com.mysql.jdbc.Util.handleNewInstance(Util.java:425)
	at com.mysql.jdbc.SQLError.createCommunicationsException(SQLError.java:990)
	at com.mysql.jdbc.MysqlIO.<init>(MysqlIO.java:342)
	at com.mysql.jdbc.ConnectionImpl.coreConnect(ConnectionImpl.java:2197)
	at com.mysql.jdbc.ConnectionImpl.connectOneTryOnly(ConnectionImpl.java:2230)
	at com.mysql.jdbc.ConnectionImpl.createNewIO(ConnectionImpl.java:2025)
	at com.mysql.jdbc.ConnectionImpl.<init>(ConnectionImpl.java:778)
	at com.mysql.jdbc.JDBC4Connection.<init>(JDBC4Connection.java:47)
	at jdk.internal.reflect.GeneratedConstructorAccessor67.newInstance(Unknown Source)
	at java.base/jdk.internal.reflect.DelegatingConstructorAccessorImpl.newInstance(DelegatingConstructorAccessorImpl.java:45)
	at java.base/java.lang.reflect.Constructor.newInstanceWithCaller(Constructor.java:499)
	at java.base/java.lang.reflect.Constructor.newInstance(Constructor.java:480)
	at com.mysql.jdbc.Util.handleNewInstance(Util.java:425)
	at com.mysql.jdbc.ConnectionImpl.getInstance(ConnectionImpl.java:386)
	at com.mysql.jdbc.NonRegisteringDriver.connect(NonRegisteringDriver.java:330)
	at com.alibaba.druid.filter.FilterChainImpl.connection_connect(FilterChainImpl.java:156)
	at com.alibaba.druid.filter.FilterAdapter.connection_connect(FilterAdapter.java:787)
	at com.alibaba.druid.filter.FilterEventAdapter.connection_connect(FilterEventAdapter.java:38)
	at com.alibaba.druid.filter.FilterChainImpl.connection_connect(FilterChainImpl.java:150)
	at com.alibaba.druid.filter.FilterAdapter.connection_connect(FilterAdapter.java:787)
	at com.alibaba.druid.filter.FilterChainImpl.connection_connect(FilterChainImpl.java:150)
	at com.alibaba.druid.filter.stat.StatFilter.connection_connect(StatFilter.java:218)
	at com.alibaba.druid.filter.FilterChainImpl.connection_connect(FilterChainImpl.java:150)
	at com.alibaba.druid.pool.DruidAbstractDataSource.createPhysicalConnection(DruidAbstractDataSource.java:1598)
	at com.alibaba.druid.pool.DruidAbstractDataSource.createPhysicalConnection(DruidAbstractDataSource.java:1662)
	at com.alibaba.druid.pool.DruidDataSource$CreateConnectionThread.run(DruidDataSource.java:2697)
Caused by: java.net.ConnectException: Connection refused
	at java.base/sun.nio.ch.Net.connect0(Native Method)
	at java.base/sun.nio.ch.Net.connect(Net.java:576)
	at java.base/sun.nio.ch.Net.connect(Net.java:565)
	at java.base/sun.nio.ch.NioSocketImpl.connect(NioSocketImpl.java:588)
	at java.base/java.net.SocksSocketImpl.connect(SocksSocketImpl.java:333)
	at java.base/java.net.Socket.connect(Socket.java:645)
	at com.mysql.jdbc.StandardSocketFactory.connect(StandardSocketFactory.java:211)
	at com.mysql.jdbc.MysqlIO.<init>(MysqlIO.java:301)
	... 23 common frames omitted
2021-08-17 17:47:03.360 [Druid-ConnectionPool-Create-395229891] ERROR com.alibaba.druid.pool.DruidDataSource:2699 - create connection SQLException, url: jdbc:mysql://127.0.0.1:3306/teachingopen?characterEncoding=UTF-8&useUnicode=true&useSSL=false&tinyInt1isBit=false, errorCode 0, state 08S01
com.mysql.jdbc.exceptions.jdbc4.CommunicationsException: Communications link failure

The last packet sent successfully to the server was 0 milliseconds ago. The driver has not received any packets from the server.
	at jdk.internal.reflect.GeneratedConstructorAccessor70.newInstance(Unknown Source)
	at java.base/jdk.internal.reflect.DelegatingConstructorAccessorImpl.newInstance(DelegatingConstructorAccessorImpl.java:45)
	at java.base/java.lang.reflect.Constructor.newInstanceWithCaller(Constructor.java:499)
	at java.base/java.lang.reflect.Constructor.newInstance(Constructor.java:480)
	at com.mysql.jdbc.Util.handleNewInstance(Util.java:425)
	at com.mysql.jdbc.SQLError.createCommunicationsException(SQLError.java:990)
	at com.mysql.jdbc.MysqlIO.<init>(MysqlIO.java:342)
	at com.mysql.jdbc.ConnectionImpl.coreConnect(ConnectionImpl.java:2197)
	at com.mysql.jdbc.ConnectionImpl.connectOneTryOnly(ConnectionImpl.java:2230)
	at com.mysql.jdbc.ConnectionImpl.createNewIO(ConnectionImpl.java:2025)
	at com.mysql.jdbc.ConnectionImpl.<init>(ConnectionImpl.java:778)
	at com.mysql.jdbc.JDBC4Connection.<init>(JDBC4Connection.java:47)
	at jdk.internal.reflect.GeneratedConstructorAccessor67.newInstance(Unknown Source)
	at java.base/jdk.internal.reflect.DelegatingConstructorAccessorImpl.newInstance(DelegatingConstructorAccessorImpl.java:45)
	at java.base/java.lang.reflect.Constructor.newInstanceWithCaller(Constructor.java:499)
	at java.base/java.lang.reflect.Constructor.newInstance(Constructor.java:480)
	at com.mysql.jdbc.Util.handleNewInstance(Util.java:425)
	at com.mysql.jdbc.ConnectionImpl.getInstance(ConnectionImpl.java:386)
	at com.mysql.jdbc.NonRegisteringDriver.connect(NonRegisteringDriver.java:330)
	at com.alibaba.druid.filter.FilterChainImpl.connection_connect(FilterChainImpl.java:156)
	at com.alibaba.druid.filter.FilterAdapter.connection_connect(FilterAdapter.java:787)
	at com.alibaba.druid.filter.FilterEventAdapter.connection_connect(FilterEventAdapter.java:38)
	at com.alibaba.druid.filter.FilterChainImpl.connection_connect(FilterChainImpl.java:150)
	at com.alibaba.druid.filter.FilterAdapter.connection_connect(FilterAdapter.java:787)
	at com.alibaba.druid.filter.FilterChainImpl.connection_connect(FilterChainImpl.java:150)
	at com.alibaba.druid.filter.stat.StatFilter.connection_connect(StatFilter.java:218)
	at com.alibaba.druid.filter.FilterChainImpl.connection_connect(FilterChainImpl.java:150)
	at com.alibaba.druid.pool.DruidAbstractDataSource.createPhysicalConnection(DruidAbstractDataSource.java:1598)
	at com.alibaba.druid.pool.DruidAbstractDataSource.createPhysicalConnection(DruidAbstractDataSource.java:1662)
	at com.alibaba.druid.pool.DruidDataSource$CreateConnectionThread.run(DruidDataSource.java:2697)
Caused by: java.net.ConnectException: Connection refused
	at java.base/sun.nio.ch.Net.connect0(Native Method)
	at java.base/sun.nio.ch.Net.connect(Net.java:576)
	at java.base/sun.nio.ch.Net.connect(Net.java:565)
	at java.base/sun.nio.ch.NioSocketImpl.connect(NioSocketImpl.java:588)
	at java.base/java.net.SocksSocketImpl.connect(SocksSocketImpl.java:333)
	at java.base/java.net.Socket.connect(Socket.java:645)
	at com.mysql.jdbc.StandardSocketFactory.connect(StandardSocketFactory.java:211)
	at com.mysql.jdbc.MysqlIO.<init>(MysqlIO.java:301)
	... 23 common frames omitted
2021-08-17 17:47:04.910 [Druid-ConnectionPool-Create-395229891] ERROR com.alibaba.druid.pool.DruidDataSource:2699 - create connection SQLException, url: jdbc:mysql://127.0.0.1:3306/teachingopen?characterEncoding=UTF-8&useUnicode=true&useSSL=false&tinyInt1isBit=false, errorCode 0, state 08S01
com.mysql.jdbc.exceptions.jdbc4.CommunicationsException: Communications link failure

The last packet sent successfully to the server was 0 milliseconds ago. The driver has not received any packets from the server.
	at jdk.internal.reflect.GeneratedConstructorAccessor70.newInstance(Unknown Source)
	at java.base/jdk.internal.reflect.DelegatingConstructorAccessorImpl.newInstance(DelegatingConstructorAccessorImpl.java:45)
	at java.base/java.lang.reflect.Constructor.newInstanceWithCaller(Constructor.java:499)
	at java.base/java.lang.reflect.Constructor.newInstance(Constructor.java:480)
	at com.mysql.jdbc.Util.handleNewInstance(Util.java:425)
	at com.mysql.jdbc.SQLError.createCommunicationsException(SQLError.java:990)
	at com.mysql.jdbc.MysqlIO.<init>(MysqlIO.java:342)
	at com.mysql.jdbc.ConnectionImpl.coreConnect(ConnectionImpl.java:2197)
	at com.mysql.jdbc.ConnectionImpl.connectOneTryOnly(ConnectionImpl.java:2230)
	at com.mysql.jdbc.ConnectionImpl.createNewIO(ConnectionImpl.java:2025)
	at com.mysql.jdbc.ConnectionImpl.<init>(ConnectionImpl.java:778)
	at com.mysql.jdbc.JDBC4Connection.<init>(JDBC4Connection.java:47)
	at jdk.internal.reflect.GeneratedConstructorAccessor67.newInstance(Unknown Source)
	at java.base/jdk.internal.reflect.DelegatingConstructorAccessorImpl.newInstance(DelegatingConstructorAccessorImpl.java:45)
	at java.base/java.lang.reflect.Constructor.newInstanceWithCaller(Constructor.java:499)
	at java.base/java.lang.reflect.Constructor.newInstance(Constructor.java:480)
	at com.mysql.jdbc.Util.handleNewInstance(Util.java:425)
	at com.mysql.jdbc.ConnectionImpl.getInstance(ConnectionImpl.java:386)
	at com.mysql.jdbc.NonRegisteringDriver.connect(NonRegisteringDriver.java:330)
	at com.alibaba.druid.filter.FilterChainImpl.connection_connect(FilterChainImpl.java:156)
	at com.alibaba.druid.filter.FilterAdapter.connection_connect(FilterAdapter.java:787)
	at com.alibaba.druid.filter.FilterEventAdapter.connection_connect(FilterEventAdapter.java:38)
	at com.alibaba.druid.filter.FilterChainImpl.connection_connect(FilterChainImpl.java:150)
	at com.alibaba.druid.filter.FilterAdapter.connection_connect(FilterAdapter.java:787)
	at com.alibaba.druid.filter.FilterChainImpl.connection_connect(FilterChainImpl.java:150)
	at com.alibaba.druid.filter.stat.StatFilter.connection_connect(StatFilter.java:218)
	at com.alibaba.druid.filter.FilterChainImpl.connection_connect(FilterChainImpl.java:150)
	at com.alibaba.druid.pool.DruidAbstractDataSource.createPhysicalConnection(DruidAbstractDataSource.java:1598)
	at com.alibaba.druid.pool.DruidAbstractDataSource.createPhysicalConnection(DruidAbstractDataSource.java:1662)
	at com.alibaba.druid.pool.DruidDataSource$CreateConnectionThread.run(DruidDataSource.java:2697)
Caused by: java.net.ConnectException: Connection refused
	at java.base/sun.nio.ch.Net.connect0(Native Method)
	at java.base/sun.nio.ch.Net.connect(Net.java:576)
	at java.base/sun.nio.ch.Net.connect(Net.java:565)
	at java.base/sun.nio.ch.NioSocketImpl.connect(NioSocketImpl.java:588)
	at java.base/java.net.SocksSocketImpl.connect(SocksSocketImpl.java:333)
	at java.base/java.net.Socket.connect(Socket.java:645)
	at com.mysql.jdbc.StandardSocketFactory.connect(StandardSocketFactory.java:211)
	at com.mysql.jdbc.MysqlIO.<init>(MysqlIO.java:301)
	... 23 common frames omitted
2021-08-17 17:47:06.458 [Druid-ConnectionPool-Create-395229891] ERROR com.alibaba.druid.pool.DruidDataSource:2699 - create connection SQLException, url: jdbc:mysql://127.0.0.1:3306/teachingopen?characterEncoding=UTF-8&useUnicode=true&useSSL=false&tinyInt1isBit=false, errorCode 0, state 08S01
com.mysql.jdbc.exceptions.jdbc4.CommunicationsException: Communications link failure

The last packet sent successfully to the server was 0 milliseconds ago. The driver has not received any packets from the server.
	at jdk.internal.reflect.GeneratedConstructorAccessor70.newInstance(Unknown Source)
	at java.base/jdk.internal.reflect.DelegatingConstructorAccessorImpl.newInstance(DelegatingConstructorAccessorImpl.java:45)
	at java.base/java.lang.reflect.Constructor.newInstanceWithCaller(Constructor.java:499)
	at java.base/java.lang.reflect.Constructor.newInstance(Constructor.java:480)
	at com.mysql.jdbc.Util.handleNewInstance(Util.java:425)
	at com.mysql.jdbc.SQLError.createCommunicationsException(SQLError.java:990)
	at com.mysql.jdbc.MysqlIO.<init>(MysqlIO.java:342)
	at com.mysql.jdbc.ConnectionImpl.coreConnect(ConnectionImpl.java:2197)
	at com.mysql.jdbc.ConnectionImpl.connectOneTryOnly(ConnectionImpl.java:2230)
	at com.mysql.jdbc.ConnectionImpl.createNewIO(ConnectionImpl.java:2025)
	at com.mysql.jdbc.ConnectionImpl.<init>(ConnectionImpl.java:778)
	at com.mysql.jdbc.JDBC4Connection.<init>(JDBC4Connection.java:47)
	at jdk.internal.reflect.GeneratedConstructorAccessor67.newInstance(Unknown Source)
	at java.base/jdk.internal.reflect.DelegatingConstructorAccessorImpl.newInstance(DelegatingConstructorAccessorImpl.java:45)
	at java.base/java.lang.reflect.Constructor.newInstanceWithCaller(Constructor.java:499)
	at java.base/java.lang.reflect.Constructor.newInstance(Constructor.java:480)
	at com.mysql.jdbc.Util.handleNewInstance(Util.java:425)
	at com.mysql.jdbc.ConnectionImpl.getInstance(ConnectionImpl.java:386)
	at com.mysql.jdbc.NonRegisteringDriver.connect(NonRegisteringDriver.java:330)
	at com.alibaba.druid.filter.FilterChainImpl.connection_connect(FilterChainImpl.java:156)
	at com.alibaba.druid.filter.FilterAdapter.connection_connect(FilterAdapter.java:787)
	at com.alibaba.druid.filter.FilterEventAdapter.connection_connect(FilterEventAdapter.java:38)
	at com.alibaba.druid.filter.FilterChainImpl.connection_connect(FilterChainImpl.java:150)
	at com.alibaba.druid.filter.FilterAdapter.connection_connect(FilterAdapter.java:787)
	at com.alibaba.druid.filter.FilterChainImpl.connection_connect(FilterChainImpl.java:150)
	at com.alibaba.druid.filter.stat.StatFilter.connection_connect(StatFilter.java:218)
	at com.alibaba.druid.filter.FilterChainImpl.connection_connect(FilterChainImpl.java:150)
	at com.alibaba.druid.pool.DruidAbstractDataSource.createPhysicalConnection(DruidAbstractDataSource.java:1598)
	at com.alibaba.druid.pool.DruidAbstractDataSource.createPhysicalConnection(DruidAbstractDataSource.java:1662)
	at com.alibaba.druid.pool.DruidDataSource$CreateConnectionThread.run(DruidDataSource.java:2697)
Caused by: java.net.ConnectException: Connection refused
	at java.base/sun.nio.ch.Net.connect0(Native Method)
	at java.base/sun.nio.ch.Net.connect(Net.java:576)
	at java.base/sun.nio.ch.Net.connect(Net.java:565)
	at java.base/sun.nio.ch.NioSocketImpl.connect(NioSocketImpl.java:588)
	at java.base/java.net.SocksSocketImpl.connect(SocksSocketImpl.java:333)
	at java.base/java.net.Socket.connect(Socket.java:645)
	at com.mysql.jdbc.StandardSocketFactory.connect(StandardSocketFactory.java:211)
	at com.mysql.jdbc.MysqlIO.<init>(MysqlIO.java:301)
	... 23 common frames omitted
2021-08-17 17:47:08.011 [Druid-ConnectionPool-Create-395229891] ERROR com.alibaba.druid.pool.DruidDataSource:2699 - create connection SQLException, url: jdbc:mysql://127.0.0.1:3306/teachingopen?characterEncoding=UTF-8&useUnicode=true&useSSL=false&tinyInt1isBit=false, errorCode 0, state 08S01
com.mysql.jdbc.exceptions.jdbc4.CommunicationsException: Communications link failure

The last packet sent successfully to the server was 0 milliseconds ago. The driver has not received any packets from the server.
	at jdk.internal.reflect.GeneratedConstructorAccessor70.newInstance(Unknown Source)
	at java.base/jdk.internal.reflect.DelegatingConstructorAccessorImpl.newInstance(DelegatingConstructorAccessorImpl.java:45)
	at java.base/java.lang.reflect.Constructor.newInstanceWithCaller(Constructor.java:499)
	at java.base/java.lang.reflect.Constructor.newInstance(Constructor.java:480)
	at com.mysql.jdbc.Util.handleNewInstance(Util.java:425)
	at com.mysql.jdbc.SQLError.createCommunicationsException(SQLError.java:990)
	at com.mysql.jdbc.MysqlIO.<init>(MysqlIO.java:342)
	at com.mysql.jdbc.ConnectionImpl.coreConnect(ConnectionImpl.java:2197)
	at com.mysql.jdbc.ConnectionImpl.connectOneTryOnly(ConnectionImpl.java:2230)
	at com.mysql.jdbc.ConnectionImpl.createNewIO(ConnectionImpl.java:2025)
	at com.mysql.jdbc.ConnectionImpl.<init>(ConnectionImpl.java:778)
	at com.mysql.jdbc.JDBC4Connection.<init>(JDBC4Connection.java:47)
	at jdk.internal.reflect.GeneratedConstructorAccessor67.newInstance(Unknown Source)
	at java.base/jdk.internal.reflect.DelegatingConstructorAccessorImpl.newInstance(DelegatingConstructorAccessorImpl.java:45)
	at java.base/java.lang.reflect.Constructor.newInstanceWithCaller(Constructor.java:499)
	at java.base/java.lang.reflect.Constructor.newInstance(Constructor.java:480)
	at com.mysql.jdbc.Util.handleNewInstance(Util.java:425)
	at com.mysql.jdbc.ConnectionImpl.getInstance(ConnectionImpl.java:386)
	at com.mysql.jdbc.NonRegisteringDriver.connect(NonRegisteringDriver.java:330)
	at com.alibaba.druid.filter.FilterChainImpl.connection_connect(FilterChainImpl.java:156)
	at com.alibaba.druid.filter.FilterAdapter.connection_connect(FilterAdapter.java:787)
	at com.alibaba.druid.filter.FilterEventAdapter.connection_connect(FilterEventAdapter.java:38)
	at com.alibaba.druid.filter.FilterChainImpl.connection_connect(FilterChainImpl.java:150)
	at com.alibaba.druid.filter.FilterAdapter.connection_connect(FilterAdapter.java:787)
	at com.alibaba.druid.filter.FilterChainImpl.connection_connect(FilterChainImpl.java:150)
	at com.alibaba.druid.filter.stat.StatFilter.connection_connect(StatFilter.java:218)
	at com.alibaba.druid.filter.FilterChainImpl.connection_connect(FilterChainImpl.java:150)
	at com.alibaba.druid.pool.DruidAbstractDataSource.createPhysicalConnection(DruidAbstractDataSource.java:1598)
	at com.alibaba.druid.pool.DruidAbstractDataSource.createPhysicalConnection(DruidAbstractDataSource.java:1662)
	at com.alibaba.druid.pool.DruidDataSource$CreateConnectionThread.run(DruidDataSource.java:2697)
Caused by: java.net.ConnectException: Connection refused
	at java.base/sun.nio.ch.Net.connect0(Native Method)
	at java.base/sun.nio.ch.Net.connect(Net.java:576)
	at java.base/sun.nio.ch.Net.connect(Net.java:565)
	at java.base/sun.nio.ch.NioSocketImpl.connect(NioSocketImpl.java:588)
	at java.base/java.net.SocksSocketImpl.connect(SocksSocketImpl.java:333)
	at java.base/java.net.Socket.connect(Socket.java:645)
	at com.mysql.jdbc.StandardSocketFactory.connect(StandardSocketFactory.java:211)
	at com.mysql.jdbc.MysqlIO.<init>(MysqlIO.java:301)
	... 23 common frames omitted
2021-08-17 17:47:09.560 [Druid-ConnectionPool-Create-395229891] ERROR com.alibaba.druid.pool.DruidDataSource:2699 - create connection SQLException, url: jdbc:mysql://127.0.0.1:3306/teachingopen?characterEncoding=UTF-8&useUnicode=true&useSSL=false&tinyInt1isBit=false, errorCode 0, state 08S01
com.mysql.jdbc.exceptions.jdbc4.CommunicationsException: Communications link failure

The last packet sent successfully to the server was 0 milliseconds ago. The driver has not received any packets from the server.
	at jdk.internal.reflect.GeneratedConstructorAccessor70.newInstance(Unknown Source)
	at java.base/jdk.internal.reflect.DelegatingConstructorAccessorImpl.newInstance(DelegatingConstructorAccessorImpl.java:45)
	at java.base/java.lang.reflect.Constructor.newInstanceWithCaller(Constructor.java:499)
	at java.base/java.lang.reflect.Constructor.newInstance(Constructor.java:480)
	at com.mysql.jdbc.Util.handleNewInstance(Util.java:425)
	at com.mysql.jdbc.SQLError.createCommunicationsException(SQLError.java:990)
	at com.mysql.jdbc.MysqlIO.<init>(MysqlIO.java:342)
	at com.mysql.jdbc.ConnectionImpl.coreConnect(ConnectionImpl.java:2197)
	at com.mysql.jdbc.ConnectionImpl.connectOneTryOnly(ConnectionImpl.java:2230)
	at com.mysql.jdbc.ConnectionImpl.createNewIO(ConnectionImpl.java:2025)
	at com.mysql.jdbc.ConnectionImpl.<init>(ConnectionImpl.java:778)
	at com.mysql.jdbc.JDBC4Connection.<init>(JDBC4Connection.java:47)
	at jdk.internal.reflect.GeneratedConstructorAccessor67.newInstance(Unknown Source)
	at java.base/jdk.internal.reflect.DelegatingConstructorAccessorImpl.newInstance(DelegatingConstructorAccessorImpl.java:45)
	at java.base/java.lang.reflect.Constructor.newInstanceWithCaller(Constructor.java:499)
	at java.base/java.lang.reflect.Constructor.newInstance(Constructor.java:480)
	at com.mysql.jdbc.Util.handleNewInstance(Util.java:425)
	at com.mysql.jdbc.ConnectionImpl.getInstance(ConnectionImpl.java:386)
	at com.mysql.jdbc.NonRegisteringDriver.connect(NonRegisteringDriver.java:330)
	at com.alibaba.druid.filter.FilterChainImpl.connection_connect(FilterChainImpl.java:156)
	at com.alibaba.druid.filter.FilterAdapter.connection_connect(FilterAdapter.java:787)
	at com.alibaba.druid.filter.FilterEventAdapter.connection_connect(FilterEventAdapter.java:38)
	at com.alibaba.druid.filter.FilterChainImpl.connection_connect(FilterChainImpl.java:150)
	at com.alibaba.druid.filter.FilterAdapter.connection_connect(FilterAdapter.java:787)
	at com.alibaba.druid.filter.FilterChainImpl.connection_connect(FilterChainImpl.java:150)
	at com.alibaba.druid.filter.stat.StatFilter.connection_connect(StatFilter.java:218)
	at com.alibaba.druid.filter.FilterChainImpl.connection_connect(FilterChainImpl.java:150)
	at com.alibaba.druid.pool.DruidAbstractDataSource.createPhysicalConnection(DruidAbstractDataSource.java:1598)
	at com.alibaba.druid.pool.DruidAbstractDataSource.createPhysicalConnection(DruidAbstractDataSource.java:1662)
	at com.alibaba.druid.pool.DruidDataSource$CreateConnectionThread.run(DruidDataSource.java:2697)
Caused by: java.net.ConnectException: Connection refused
	at java.base/sun.nio.ch.Net.connect0(Native Method)
	at java.base/sun.nio.ch.Net.connect(Net.java:576)
	at java.base/sun.nio.ch.Net.connect(Net.java:565)
	at java.base/sun.nio.ch.NioSocketImpl.connect(NioSocketImpl.java:588)
	at java.base/java.net.SocksSocketImpl.connect(SocksSocketImpl.java:333)
	at java.base/java.net.Socket.connect(Socket.java:645)
	at com.mysql.jdbc.StandardSocketFactory.connect(StandardSocketFactory.java:211)
	at com.mysql.jdbc.MysqlIO.<init>(MysqlIO.java:301)
	... 23 common frames omitted
2021-08-17 17:47:11.106 [Druid-ConnectionPool-Create-395229891] ERROR com.alibaba.druid.pool.DruidDataSource:2699 - create connection SQLException, url: jdbc:mysql://127.0.0.1:3306/teachingopen?characterEncoding=UTF-8&useUnicode=true&useSSL=false&tinyInt1isBit=false, errorCode 0, state 08S01
com.mysql.jdbc.exceptions.jdbc4.CommunicationsException: Communications link failure

The last packet sent successfully to the server was 0 milliseconds ago. The driver has not received any packets from the server.
	at jdk.internal.reflect.GeneratedConstructorAccessor70.newInstance(Unknown Source)
	at java.base/jdk.internal.reflect.DelegatingConstructorAccessorImpl.newInstance(DelegatingConstructorAccessorImpl.java:45)
	at java.base/java.lang.reflect.Constructor.newInstanceWithCaller(Constructor.java:499)
	at java.base/java.lang.reflect.Constructor.newInstance(Constructor.java:480)
	at com.mysql.jdbc.Util.handleNewInstance(Util.java:425)
	at com.mysql.jdbc.SQLError.createCommunicationsException(SQLError.java:990)
	at com.mysql.jdbc.MysqlIO.<init>(MysqlIO.java:342)
	at com.mysql.jdbc.ConnectionImpl.coreConnect(ConnectionImpl.java:2197)
	at com.mysql.jdbc.ConnectionImpl.connectOneTryOnly(ConnectionImpl.java:2230)
	at com.mysql.jdbc.ConnectionImpl.createNewIO(ConnectionImpl.java:2025)
	at com.mysql.jdbc.ConnectionImpl.<init>(ConnectionImpl.java:778)
	at com.mysql.jdbc.JDBC4Connection.<init>(JDBC4Connection.java:47)
	at jdk.internal.reflect.GeneratedConstructorAccessor67.newInstance(Unknown Source)
	at java.base/jdk.internal.reflect.DelegatingConstructorAccessorImpl.newInstance(DelegatingConstructorAccessorImpl.java:45)
	at java.base/java.lang.reflect.Constructor.newInstanceWithCaller(Constructor.java:499)
	at java.base/java.lang.reflect.Constructor.newInstance(Constructor.java:480)
	at com.mysql.jdbc.Util.handleNewInstance(Util.java:425)
	at com.mysql.jdbc.ConnectionImpl.getInstance(ConnectionImpl.java:386)
	at com.mysql.jdbc.NonRegisteringDriver.connect(NonRegisteringDriver.java:330)
	at com.alibaba.druid.filter.FilterChainImpl.connection_connect(FilterChainImpl.java:156)
	at com.alibaba.druid.filter.FilterAdapter.connection_connect(FilterAdapter.java:787)
	at com.alibaba.druid.filter.FilterEventAdapter.connection_connect(FilterEventAdapter.java:38)
	at com.alibaba.druid.filter.FilterChainImpl.connection_connect(FilterChainImpl.java:150)
	at com.alibaba.druid.filter.FilterAdapter.connection_connect(FilterAdapter.java:787)
	at com.alibaba.druid.filter.FilterChainImpl.connection_connect(FilterChainImpl.java:150)
	at com.alibaba.druid.filter.stat.StatFilter.connection_connect(StatFilter.java:218)
	at com.alibaba.druid.filter.FilterChainImpl.connection_connect(FilterChainImpl.java:150)
	at com.alibaba.druid.pool.DruidAbstractDataSource.createPhysicalConnection(DruidAbstractDataSource.java:1598)
	at com.alibaba.druid.pool.DruidAbstractDataSource.createPhysicalConnection(DruidAbstractDataSource.java:1662)
	at com.alibaba.druid.pool.DruidDataSource$CreateConnectionThread.run(DruidDataSource.java:2697)
Caused by: java.net.ConnectException: Connection refused
	at java.base/sun.nio.ch.Net.connect0(Native Method)
	at java.base/sun.nio.ch.Net.connect(Net.java:576)
	at java.base/sun.nio.ch.Net.connect(Net.java:565)
	at java.base/sun.nio.ch.NioSocketImpl.connect(NioSocketImpl.java:588)
	at java.base/java.net.SocksSocketImpl.connect(SocksSocketImpl.java:333)
	at java.base/java.net.Socket.connect(Socket.java:645)
	at com.mysql.jdbc.StandardSocketFactory.connect(StandardSocketFactory.java:211)
	at com.mysql.jdbc.MysqlIO.<init>(MysqlIO.java:301)
	... 23 common frames omitted
2021-08-17 17:47:12.655 [Druid-ConnectionPool-Create-395229891] ERROR com.alibaba.druid.pool.DruidDataSource:2699 - create connection SQLException, url: jdbc:mysql://127.0.0.1:3306/teachingopen?characterEncoding=UTF-8&useUnicode=true&useSSL=false&tinyInt1isBit=false, errorCode 0, state 08S01
com.mysql.jdbc.exceptions.jdbc4.CommunicationsException: Communications link failure

The last packet sent successfully to the server was 0 milliseconds ago. The driver has not received any packets from the server.
	at jdk.internal.reflect.GeneratedConstructorAccessor70.newInstance(Unknown Source)
	at java.base/jdk.internal.reflect.DelegatingConstructorAccessorImpl.newInstance(DelegatingConstructorAccessorImpl.java:45)
	at java.base/java.lang.reflect.Constructor.newInstanceWithCaller(Constructor.java:499)
	at java.base/java.lang.reflect.Constructor.newInstance(Constructor.java:480)
	at com.mysql.jdbc.Util.handleNewInstance(Util.java:425)
	at com.mysql.jdbc.SQLError.createCommunicationsException(SQLError.java:990)
	at com.mysql.jdbc.MysqlIO.<init>(MysqlIO.java:342)
	at com.mysql.jdbc.ConnectionImpl.coreConnect(ConnectionImpl.java:2197)
	at com.mysql.jdbc.ConnectionImpl.connectOneTryOnly(ConnectionImpl.java:2230)
	at com.mysql.jdbc.ConnectionImpl.createNewIO(ConnectionImpl.java:2025)
	at com.mysql.jdbc.ConnectionImpl.<init>(ConnectionImpl.java:778)
	at com.mysql.jdbc.JDBC4Connection.<init>(JDBC4Connection.java:47)
	at jdk.internal.reflect.GeneratedConstructorAccessor67.newInstance(Unknown Source)
	at java.base/jdk.internal.reflect.DelegatingConstructorAccessorImpl.newInstance(DelegatingConstructorAccessorImpl.java:45)
	at java.base/java.lang.reflect.Constructor.newInstanceWithCaller(Constructor.java:499)
	at java.base/java.lang.reflect.Constructor.newInstance(Constructor.java:480)
	at com.mysql.jdbc.Util.handleNewInstance(Util.java:425)
	at com.mysql.jdbc.ConnectionImpl.getInstance(ConnectionImpl.java:386)
	at com.mysql.jdbc.NonRegisteringDriver.connect(NonRegisteringDriver.java:330)
	at com.alibaba.druid.filter.FilterChainImpl.connection_connect(FilterChainImpl.java:156)
	at com.alibaba.druid.filter.FilterAdapter.connection_connect(FilterAdapter.java:787)
	at com.alibaba.druid.filter.FilterEventAdapter.connection_connect(FilterEventAdapter.java:38)
	at com.alibaba.druid.filter.FilterChainImpl.connection_connect(FilterChainImpl.java:150)
	at com.alibaba.druid.filter.FilterAdapter.connection_connect(FilterAdapter.java:787)
	at com.alibaba.druid.filter.FilterChainImpl.connection_connect(FilterChainImpl.java:150)
	at com.alibaba.druid.filter.stat.StatFilter.connection_connect(StatFilter.java:218)
	at com.alibaba.druid.filter.FilterChainImpl.connection_connect(FilterChainImpl.java:150)
	at com.alibaba.druid.pool.DruidAbstractDataSource.createPhysicalConnection(DruidAbstractDataSource.java:1598)
	at com.alibaba.druid.pool.DruidAbstractDataSource.createPhysicalConnection(DruidAbstractDataSource.java:1662)
	at com.alibaba.druid.pool.DruidDataSource$CreateConnectionThread.run(DruidDataSource.java:2697)
Caused by: java.net.ConnectException: Connection refused
	at java.base/sun.nio.ch.Net.connect0(Native Method)
	at java.base/sun.nio.ch.Net.connect(Net.java:576)
	at java.base/sun.nio.ch.Net.connect(Net.java:565)
	at java.base/sun.nio.ch.NioSocketImpl.connect(NioSocketImpl.java:588)
	at java.base/java.net.SocksSocketImpl.connect(SocksSocketImpl.java:333)
	at java.base/java.net.Socket.connect(Socket.java:645)
	at com.mysql.jdbc.StandardSocketFactory.connect(StandardSocketFactory.java:211)
	at com.mysql.jdbc.MysqlIO.<init>(MysqlIO.java:301)
	... 23 common frames omitted
2021-08-17 17:47:14.212 [Druid-ConnectionPool-Create-395229891] ERROR com.alibaba.druid.pool.DruidDataSource:2699 - create connection SQLException, url: jdbc:mysql://127.0.0.1:3306/teachingopen?characterEncoding=UTF-8&useUnicode=true&useSSL=false&tinyInt1isBit=false, errorCode 0, state 08S01
com.mysql.jdbc.exceptions.jdbc4.CommunicationsException: Communications link failure

The last packet sent successfully to the server was 0 milliseconds ago. The driver has not received any packets from the server.
	at jdk.internal.reflect.GeneratedConstructorAccessor70.newInstance(Unknown Source)
	at java.base/jdk.internal.reflect.DelegatingConstructorAccessorImpl.newInstance(DelegatingConstructorAccessorImpl.java:45)
	at java.base/java.lang.reflect.Constructor.newInstanceWithCaller(Constructor.java:499)
	at java.base/java.lang.reflect.Constructor.newInstance(Constructor.java:480)
	at com.mysql.jdbc.Util.handleNewInstance(Util.java:425)
	at com.mysql.jdbc.SQLError.createCommunicationsException(SQLError.java:990)
	at com.mysql.jdbc.MysqlIO.<init>(MysqlIO.java:342)
	at com.mysql.jdbc.ConnectionImpl.coreConnect(ConnectionImpl.java:2197)
	at com.mysql.jdbc.ConnectionImpl.connectOneTryOnly(ConnectionImpl.java:2230)
	at com.mysql.jdbc.ConnectionImpl.createNewIO(ConnectionImpl.java:2025)
	at com.mysql.jdbc.ConnectionImpl.<init>(ConnectionImpl.java:778)
	at com.mysql.jdbc.JDBC4Connection.<init>(JDBC4Connection.java:47)
	at jdk.internal.reflect.GeneratedConstructorAccessor67.newInstance(Unknown Source)
	at java.base/jdk.internal.reflect.DelegatingConstructorAccessorImpl.newInstance(DelegatingConstructorAccessorImpl.java:45)
	at java.base/java.lang.reflect.Constructor.newInstanceWithCaller(Constructor.java:499)
	at java.base/java.lang.reflect.Constructor.newInstance(Constructor.java:480)
	at com.mysql.jdbc.Util.handleNewInstance(Util.java:425)
	at com.mysql.jdbc.ConnectionImpl.getInstance(ConnectionImpl.java:386)
	at com.mysql.jdbc.NonRegisteringDriver.connect(NonRegisteringDriver.java:330)
	at com.alibaba.druid.filter.FilterChainImpl.connection_connect(FilterChainImpl.java:156)
	at com.alibaba.druid.filter.FilterAdapter.connection_connect(FilterAdapter.java:787)
	at com.alibaba.druid.filter.FilterEventAdapter.connection_connect(FilterEventAdapter.java:38)
	at com.alibaba.druid.filter.FilterChainImpl.connection_connect(FilterChainImpl.java:150)
	at com.alibaba.druid.filter.FilterAdapter.connection_connect(FilterAdapter.java:787)
	at com.alibaba.druid.filter.FilterChainImpl.connection_connect(FilterChainImpl.java:150)
	at com.alibaba.druid.filter.stat.StatFilter.connection_connect(StatFilter.java:218)
	at com.alibaba.druid.filter.FilterChainImpl.connection_connect(FilterChainImpl.java:150)
	at com.alibaba.druid.pool.DruidAbstractDataSource.createPhysicalConnection(DruidAbstractDataSource.java:1598)
	at com.alibaba.druid.pool.DruidAbstractDataSource.createPhysicalConnection(DruidAbstractDataSource.java:1662)
	at com.alibaba.druid.pool.DruidDataSource$CreateConnectionThread.run(DruidDataSource.java:2697)
Caused by: java.net.ConnectException: Connection refused
	at java.base/sun.nio.ch.Net.connect0(Native Method)
	at java.base/sun.nio.ch.Net.connect(Net.java:576)
	at java.base/sun.nio.ch.Net.connect(Net.java:565)
	at java.base/sun.nio.ch.NioSocketImpl.connect(NioSocketImpl.java:588)
	at java.base/java.net.SocksSocketImpl.connect(SocksSocketImpl.java:333)
	at java.base/java.net.Socket.connect(Socket.java:645)
	at com.mysql.jdbc.StandardSocketFactory.connect(StandardSocketFactory.java:211)
	at com.mysql.jdbc.MysqlIO.<init>(MysqlIO.java:301)
	... 23 common frames omitted
2021-08-17 17:47:15.761 [Druid-ConnectionPool-Create-395229891] ERROR com.alibaba.druid.pool.DruidDataSource:2699 - create connection SQLException, url: jdbc:mysql://127.0.0.1:3306/teachingopen?characterEncoding=UTF-8&useUnicode=true&useSSL=false&tinyInt1isBit=false, errorCode 0, state 08S01
com.mysql.jdbc.exceptions.jdbc4.CommunicationsException: Communications link failure

The last packet sent successfully to the server was 0 milliseconds ago. The driver has not received any packets from the server.
	at jdk.internal.reflect.GeneratedConstructorAccessor70.newInstance(Unknown Source)
	at java.base/jdk.internal.reflect.DelegatingConstructorAccessorImpl.newInstance(DelegatingConstructorAccessorImpl.java:45)
	at java.base/java.lang.reflect.Constructor.newInstanceWithCaller(Constructor.java:499)
	at java.base/java.lang.reflect.Constructor.newInstance(Constructor.java:480)
	at com.mysql.jdbc.Util.handleNewInstance(Util.java:425)
	at com.mysql.jdbc.SQLError.createCommunicationsException(SQLError.java:990)
	at com.mysql.jdbc.MysqlIO.<init>(MysqlIO.java:342)
	at com.mysql.jdbc.ConnectionImpl.coreConnect(ConnectionImpl.java:2197)
	at com.mysql.jdbc.ConnectionImpl.connectOneTryOnly(ConnectionImpl.java:2230)
	at com.mysql.jdbc.ConnectionImpl.createNewIO(ConnectionImpl.java:2025)
	at com.mysql.jdbc.ConnectionImpl.<init>(ConnectionImpl.java:778)
	at com.mysql.jdbc.JDBC4Connection.<init>(JDBC4Connection.java:47)
	at jdk.internal.reflect.GeneratedConstructorAccessor67.newInstance(Unknown Source)
	at java.base/jdk.internal.reflect.DelegatingConstructorAccessorImpl.newInstance(DelegatingConstructorAccessorImpl.java:45)
	at java.base/java.lang.reflect.Constructor.newInstanceWithCaller(Constructor.java:499)
	at java.base/java.lang.reflect.Constructor.newInstance(Constructor.java:480)
	at com.mysql.jdbc.Util.handleNewInstance(Util.java:425)
	at com.mysql.jdbc.ConnectionImpl.getInstance(ConnectionImpl.java:386)
	at com.mysql.jdbc.NonRegisteringDriver.connect(NonRegisteringDriver.java:330)
	at com.alibaba.druid.filter.FilterChainImpl.connection_connect(FilterChainImpl.java:156)
	at com.alibaba.druid.filter.FilterAdapter.connection_connect(FilterAdapter.java:787)
	at com.alibaba.druid.filter.FilterEventAdapter.connection_connect(FilterEventAdapter.java:38)
	at com.alibaba.druid.filter.FilterChainImpl.connection_connect(FilterChainImpl.java:150)
	at com.alibaba.druid.filter.FilterAdapter.connection_connect(FilterAdapter.java:787)
	at com.alibaba.druid.filter.FilterChainImpl.connection_connect(FilterChainImpl.java:150)
	at com.alibaba.druid.filter.stat.StatFilter.connection_connect(StatFilter.java:218)
	at com.alibaba.druid.filter.FilterChainImpl.connection_connect(FilterChainImpl.java:150)
	at com.alibaba.druid.pool.DruidAbstractDataSource.createPhysicalConnection(DruidAbstractDataSource.java:1598)
	at com.alibaba.druid.pool.DruidAbstractDataSource.createPhysicalConnection(DruidAbstractDataSource.java:1662)
	at com.alibaba.druid.pool.DruidDataSource$CreateConnectionThread.run(DruidDataSource.java:2697)
Caused by: java.net.ConnectException: Connection refused
	at java.base/sun.nio.ch.Net.connect0(Native Method)
	at java.base/sun.nio.ch.Net.connect(Net.java:576)
	at java.base/sun.nio.ch.Net.connect(Net.java:565)
	at java.base/sun.nio.ch.NioSocketImpl.connect(NioSocketImpl.java:588)
	at java.base/java.net.SocksSocketImpl.connect(SocksSocketImpl.java:333)
	at java.base/java.net.Socket.connect(Socket.java:645)
	at com.mysql.jdbc.StandardSocketFactory.connect(StandardSocketFactory.java:211)
	at com.mysql.jdbc.MysqlIO.<init>(MysqlIO.java:301)
	... 23 common frames omitted
2021-08-17 17:47:17.310 [Druid-ConnectionPool-Create-395229891] ERROR com.alibaba.druid.pool.DruidDataSource:2699 - create connection SQLException, url: jdbc:mysql://127.0.0.1:3306/teachingopen?characterEncoding=UTF-8&useUnicode=true&useSSL=false&tinyInt1isBit=false, errorCode 0, state 08S01
com.mysql.jdbc.exceptions.jdbc4.CommunicationsException: Communications link failure

The last packet sent successfully to the server was 0 milliseconds ago. The driver has not received any packets from the server.
	at jdk.internal.reflect.GeneratedConstructorAccessor70.newInstance(Unknown Source)
	at java.base/jdk.internal.reflect.DelegatingConstructorAccessorImpl.newInstance(DelegatingConstructorAccessorImpl.java:45)
	at java.base/java.lang.reflect.Constructor.newInstanceWithCaller(Constructor.java:499)
	at java.base/java.lang.reflect.Constructor.newInstance(Constructor.java:480)
	at com.mysql.jdbc.Util.handleNewInstance(Util.java:425)
	at com.mysql.jdbc.SQLError.createCommunicationsException(SQLError.java:990)
	at com.mysql.jdbc.MysqlIO.<init>(MysqlIO.java:342)
	at com.mysql.jdbc.ConnectionImpl.coreConnect(ConnectionImpl.java:2197)
	at com.mysql.jdbc.ConnectionImpl.connectOneTryOnly(ConnectionImpl.java:2230)
	at com.mysql.jdbc.ConnectionImpl.createNewIO(ConnectionImpl.java:2025)
	at com.mysql.jdbc.ConnectionImpl.<init>(ConnectionImpl.java:778)
	at com.mysql.jdbc.JDBC4Connection.<init>(JDBC4Connection.java:47)
	at jdk.internal.reflect.GeneratedConstructorAccessor67.newInstance(Unknown Source)
	at java.base/jdk.internal.reflect.DelegatingConstructorAccessorImpl.newInstance(DelegatingConstructorAccessorImpl.java:45)
	at java.base/java.lang.reflect.Constructor.newInstanceWithCaller(Constructor.java:499)
	at java.base/java.lang.reflect.Constructor.newInstance(Constructor.java:480)
	at com.mysql.jdbc.Util.handleNewInstance(Util.java:425)
	at com.mysql.jdbc.ConnectionImpl.getInstance(ConnectionImpl.java:386)
	at com.mysql.jdbc.NonRegisteringDriver.connect(NonRegisteringDriver.java:330)
	at com.alibaba.druid.filter.FilterChainImpl.connection_connect(FilterChainImpl.java:156)
	at com.alibaba.druid.filter.FilterAdapter.connection_connect(FilterAdapter.java:787)
	at com.alibaba.druid.filter.FilterEventAdapter.connection_connect(FilterEventAdapter.java:38)
	at com.alibaba.druid.filter.FilterChainImpl.connection_connect(FilterChainImpl.java:150)
	at com.alibaba.druid.filter.FilterAdapter.connection_connect(FilterAdapter.java:787)
	at com.alibaba.druid.filter.FilterChainImpl.connection_connect(FilterChainImpl.java:150)
	at com.alibaba.druid.filter.stat.StatFilter.connection_connect(StatFilter.java:218)
	at com.alibaba.druid.filter.FilterChainImpl.connection_connect(FilterChainImpl.java:150)
	at com.alibaba.druid.pool.DruidAbstractDataSource.createPhysicalConnection(DruidAbstractDataSource.java:1598)
	at com.alibaba.druid.pool.DruidAbstractDataSource.createPhysicalConnection(DruidAbstractDataSource.java:1662)
	at com.alibaba.druid.pool.DruidDataSource$CreateConnectionThread.run(DruidDataSource.java:2697)
Caused by: java.net.ConnectException: Connection refused
	at java.base/sun.nio.ch.Net.connect0(Native Method)
	at java.base/sun.nio.ch.Net.connect(Net.java:576)
	at java.base/sun.nio.ch.Net.connect(Net.java:565)
	at java.base/sun.nio.ch.NioSocketImpl.connect(NioSocketImpl.java:588)
	at java.base/java.net.SocksSocketImpl.connect(SocksSocketImpl.java:333)
	at java.base/java.net.Socket.connect(Socket.java:645)
	at com.mysql.jdbc.StandardSocketFactory.connect(StandardSocketFactory.java:211)
	at com.mysql.jdbc.MysqlIO.<init>(MysqlIO.java:301)
	... 23 common frames omitted
2021-08-17 17:47:18.861 [Druid-ConnectionPool-Create-395229891] ERROR com.alibaba.druid.pool.DruidDataSource:2699 - create connection SQLException, url: jdbc:mysql://127.0.0.1:3306/teachingopen?characterEncoding=UTF-8&useUnicode=true&useSSL=false&tinyInt1isBit=false, errorCode 0, state 08S01
com.mysql.jdbc.exceptions.jdbc4.CommunicationsException: Communications link failure

The last packet sent successfully to the server was 0 milliseconds ago. The driver has not received any packets from the server.
	at jdk.internal.reflect.GeneratedConstructorAccessor70.newInstance(Unknown Source)
	at java.base/jdk.internal.reflect.DelegatingConstructorAccessorImpl.newInstance(DelegatingConstructorAccessorImpl.java:45)
	at java.base/java.lang.reflect.Constructor.newInstanceWithCaller(Constructor.java:499)
	at java.base/java.lang.reflect.Constructor.newInstance(Constructor.java:480)
	at com.mysql.jdbc.Util.handleNewInstance(Util.java:425)
	at com.mysql.jdbc.SQLError.createCommunicationsException(SQLError.java:990)
	at com.mysql.jdbc.MysqlIO.<init>(MysqlIO.java:342)
	at com.mysql.jdbc.ConnectionImpl.coreConnect(ConnectionImpl.java:2197)
	at com.mysql.jdbc.ConnectionImpl.connectOneTryOnly(ConnectionImpl.java:2230)
	at com.mysql.jdbc.ConnectionImpl.createNewIO(ConnectionImpl.java:2025)
	at com.mysql.jdbc.ConnectionImpl.<init>(ConnectionImpl.java:778)
	at com.mysql.jdbc.JDBC4Connection.<init>(JDBC4Connection.java:47)
	at jdk.internal.reflect.GeneratedConstructorAccessor67.newInstance(Unknown Source)
	at java.base/jdk.internal.reflect.DelegatingConstructorAccessorImpl.newInstance(DelegatingConstructorAccessorImpl.java:45)
	at java.base/java.lang.reflect.Constructor.newInstanceWithCaller(Constructor.java:499)
	at java.base/java.lang.reflect.Constructor.newInstance(Constructor.java:480)
	at com.mysql.jdbc.Util.handleNewInstance(Util.java:425)
	at com.mysql.jdbc.ConnectionImpl.getInstance(ConnectionImpl.java:386)
	at com.mysql.jdbc.NonRegisteringDriver.connect(NonRegisteringDriver.java:330)
	at com.alibaba.druid.filter.FilterChainImpl.connection_connect(FilterChainImpl.java:156)
	at com.alibaba.druid.filter.FilterAdapter.connection_connect(FilterAdapter.java:787)
	at com.alibaba.druid.filter.FilterEventAdapter.connection_connect(FilterEventAdapter.java:38)
	at com.alibaba.druid.filter.FilterChainImpl.connection_connect(FilterChainImpl.java:150)
	at com.alibaba.druid.filter.FilterAdapter.connection_connect(FilterAdapter.java:787)
	at com.alibaba.druid.filter.FilterChainImpl.connection_connect(FilterChainImpl.java:150)
	at com.alibaba.druid.filter.stat.StatFilter.connection_connect(StatFilter.java:218)
	at com.alibaba.druid.filter.FilterChainImpl.connection_connect(FilterChainImpl.java:150)
	at com.alibaba.druid.pool.DruidAbstractDataSource.createPhysicalConnection(DruidAbstractDataSource.java:1598)
	at com.alibaba.druid.pool.DruidAbstractDataSource.createPhysicalConnection(DruidAbstractDataSource.java:1662)
	at com.alibaba.druid.pool.DruidDataSource$CreateConnectionThread.run(DruidDataSource.java:2697)
Caused by: java.net.ConnectException: Connection refused
	at java.base/sun.nio.ch.Net.connect0(Native Method)
	at java.base/sun.nio.ch.Net.connect(Net.java:576)
	at java.base/sun.nio.ch.Net.connect(Net.java:565)
	at java.base/sun.nio.ch.NioSocketImpl.connect(NioSocketImpl.java:588)
	at java.base/java.net.SocksSocketImpl.connect(SocksSocketImpl.java:333)
	at java.base/java.net.Socket.connect(Socket.java:645)
	at com.mysql.jdbc.StandardSocketFactory.connect(StandardSocketFactory.java:211)
	at com.mysql.jdbc.MysqlIO.<init>(MysqlIO.java:301)
	... 23 common frames omitted
2021-08-17 17:47:20.410 [Druid-ConnectionPool-Create-395229891] ERROR com.alibaba.druid.pool.DruidDataSource:2699 - create connection SQLException, url: jdbc:mysql://127.0.0.1:3306/teachingopen?characterEncoding=UTF-8&useUnicode=true&useSSL=false&tinyInt1isBit=false, errorCode 0, state 08S01
com.mysql.jdbc.exceptions.jdbc4.CommunicationsException: Communications link failure

The last packet sent successfully to the server was 0 milliseconds ago. The driver has not received any packets from the server.
	at jdk.internal.reflect.GeneratedConstructorAccessor70.newInstance(Unknown Source)
	at java.base/jdk.internal.reflect.DelegatingConstructorAccessorImpl.newInstance(DelegatingConstructorAccessorImpl.java:45)
	at java.base/java.lang.reflect.Constructor.newInstanceWithCaller(Constructor.java:499)
	at java.base/java.lang.reflect.Constructor.newInstance(Constructor.java:480)
	at com.mysql.jdbc.Util.handleNewInstance(Util.java:425)
	at com.mysql.jdbc.SQLError.createCommunicationsException(SQLError.java:990)
	at com.mysql.jdbc.MysqlIO.<init>(MysqlIO.java:342)
	at com.mysql.jdbc.ConnectionImpl.coreConnect(ConnectionImpl.java:2197)
	at com.mysql.jdbc.ConnectionImpl.connectOneTryOnly(ConnectionImpl.java:2230)
	at com.mysql.jdbc.ConnectionImpl.createNewIO(ConnectionImpl.java:2025)
	at com.mysql.jdbc.ConnectionImpl.<init>(ConnectionImpl.java:778)
	at com.mysql.jdbc.JDBC4Connection.<init>(JDBC4Connection.java:47)
	at jdk.internal.reflect.GeneratedConstructorAccessor67.newInstance(Unknown Source)
	at java.base/jdk.internal.reflect.DelegatingConstructorAccessorImpl.newInstance(DelegatingConstructorAccessorImpl.java:45)
	at java.base/java.lang.reflect.Constructor.newInstanceWithCaller(Constructor.java:499)
	at java.base/java.lang.reflect.Constructor.newInstance(Constructor.java:480)
	at com.mysql.jdbc.Util.handleNewInstance(Util.java:425)
	at com.mysql.jdbc.ConnectionImpl.getInstance(ConnectionImpl.java:386)
	at com.mysql.jdbc.NonRegisteringDriver.connect(NonRegisteringDriver.java:330)
	at com.alibaba.druid.filter.FilterChainImpl.connection_connect(FilterChainImpl.java:156)
	at com.alibaba.druid.filter.FilterAdapter.connection_connect(FilterAdapter.java:787)
	at com.alibaba.druid.filter.FilterEventAdapter.connection_connect(FilterEventAdapter.java:38)
	at com.alibaba.druid.filter.FilterChainImpl.connection_connect(FilterChainImpl.java:150)
	at com.alibaba.druid.filter.FilterAdapter.connection_connect(FilterAdapter.java:787)
	at com.alibaba.druid.filter.FilterChainImpl.connection_connect(FilterChainImpl.java:150)
	at com.alibaba.druid.filter.stat.StatFilter.connection_connect(StatFilter.java:218)
	at com.alibaba.druid.filter.FilterChainImpl.connection_connect(FilterChainImpl.java:150)
	at com.alibaba.druid.pool.DruidAbstractDataSource.createPhysicalConnection(DruidAbstractDataSource.java:1598)
	at com.alibaba.druid.pool.DruidAbstractDataSource.createPhysicalConnection(DruidAbstractDataSource.java:1662)
	at com.alibaba.druid.pool.DruidDataSource$CreateConnectionThread.run(DruidDataSource.java:2697)
Caused by: java.net.ConnectException: Connection refused
	at java.base/sun.nio.ch.Net.connect0(Native Method)
	at java.base/sun.nio.ch.Net.connect(Net.java:576)
	at java.base/sun.nio.ch.Net.connect(Net.java:565)
	at java.base/sun.nio.ch.NioSocketImpl.connect(NioSocketImpl.java:588)
	at java.base/java.net.SocksSocketImpl.connect(SocksSocketImpl.java:333)
	at java.base/java.net.Socket.connect(Socket.java:645)
	at com.mysql.jdbc.StandardSocketFactory.connect(StandardSocketFactory.java:211)
	at com.mysql.jdbc.MysqlIO.<init>(MysqlIO.java:301)
	... 23 common frames omitted
2021-08-17 17:47:21.593 [main] WARN  o.s.b.w.s.c.AnnotationConfigServletWebServerApplicationContext:557 - Exception encountered during context initialization - cancelling refresh attempt: org.springframework.beans.factory.UnsatisfiedDependencyException: Error creating bean with name 'casClientController': Unsatisfied dependency expressed through field 'sysUserService'; nested exception is org.springframework.beans.factory.UnsatisfiedDependencyException: Error creating bean with name 'sysUserServiceImpl': Unsatisfied dependency expressed through field 'baseMapper'; nested exception is org.springframework.beans.factory.UnsatisfiedDependencyException: Error creating bean with name 'sysUserMapper' defined in file [/Users/felixy/Documents/Lanqu/Codes/platform/teaching-open/api/jeecg-boot-module-system/target/classes/org/jeecg/modules/system/mapper/SysUserMapper.class]: Unsatisfied dependency expressed through bean property 'sqlSessionFactory'; nested exception is org.springframework.beans.factory.BeanCreationException: Error creating bean with name 'sqlSessionFactory' defined in class path resource [com/baomidou/mybatisplus/autoconfigure/MybatisPlusAutoConfiguration.class]: Bean instantiation via factory method failed; nested exception is org.springframework.beans.BeanInstantiationException: Failed to instantiate [org.apache.ibatis.session.SqlSessionFactory]: Factory method 'sqlSessionFactory' threw exception; nested exception is com.baomidou.mybatisplus.core.exceptions.MybatisPlusException: Error: GlobalConfigUtils setMetaData Fail !  Cause:com.alibaba.druid.pool.GetConnectionTimeoutException: wait millis 60004, active 0, maxActive 20, creating 1, createElapseMillis 625, createErrorCount 79
2021-08-17 17:47:21.595 [main] INFO  c.b.dynamic.datasource.DynamicRoutingDataSource:182 - closing dynamicDatasource  ing....
2021-08-17 17:47:21.605 [main] INFO  com.alibaba.druid.pool.DruidDataSource:1948 - {dataSource-1} closing ...
2021-08-17 17:47:21.607 [main] INFO  com.alibaba.druid.pool.DruidDataSource:2020 - {dataSource-1} closed
2021-08-17 17:47:21.630 [main] INFO  org.apache.catalina.core.StandardService:173 - Stopping service [Tomcat]
2021-08-17 17:47:21.700 [main] WARN  org.apache.catalina.loader.WebappClassLoaderBase:173 - The web application [api] appears to have started a thread named [Druid-ConnectionPool-Create-395229891] but has failed to stop it. This is very likely to create a memory leak. Stack trace of thread:
 java.base@16.0.1/sun.nio.ch.FileDispatcherImpl.close0(Native Method)
 java.base@16.0.1/sun.nio.ch.SocketDispatcher.close(SocketDispatcher.java:70)
 java.base@16.0.1/sun.nio.ch.NioSocketImpl.lambda$closerFor$0(NioSocketImpl.java:1203)
 java.base@16.0.1/sun.nio.ch.NioSocketImpl$$Lambda$16/0x0000000800c4cff0.run(Unknown Source)
 java.base@16.0.1/jdk.internal.ref.CleanerImpl$PhantomCleanableRef.performCleanup(CleanerImpl.java:178)
 java.base@16.0.1/jdk.internal.ref.PhantomCleanable.clean(PhantomCleanable.java:133)
 java.base@16.0.1/sun.nio.ch.NioSocketImpl.tryClose(NioSocketImpl.java:854)
 java.base@16.0.1/sun.nio.ch.NioSocketImpl.close(NioSocketImpl.java:906)
 java.base@16.0.1/sun.nio.ch.NioSocketImpl.connect(NioSocketImpl.java:621)
 java.base@16.0.1/java.net.SocksSocketImpl.connect(SocksSocketImpl.java:333)
 java.base@16.0.1/java.net.Socket.connect(Socket.java:645)
 app//com.mysql.jdbc.StandardSocketFactory.connect(StandardSocketFactory.java:211)
 app//com.mysql.jdbc.MysqlIO.<init>(MysqlIO.java:301)
 app//com.mysql.jdbc.ConnectionImpl.coreConnect(ConnectionImpl.java:2197)
 app//com.mysql.jdbc.ConnectionImpl.connectOneTryOnly(ConnectionImpl.java:2230)
 app//com.mysql.jdbc.ConnectionImpl.createNewIO(ConnectionImpl.java:2025)
 app//com.mysql.jdbc.ConnectionImpl.<init>(ConnectionImpl.java:778)
 app//com.mysql.jdbc.JDBC4Connection.<init>(JDBC4Connection.java:47)
 jdk.internal.reflect.GeneratedConstructorAccessor67.newInstance(Unknown Source)
 java.base@16.0.1/jdk.internal.reflect.DelegatingConstructorAccessorImpl.newInstance(DelegatingConstructorAccessorImpl.java:45)
 java.base@16.0.1/java.lang.reflect.Constructor.newInstanceWithCaller(Constructor.java:499)
 java.base@16.0.1/java.lang.reflect.Constructor.newInstance(Constructor.java:480)
 app//com.mysql.jdbc.Util.handleNewInstance(Util.java:425)
 app//com.mysql.jdbc.ConnectionImpl.getInstance(ConnectionImpl.java:386)
 app//com.mysql.jdbc.NonRegisteringDriver.connect(NonRegisteringDriver.java:330)
 app//com.alibaba.druid.filter.FilterChainImpl.connection_connect(FilterChainImpl.java:156)
 app//com.alibaba.druid.filter.FilterAdapter.connection_connect(FilterAdapter.java:787)
 app//com.alibaba.druid.filter.FilterEventAdapter.connection_connect(FilterEventAdapter.java:38)
 app//com.alibaba.druid.filter.FilterChainImpl.connection_connect(FilterChainImpl.java:150)
 app//com.alibaba.druid.filter.FilterAdapter.connection_connect(FilterAdapter.java:787)
 app//com.alibaba.druid.filter.FilterChainImpl.connection_connect(FilterChainImpl.java:150)
 app//com.alibaba.druid.filter.stat.StatFilter.connection_connect(StatFilter.java:218)
 app//com.alibaba.druid.filter.FilterChainImpl.connection_connect(FilterChainImpl.java:150)
 app//com.alibaba.druid.pool.DruidAbstractDataSource.createPhysicalConnection(DruidAbstractDataSource.java:1598)
 app//com.alibaba.druid.pool.DruidAbstractDataSource.createPhysicalConnection(DruidAbstractDataSource.java:1662)
 app//com.alibaba.druid.pool.DruidDataSource$CreateConnectionThread.run(DruidDataSource.java:2697)
2021-08-17 17:47:21.719 [main] INFO  o.s.b.a.l.ConditionEvaluationReportLoggingListener:142 - 

Error starting ApplicationContext. To display the conditions report re-run your application with 'debug' enabled.
2021-08-17 17:47:21.726 [main] ERROR org.springframework.boot.SpringApplication:858 - Application run failed
org.springframework.beans.factory.UnsatisfiedDependencyException: Error creating bean with name 'casClientController': Unsatisfied dependency expressed through field 'sysUserService'; nested exception is org.springframework.beans.factory.UnsatisfiedDependencyException: Error creating bean with name 'sysUserServiceImpl': Unsatisfied dependency expressed through field 'baseMapper'; nested exception is org.springframework.beans.factory.UnsatisfiedDependencyException: Error creating bean with name 'sysUserMapper' defined in file [/Users/felixy/Documents/Lanqu/Codes/platform/teaching-open/api/jeecg-boot-module-system/target/classes/org/jeecg/modules/system/mapper/SysUserMapper.class]: Unsatisfied dependency expressed through bean property 'sqlSessionFactory'; nested exception is org.springframework.beans.factory.BeanCreationException: Error creating bean with name 'sqlSessionFactory' defined in class path resource [com/baomidou/mybatisplus/autoconfigure/MybatisPlusAutoConfiguration.class]: Bean instantiation via factory method failed; nested exception is org.springframework.beans.BeanInstantiationException: Failed to instantiate [org.apache.ibatis.session.SqlSessionFactory]: Factory method 'sqlSessionFactory' threw exception; nested exception is com.baomidou.mybatisplus.core.exceptions.MybatisPlusException: Error: GlobalConfigUtils setMetaData Fail !  Cause:com.alibaba.druid.pool.GetConnectionTimeoutException: wait millis 60004, active 0, maxActive 20, creating 1, createElapseMillis 625, createErrorCount 79
	at org.springframework.beans.factory.annotation.AutowiredAnnotationBeanPostProcessor$AutowiredFieldElement.inject(AutowiredAnnotationBeanPostProcessor.java:596)
	at org.springframework.beans.factory.annotation.InjectionMetadata.inject(InjectionMetadata.java:90)
	at org.springframework.beans.factory.annotation.AutowiredAnnotationBeanPostProcessor.postProcessProperties(AutowiredAnnotationBeanPostProcessor.java:374)
	at org.springframework.beans.factory.support.AbstractAutowireCapableBeanFactory.populateBean(AbstractAutowireCapableBeanFactory.java:1395)
	at org.springframework.beans.factory.support.AbstractAutowireCapableBeanFactory.doCreateBean(AbstractAutowireCapableBeanFactory.java:592)
	at org.springframework.beans.factory.support.AbstractAutowireCapableBeanFactory.createBean(AbstractAutowireCapableBeanFactory.java:515)
	at org.springframework.beans.factory.support.AbstractBeanFactory.lambda$doGetBean$0(AbstractBeanFactory.java:320)
	at org.springframework.beans.factory.support.DefaultSingletonBeanRegistry.getSingleton(DefaultSingletonBeanRegistry.java:222)
	at org.springframework.beans.factory.support.AbstractBeanFactory.doGetBean(AbstractBeanFactory.java:318)
	at org.springframework.beans.factory.support.AbstractBeanFactory.getBean(AbstractBeanFactory.java:199)
	at org.springframework.beans.factory.support.DefaultListableBeanFactory.preInstantiateSingletons(DefaultListableBeanFactory.java:849)
	at org.springframework.context.support.AbstractApplicationContext.finishBeanFactoryInitialization(AbstractApplicationContext.java:877)
	at org.springframework.context.support.AbstractApplicationContext.refresh(AbstractApplicationContext.java:549)
	at org.springframework.boot.web.servlet.context.ServletWebServerApplicationContext.refresh(ServletWebServerApplicationContext.java:142)
	at org.springframework.boot.SpringApplication.refresh(SpringApplication.java:775)
	at org.springframework.boot.SpringApplication.refreshContext(SpringApplication.java:397)
	at org.springframework.boot.SpringApplication.run(SpringApplication.java:316)
	at org.springframework.boot.SpringApplication.run(SpringApplication.java:1260)
	at org.springframework.boot.SpringApplication.run(SpringApplication.java:1248)
	at org.jeecg.JeecgApplication.main(JeecgApplication.java:24)
Caused by: org.springframework.beans.factory.UnsatisfiedDependencyException: Error creating bean with name 'sysUserServiceImpl': Unsatisfied dependency expressed through field 'baseMapper'; nested exception is org.springframework.beans.factory.UnsatisfiedDependencyException: Error creating bean with name 'sysUserMapper' defined in file [/Users/felixy/Documents/Lanqu/Codes/platform/teaching-open/api/jeecg-boot-module-system/target/classes/org/jeecg/modules/system/mapper/SysUserMapper.class]: Unsatisfied dependency expressed through bean property 'sqlSessionFactory'; nested exception is org.springframework.beans.factory.BeanCreationException: Error creating bean with name 'sqlSessionFactory' defined in class path resource [com/baomidou/mybatisplus/autoconfigure/MybatisPlusAutoConfiguration.class]: Bean instantiation via factory method failed; nested exception is org.springframework.beans.BeanInstantiationException: Failed to instantiate [org.apache.ibatis.session.SqlSessionFactory]: Factory method 'sqlSessionFactory' threw exception; nested exception is com.baomidou.mybatisplus.core.exceptions.MybatisPlusException: Error: GlobalConfigUtils setMetaData Fail !  Cause:com.alibaba.druid.pool.GetConnectionTimeoutException: wait millis 60004, active 0, maxActive 20, creating 1, createElapseMillis 625, createErrorCount 79
	at org.springframework.beans.factory.annotation.AutowiredAnnotationBeanPostProcessor$AutowiredFieldElement.inject(AutowiredAnnotationBeanPostProcessor.java:596)
	at org.springframework.beans.factory.annotation.InjectionMetadata.inject(InjectionMetadata.java:90)
	at org.springframework.beans.factory.annotation.AutowiredAnnotationBeanPostProcessor.postProcessProperties(AutowiredAnnotationBeanPostProcessor.java:374)
	at org.springframework.beans.factory.support.AbstractAutowireCapableBeanFactory.populateBean(AbstractAutowireCapableBeanFactory.java:1395)
	at org.springframework.beans.factory.support.AbstractAutowireCapableBeanFactory.doCreateBean(AbstractAutowireCapableBeanFactory.java:592)
	at org.springframework.beans.factory.support.AbstractAutowireCapableBeanFactory.createBean(AbstractAutowireCapableBeanFactory.java:515)
	at org.springframework.beans.factory.support.AbstractBeanFactory.lambda$doGetBean$0(AbstractBeanFactory.java:320)
	at org.springframework.beans.factory.support.DefaultSingletonBeanRegistry.getSingleton(DefaultSingletonBeanRegistry.java:222)
	at org.springframework.beans.factory.support.AbstractBeanFactory.doGetBean(AbstractBeanFactory.java:318)
	at org.springframework.beans.factory.support.AbstractBeanFactory.getBean(AbstractBeanFactory.java:199)
	at org.springframework.beans.factory.config.DependencyDescriptor.resolveCandidate(DependencyDescriptor.java:277)
	at org.springframework.beans.factory.support.DefaultListableBeanFactory.doResolveDependency(DefaultListableBeanFactory.java:1247)
	at org.springframework.beans.factory.support.DefaultListableBeanFactory.resolveDependency(DefaultListableBeanFactory.java:1167)
	at org.springframework.beans.factory.annotation.AutowiredAnnotationBeanPostProcessor$AutowiredFieldElement.inject(AutowiredAnnotationBeanPostProcessor.java:593)
	... 19 common frames omitted
Caused by: org.springframework.beans.factory.UnsatisfiedDependencyException: Error creating bean with name 'sysUserMapper' defined in file [/Users/felixy/Documents/Lanqu/Codes/platform/teaching-open/api/jeecg-boot-module-system/target/classes/org/jeecg/modules/system/mapper/SysUserMapper.class]: Unsatisfied dependency expressed through bean property 'sqlSessionFactory'; nested exception is org.springframework.beans.factory.BeanCreationException: Error creating bean with name 'sqlSessionFactory' defined in class path resource [com/baomidou/mybatisplus/autoconfigure/MybatisPlusAutoConfiguration.class]: Bean instantiation via factory method failed; nested exception is org.springframework.beans.BeanInstantiationException: Failed to instantiate [org.apache.ibatis.session.SqlSessionFactory]: Factory method 'sqlSessionFactory' threw exception; nested exception is com.baomidou.mybatisplus.core.exceptions.MybatisPlusException: Error: GlobalConfigUtils setMetaData Fail !  Cause:com.alibaba.druid.pool.GetConnectionTimeoutException: wait millis 60004, active 0, maxActive 20, creating 1, createElapseMillis 625, createErrorCount 79
	at org.springframework.beans.factory.support.AbstractAutowireCapableBeanFactory.autowireByType(AbstractAutowireCapableBeanFactory.java:1499)
	at org.springframework.beans.factory.support.AbstractAutowireCapableBeanFactory.populateBean(AbstractAutowireCapableBeanFactory.java:1379)
	at org.springframework.beans.factory.support.AbstractAutowireCapableBeanFactory.doCreateBean(AbstractAutowireCapableBeanFactory.java:592)
	at org.springframework.beans.factory.support.AbstractAutowireCapableBeanFactory.createBean(AbstractAutowireCapableBeanFactory.java:515)
	at org.springframework.beans.factory.support.AbstractBeanFactory.lambda$doGetBean$0(AbstractBeanFactory.java:320)
	at org.springframework.beans.factory.support.DefaultSingletonBeanRegistry.getSingleton(DefaultSingletonBeanRegistry.java:222)
	at org.springframework.beans.factory.support.AbstractBeanFactory.doGetBean(AbstractBeanFactory.java:318)
	at org.springframework.beans.factory.support.AbstractBeanFactory.getBean(AbstractBeanFactory.java:199)
	at org.springframework.beans.factory.config.DependencyDescriptor.resolveCandidate(DependencyDescriptor.java:277)
	at org.springframework.beans.factory.support.DefaultListableBeanFactory.doResolveDependency(DefaultListableBeanFactory.java:1247)
	at org.springframework.beans.factory.support.DefaultListableBeanFactory.resolveDependency(DefaultListableBeanFactory.java:1167)
	at org.springframework.beans.factory.annotation.AutowiredAnnotationBeanPostProcessor$AutowiredFieldElement.inject(AutowiredAnnotationBeanPostProcessor.java:593)
	... 32 common frames omitted
Caused by: org.springframework.beans.factory.BeanCreationException: Error creating bean with name 'sqlSessionFactory' defined in class path resource [com/baomidou/mybatisplus/autoconfigure/MybatisPlusAutoConfiguration.class]: Bean instantiation via factory method failed; nested exception is org.springframework.beans.BeanInstantiationException: Failed to instantiate [org.apache.ibatis.session.SqlSessionFactory]: Factory method 'sqlSessionFactory' threw exception; nested exception is com.baomidou.mybatisplus.core.exceptions.MybatisPlusException: Error: GlobalConfigUtils setMetaData Fail !  Cause:com.alibaba.druid.pool.GetConnectionTimeoutException: wait millis 60004, active 0, maxActive 20, creating 1, createElapseMillis 625, createErrorCount 79
	at org.springframework.beans.factory.support.ConstructorResolver.instantiate(ConstructorResolver.java:627)
	at org.springframework.beans.factory.support.ConstructorResolver.instantiateUsingFactoryMethod(ConstructorResolver.java:607)
	at org.springframework.beans.factory.support.AbstractAutowireCapableBeanFactory.instantiateUsingFactoryMethod(AbstractAutowireCapableBeanFactory.java:1305)
	at org.springframework.beans.factory.support.AbstractAutowireCapableBeanFactory.createBeanInstance(AbstractAutowireCapableBeanFactory.java:1144)
	at org.springframework.beans.factory.support.AbstractAutowireCapableBeanFactory.doCreateBean(AbstractAutowireCapableBeanFactory.java:555)
	at org.springframework.beans.factory.support.AbstractAutowireCapableBeanFactory.createBean(AbstractAutowireCapableBeanFactory.java:515)
	at org.springframework.beans.factory.support.AbstractBeanFactory.lambda$doGetBean$0(AbstractBeanFactory.java:320)
	at org.springframework.beans.factory.support.DefaultSingletonBeanRegistry.getSingleton(DefaultSingletonBeanRegistry.java:222)
	at org.springframework.beans.factory.support.AbstractBeanFactory.doGetBean(AbstractBeanFactory.java:318)
	at org.springframework.beans.factory.support.AbstractBeanFactory.getBean(AbstractBeanFactory.java:199)
	at org.springframework.beans.factory.config.DependencyDescriptor.resolveCandidate(DependencyDescriptor.java:277)
	at org.springframework.beans.factory.support.DefaultListableBeanFactory.doResolveDependency(DefaultListableBeanFactory.java:1247)
	at org.springframework.beans.factory.support.DefaultListableBeanFactory.resolveDependency(DefaultListableBeanFactory.java:1167)
	at org.springframework.beans.factory.support.AbstractAutowireCapableBeanFactory.autowireByType(AbstractAutowireCapableBeanFactory.java:1484)
	... 43 common frames omitted
Caused by: org.springframework.beans.BeanInstantiationException: Failed to instantiate [org.apache.ibatis.session.SqlSessionFactory]: Factory method 'sqlSessionFactory' threw exception; nested exception is com.baomidou.mybatisplus.core.exceptions.MybatisPlusException: Error: GlobalConfigUtils setMetaData Fail !  Cause:com.alibaba.druid.pool.GetConnectionTimeoutException: wait millis 60004, active 0, maxActive 20, creating 1, createElapseMillis 625, createErrorCount 79
	at org.springframework.beans.factory.support.SimpleInstantiationStrategy.instantiate(SimpleInstantiationStrategy.java:185)
	at org.springframework.beans.factory.support.ConstructorResolver.instantiate(ConstructorResolver.java:622)
	... 56 common frames omitted
Caused by: com.baomidou.mybatisplus.core.exceptions.MybatisPlusException: Error: GlobalConfigUtils setMetaData Fail !  Cause:com.alibaba.druid.pool.GetConnectionTimeoutException: wait millis 60004, active 0, maxActive 20, creating 1, createElapseMillis 625, createErrorCount 79
	at com.baomidou.mybatisplus.core.toolkit.ExceptionUtils.mpe(ExceptionUtils.java:49)
	at com.baomidou.mybatisplus.extension.spring.MybatisSqlSessionFactoryBean.buildSqlSessionFactory(MybatisSqlSessionFactoryBean.java:483)
	at com.baomidou.mybatisplus.extension.spring.MybatisSqlSessionFactoryBean.afterPropertiesSet(MybatisSqlSessionFactoryBean.java:433)
	at com.baomidou.mybatisplus.extension.spring.MybatisSqlSessionFactoryBean.getObject(MybatisSqlSessionFactoryBean.java:627)
	at com.baomidou.mybatisplus.autoconfigure.MybatisPlusAutoConfiguration.sqlSessionFactory(MybatisPlusAutoConfiguration.java:197)
	at com.baomidou.mybatisplus.autoconfigure.MybatisPlusAutoConfiguration$$EnhancerBySpringCGLIB$$523dba7a.CGLIB$sqlSessionFactory$2(<generated>)
	at com.baomidou.mybatisplus.autoconfigure.MybatisPlusAutoConfiguration$$EnhancerBySpringCGLIB$$523dba7a$$FastClassBySpringCGLIB$$8ca63dbb.invoke(<generated>)
	at org.springframework.cglib.proxy.MethodProxy.invokeSuper(MethodProxy.java:244)
	at org.springframework.context.annotation.ConfigurationClassEnhancer$BeanMethodInterceptor.intercept(ConfigurationClassEnhancer.java:363)
	at com.baomidou.mybatisplus.autoconfigure.MybatisPlusAutoConfiguration$$EnhancerBySpringCGLIB$$523dba7a.sqlSessionFactory(<generated>)
	at java.base/jdk.internal.reflect.NativeMethodAccessorImpl.invoke0(Native Method)
	at java.base/jdk.internal.reflect.NativeMethodAccessorImpl.invoke(NativeMethodAccessorImpl.java:78)
	at java.base/jdk.internal.reflect.DelegatingMethodAccessorImpl.invoke(DelegatingMethodAccessorImpl.java:43)
	at java.base/java.lang.reflect.Method.invoke(Method.java:567)
	at org.springframework.beans.factory.support.SimpleInstantiationStrategy.instantiate(SimpleInstantiationStrategy.java:154)
	... 57 common frames omitted
2021-08-17 17:47:21.959 [Druid-ConnectionPool-Create-395229891] ERROR com.alibaba.druid.pool.DruidDataSource:2699 - create connection SQLException, url: jdbc:mysql://127.0.0.1:3306/teachingopen?characterEncoding=UTF-8&useUnicode=true&useSSL=false&tinyInt1isBit=false, errorCode 0, state 08S01
com.mysql.jdbc.exceptions.jdbc4.CommunicationsException: Communications link failure

The last packet sent successfully to the server was 0 milliseconds ago. The driver has not received any packets from the server.
	at jdk.internal.reflect.GeneratedConstructorAccessor70.newInstance(Unknown Source)
	at java.base/jdk.internal.reflect.DelegatingConstructorAccessorImpl.newInstance(DelegatingConstructorAccessorImpl.java:45)
	at java.base/java.lang.reflect.Constructor.newInstanceWithCaller(Constructor.java:499)
	at java.base/java.lang.reflect.Constructor.newInstance(Constructor.java:480)
	at com.mysql.jdbc.Util.handleNewInstance(Util.java:425)
	at com.mysql.jdbc.SQLError.createCommunicationsException(SQLError.java:990)
	at com.mysql.jdbc.MysqlIO.<init>(MysqlIO.java:342)
	at com.mysql.jdbc.ConnectionImpl.coreConnect(ConnectionImpl.java:2197)
	at com.mysql.jdbc.ConnectionImpl.connectOneTryOnly(ConnectionImpl.java:2230)
	at com.mysql.jdbc.ConnectionImpl.createNewIO(ConnectionImpl.java:2025)
	at com.mysql.jdbc.ConnectionImpl.<init>(ConnectionImpl.java:778)
	at com.mysql.jdbc.JDBC4Connection.<init>(JDBC4Connection.java:47)
	at jdk.internal.reflect.GeneratedConstructorAccessor67.newInstance(Unknown Source)
	at java.base/jdk.internal.reflect.DelegatingConstructorAccessorImpl.newInstance(DelegatingConstructorAccessorImpl.java:45)
	at java.base/java.lang.reflect.Constructor.newInstanceWithCaller(Constructor.java:499)
	at java.base/java.lang.reflect.Constructor.newInstance(Constructor.java:480)
	at com.mysql.jdbc.Util.handleNewInstance(Util.java:425)
	at com.mysql.jdbc.ConnectionImpl.getInstance(ConnectionImpl.java:386)
	at com.mysql.jdbc.NonRegisteringDriver.connect(NonRegisteringDriver.java:330)
	at com.alibaba.druid.filter.FilterChainImpl.connection_connect(FilterChainImpl.java:156)
	at com.alibaba.druid.filter.FilterAdapter.connection_connect(FilterAdapter.java:787)
	at com.alibaba.druid.filter.FilterEventAdapter.connection_connect(FilterEventAdapter.java:38)
	at com.alibaba.druid.filter.FilterChainImpl.connection_connect(FilterChainImpl.java:150)
	at com.alibaba.druid.filter.FilterAdapter.connection_connect(FilterAdapter.java:787)
	at com.alibaba.druid.filter.FilterChainImpl.connection_connect(FilterChainImpl.java:150)
	at com.alibaba.druid.filter.stat.StatFilter.connection_connect(StatFilter.java:218)
	at com.alibaba.druid.filter.FilterChainImpl.connection_connect(FilterChainImpl.java:150)
	at com.alibaba.druid.pool.DruidAbstractDataSource.createPhysicalConnection(DruidAbstractDataSource.java:1598)
	at com.alibaba.druid.pool.DruidAbstractDataSource.createPhysicalConnection(DruidAbstractDataSource.java:1662)
	at com.alibaba.druid.pool.DruidDataSource$CreateConnectionThread.run(DruidDataSource.java:2697)
Caused by: java.net.ConnectException: Connection refused
	at java.base/sun.nio.ch.Net.connect0(Native Method)
	at java.base/sun.nio.ch.Net.connect(Net.java:576)
	at java.base/sun.nio.ch.Net.connect(Net.java:565)
	at java.base/sun.nio.ch.NioSocketImpl.connect(NioSocketImpl.java:588)
	at java.base/java.net.SocksSocketImpl.connect(SocksSocketImpl.java:333)
	at java.base/java.net.Socket.connect(Socket.java:645)
	at com.mysql.jdbc.StandardSocketFactory.connect(StandardSocketFactory.java:211)
	at com.mysql.jdbc.MysqlIO.<init>(MysqlIO.java:301)
	... 23 common frames omitted
